Epoch: [0][0/114]	Time 0.593 (0.593)	Data 0.098 (0.098)	Loss 1.0538 (1.0538)	MAE 1.620 (1.620)
Epoch: [0][1/114]	Time 0.122 (0.357)	Data 0.024 (0.061)	Loss 0.9832 (1.0185)	MAE 1.589 (1.605)
Epoch: [0][2/114]	Time 0.112 (0.276)	Data 0.018 (0.046)	Loss 1.0497 (1.0289)	MAE 1.581 (1.597)
Epoch: [0][3/114]	Time 0.114 (0.235)	Data 0.020 (0.040)	Loss 0.9668 (1.0134)	MAE 1.543 (1.583)
Epoch: [0][4/114]	Time 0.116 (0.211)	Data 0.019 (0.036)	Loss 1.0154 (1.0138)	MAE 1.473 (1.561)
Epoch: [0][5/114]	Time 0.129 (0.197)	Data 0.036 (0.036)	Loss 0.7283 (0.9662)	MAE 1.357 (1.527)
Epoch: [0][6/114]	Time 0.114 (0.186)	Data 0.020 (0.034)	Loss 0.7226 (0.9314)	MAE 1.285 (1.493)
Epoch: [0][7/114]	Time 0.117 (0.177)	Data 0.026 (0.033)	Loss 0.6962 (0.9020)	MAE 1.276 (1.466)
Epoch: [0][8/114]	Time 0.119 (0.171)	Data 0.024 (0.032)	Loss 0.7288 (0.8828)	MAE 1.260 (1.443)
Epoch: [0][9/114]	Time 0.114 (0.165)	Data 0.021 (0.031)	Loss 0.7236 (0.8668)	MAE 1.273 (1.426)
Epoch: [0][10/114]	Time 0.120 (0.161)	Data 0.024 (0.030)	Loss 0.5768 (0.8405)	MAE 1.144 (1.400)
Epoch: [0][11/114]	Time 0.119 (0.157)	Data 0.028 (0.030)	Loss 0.5562 (0.8168)	MAE 1.097 (1.375)
Epoch: [0][12/114]	Time 0.107 (0.153)	Data 0.017 (0.029)	Loss 0.5424 (0.7957)	MAE 1.062 (1.351)
Epoch: [0][13/114]	Time 0.120 (0.151)	Data 0.027 (0.029)	Loss 0.4621 (0.7719)	MAE 0.977 (1.324)
Epoch: [0][14/114]	Time 0.110 (0.148)	Data 0.017 (0.028)	Loss 0.5155 (0.7548)	MAE 1.032 (1.305)
Epoch: [0][15/114]	Time 0.122 (0.147)	Data 0.021 (0.027)	Loss 0.5079 (0.7393)	MAE 1.052 (1.289)
Epoch: [0][16/114]	Time 0.161 (0.148)	Data 0.043 (0.028)	Loss 0.4817 (0.7242)	MAE 1.000 (1.272)
Epoch: [0][17/114]	Time 0.115 (0.146)	Data 0.020 (0.028)	Loss 0.5290 (0.7133)	MAE 1.009 (1.257)
Epoch: [0][18/114]	Time 0.113 (0.144)	Data 0.018 (0.027)	Loss 0.4350 (0.6987)	MAE 0.921 (1.240)
Epoch: [0][19/114]	Time 0.124 (0.143)	Data 0.028 (0.027)	Loss 0.3791 (0.6827)	MAE 0.870 (1.221)
Epoch: [0][20/114]	Time 0.111 (0.141)	Data 0.022 (0.027)	Loss 0.4313 (0.6707)	MAE 0.928 (1.207)
Epoch: [0][21/114]	Time 0.118 (0.140)	Data 0.027 (0.027)	Loss 0.4357 (0.6600)	MAE 0.969 (1.196)
Epoch: [0][22/114]	Time 0.115 (0.139)	Data 0.020 (0.027)	Loss 0.3851 (0.6481)	MAE 0.876 (1.182)
Epoch: [0][23/114]	Time 0.124 (0.139)	Data 0.027 (0.027)	Loss 0.4141 (0.6383)	MAE 0.922 (1.172)
Epoch: [0][24/114]	Time 0.120 (0.138)	Data 0.023 (0.027)	Loss 0.4291 (0.6300)	MAE 0.937 (1.162)
Epoch: [0][25/114]	Time 0.114 (0.137)	Data 0.020 (0.026)	Loss 0.3356 (0.6187)	MAE 0.842 (1.150)
Epoch: [0][26/114]	Time 0.112 (0.136)	Data 0.017 (0.026)	Loss 0.3186 (0.6075)	MAE 0.831 (1.138)
Epoch: [0][27/114]	Time 0.114 (0.135)	Data 0.022 (0.026)	Loss 0.3125 (0.5970)	MAE 0.794 (1.126)
Epoch: [0][28/114]	Time 0.117 (0.135)	Data 0.023 (0.026)	Loss 0.3625 (0.5889)	MAE 0.848 (1.116)
Epoch: [0][29/114]	Time 0.123 (0.134)	Data 0.024 (0.026)	Loss 0.2991 (0.5793)	MAE 0.774 (1.105)
Epoch: [0][30/114]	Time 0.114 (0.134)	Data 0.021 (0.026)	Loss 0.3313 (0.5713)	MAE 0.829 (1.096)
Epoch: [0][31/114]	Time 0.117 (0.133)	Data 0.024 (0.026)	Loss 0.3283 (0.5637)	MAE 0.818 (1.087)
Epoch: [0][32/114]	Time 0.108 (0.132)	Data 0.018 (0.025)	Loss 0.2949 (0.5555)	MAE 0.768 (1.078)
Epoch: [0][33/114]	Time 0.119 (0.132)	Data 0.024 (0.025)	Loss 0.3339 (0.5490)	MAE 0.802 (1.069)
Epoch: [0][34/114]	Time 0.125 (0.132)	Data 0.021 (0.025)	Loss 0.2791 (0.5413)	MAE 0.728 (1.060)
Epoch: [0][35/114]	Time 0.122 (0.131)	Data 0.025 (0.025)	Loss 0.3146 (0.5350)	MAE 0.815 (1.053)
Epoch: [0][36/114]	Time 0.121 (0.131)	Data 0.023 (0.025)	Loss 0.3200 (0.5292)	MAE 0.815 (1.046)
Epoch: [0][37/114]	Time 0.114 (0.131)	Data 0.024 (0.025)	Loss 0.2807 (0.5226)	MAE 0.803 (1.040)
Epoch: [0][38/114]	Time 0.111 (0.130)	Data 0.016 (0.025)	Loss 0.3890 (0.5192)	MAE 0.864 (1.036)
Epoch: [0][39/114]	Time 0.119 (0.130)	Data 0.025 (0.025)	Loss 0.2623 (0.5128)	MAE 0.719 (1.028)
Epoch: [0][40/114]	Time 0.108 (0.129)	Data 0.018 (0.025)	Loss 0.2759 (0.5070)	MAE 0.744 (1.021)
Epoch: [0][41/114]	Time 0.119 (0.129)	Data 0.023 (0.025)	Loss 0.3523 (0.5033)	MAE 0.848 (1.017)
Epoch: [0][42/114]	Time 0.115 (0.129)	Data 0.023 (0.025)	Loss 0.2756 (0.4980)	MAE 0.717 (1.010)
Epoch: [0][43/114]	Time 0.112 (0.128)	Data 0.022 (0.025)	Loss 0.2572 (0.4926)	MAE 0.707 (1.003)
Epoch: [0][44/114]	Time 0.106 (0.128)	Data 0.017 (0.024)	Loss 0.3244 (0.4888)	MAE 0.792 (0.998)
Epoch: [0][45/114]	Time 0.112 (0.128)	Data 0.020 (0.024)	Loss 0.2613 (0.4839)	MAE 0.748 (0.993)
Epoch: [0][46/114]	Time 0.115 (0.127)	Data 0.018 (0.024)	Loss 0.1842 (0.4775)	MAE 0.630 (0.985)
Epoch: [0][47/114]	Time 0.121 (0.127)	Data 0.026 (0.024)	Loss 0.2825 (0.4734)	MAE 0.749 (0.980)
Epoch: [0][48/114]	Time 0.119 (0.127)	Data 0.026 (0.024)	Loss 0.2388 (0.4687)	MAE 0.663 (0.974)
Epoch: [0][49/114]	Time 0.121 (0.127)	Data 0.023 (0.024)	Loss 0.2289 (0.4639)	MAE 0.666 (0.967)
Epoch: [0][50/114]	Time 0.111 (0.127)	Data 0.016 (0.024)	Loss 0.2782 (0.4602)	MAE 0.723 (0.963)
Epoch: [0][51/114]	Time 0.117 (0.126)	Data 0.024 (0.024)	Loss 0.2780 (0.4567)	MAE 0.725 (0.958)
Epoch: [0][52/114]	Time 0.117 (0.126)	Data 0.023 (0.024)	Loss 0.2635 (0.4531)	MAE 0.699 (0.953)
Epoch: [0][53/114]	Time 0.119 (0.126)	Data 0.022 (0.024)	Loss 0.2563 (0.4494)	MAE 0.706 (0.949)
Epoch: [0][54/114]	Time 0.118 (0.126)	Data 0.023 (0.024)	Loss 0.2684 (0.4461)	MAE 0.697 (0.944)
Epoch: [0][55/114]	Time 0.123 (0.126)	Data 0.026 (0.024)	Loss 0.2678 (0.4430)	MAE 0.753 (0.941)
Epoch: [0][56/114]	Time 0.111 (0.126)	Data 0.019 (0.024)	Loss 0.2414 (0.4394)	MAE 0.714 (0.937)
Epoch: [0][57/114]	Time 0.113 (0.125)	Data 0.021 (0.024)	Loss 0.2835 (0.4367)	MAE 0.723 (0.933)
Epoch: [0][58/114]	Time 0.102 (0.125)	Data 0.015 (0.024)	Loss 0.2703 (0.4339)	MAE 0.770 (0.930)
Epoch: [0][59/114]	Time 0.119 (0.125)	Data 0.025 (0.024)	Loss 0.2084 (0.4301)	MAE 0.643 (0.925)
Epoch: [0][60/114]	Time 0.113 (0.125)	Data 0.018 (0.024)	Loss 0.2733 (0.4276)	MAE 0.700 (0.922)
Epoch: [0][61/114]	Time 0.119 (0.125)	Data 0.026 (0.024)	Loss 0.2625 (0.4249)	MAE 0.745 (0.919)
Epoch: [0][62/114]	Time 0.116 (0.125)	Data 0.022 (0.024)	Loss 0.2648 (0.4224)	MAE 0.800 (0.917)
Epoch: [0][63/114]	Time 0.114 (0.124)	Data 0.023 (0.024)	Loss 0.2668 (0.4199)	MAE 0.689 (0.913)
Epoch: [0][64/114]	Time 0.111 (0.124)	Data 0.019 (0.024)	Loss 0.2433 (0.4172)	MAE 0.690 (0.910)
Epoch: [0][65/114]	Time 0.117 (0.124)	Data 0.024 (0.024)	Loss 0.2329 (0.4144)	MAE 0.688 (0.907)
Epoch: [0][66/114]	Time 0.113 (0.124)	Data 0.021 (0.024)	Loss 0.2494 (0.4120)	MAE 0.689 (0.903)
Epoch: [0][67/114]	Time 0.117 (0.124)	Data 0.022 (0.024)	Loss 0.2703 (0.4099)	MAE 0.713 (0.901)
Epoch: [0][68/114]	Time 0.108 (0.124)	Data 0.015 (0.023)	Loss 0.2115 (0.4070)	MAE 0.704 (0.898)
Epoch: [0][69/114]	Time 0.119 (0.123)	Data 0.026 (0.023)	Loss 0.2338 (0.4045)	MAE 0.709 (0.895)
Epoch: [0][70/114]	Time 0.109 (0.123)	Data 0.018 (0.023)	Loss 0.3371 (0.4036)	MAE 0.767 (0.893)
Epoch: [0][71/114]	Time 0.118 (0.123)	Data 0.023 (0.023)	Loss 0.2612 (0.4016)	MAE 0.745 (0.891)
Epoch: [0][72/114]	Time 0.113 (0.123)	Data 0.019 (0.023)	Loss 0.2441 (0.3995)	MAE 0.692 (0.888)
Epoch: [0][73/114]	Time 0.131 (0.123)	Data 0.035 (0.023)	Loss 0.3083 (0.3982)	MAE 0.790 (0.887)
Epoch: [0][74/114]	Time 0.117 (0.123)	Data 0.021 (0.023)	Loss 0.2586 (0.3964)	MAE 0.744 (0.885)
Epoch: [0][75/114]	Time 0.128 (0.123)	Data 0.030 (0.024)	Loss 0.2131 (0.3939)	MAE 0.718 (0.883)
Epoch: [0][76/114]	Time 0.111 (0.123)	Data 0.018 (0.023)	Loss 0.2383 (0.3919)	MAE 0.697 (0.881)
Epoch: [0][77/114]	Time 0.120 (0.123)	Data 0.027 (0.023)	Loss 0.2736 (0.3904)	MAE 0.749 (0.879)
Epoch: [0][78/114]	Time 0.115 (0.123)	Data 0.016 (0.023)	Loss 0.2361 (0.3885)	MAE 0.703 (0.877)
Epoch: [0][79/114]	Time 0.121 (0.123)	Data 0.027 (0.023)	Loss 0.2986 (0.3873)	MAE 0.798 (0.876)
Epoch: [0][80/114]	Time 0.117 (0.123)	Data 0.017 (0.023)	Loss 0.2784 (0.3860)	MAE 0.732 (0.874)
Epoch: [0][81/114]	Time 0.119 (0.123)	Data 0.028 (0.023)	Loss 0.2055 (0.3838)	MAE 0.640 (0.871)
Epoch: [0][82/114]	Time 0.110 (0.123)	Data 0.018 (0.023)	Loss 0.2572 (0.3823)	MAE 0.738 (0.869)
Epoch: [0][83/114]	Time 0.113 (0.122)	Data 0.021 (0.023)	Loss 0.2319 (0.3805)	MAE 0.680 (0.867)
Epoch: [0][84/114]	Time 0.109 (0.122)	Data 0.016 (0.023)	Loss 0.2928 (0.3794)	MAE 0.711 (0.865)
Epoch: [0][85/114]	Time 0.123 (0.122)	Data 0.024 (0.023)	Loss 0.1816 (0.3771)	MAE 0.631 (0.863)
Epoch: [0][86/114]	Time 0.114 (0.122)	Data 0.018 (0.023)	Loss 0.3069 (0.3763)	MAE 0.841 (0.862)
Epoch: [0][87/114]	Time 0.116 (0.122)	Data 0.023 (0.023)	Loss 0.1989 (0.3743)	MAE 0.672 (0.860)
Epoch: [0][88/114]	Time 0.110 (0.122)	Data 0.019 (0.023)	Loss 0.2297 (0.3727)	MAE 0.636 (0.858)
Epoch: [0][89/114]	Time 0.120 (0.122)	Data 0.024 (0.023)	Loss 0.2041 (0.3708)	MAE 0.629 (0.855)
Epoch: [0][90/114]	Time 0.492 (0.126)	Data 0.393 (0.027)	Loss 0.2313 (0.3693)	MAE 0.687 (0.853)
Epoch: [0][91/114]	Time 0.113 (0.126)	Data 0.022 (0.027)	Loss 0.2042 (0.3675)	MAE 0.621 (0.851)
Epoch: [0][92/114]	Time 0.123 (0.126)	Data 0.026 (0.027)	Loss 0.1934 (0.3656)	MAE 0.652 (0.849)
Epoch: [0][93/114]	Time 0.107 (0.126)	Data 0.016 (0.027)	Loss 0.2393 (0.3643)	MAE 0.672 (0.847)
Epoch: [0][94/114]	Time 0.121 (0.126)	Data 0.025 (0.027)	Loss 0.2221 (0.3628)	MAE 0.654 (0.845)
Epoch: [0][95/114]	Time 0.111 (0.125)	Data 0.015 (0.027)	Loss 0.1810 (0.3609)	MAE 0.620 (0.842)
Epoch: [0][96/114]	Time 0.123 (0.125)	Data 0.025 (0.027)	Loss 0.2376 (0.3596)	MAE 0.683 (0.841)
Epoch: [0][97/114]	Time 0.107 (0.125)	Data 0.015 (0.027)	Loss 0.1638 (0.3576)	MAE 0.571 (0.838)
Epoch: [0][98/114]	Time 0.113 (0.125)	Data 0.021 (0.027)	Loss 0.2282 (0.3563)	MAE 0.663 (0.836)
Epoch: [0][99/114]	Time 0.108 (0.125)	Data 0.017 (0.027)	Loss 0.1900 (0.3546)	MAE 0.580 (0.834)
Epoch: [0][100/114]	Time 0.109 (0.125)	Data 0.020 (0.027)	Loss 0.2066 (0.3532)	MAE 0.652 (0.832)
Epoch: [0][101/114]	Time 0.111 (0.125)	Data 0.018 (0.026)	Loss 0.2424 (0.3521)	MAE 0.680 (0.830)
Epoch: [0][102/114]	Time 0.120 (0.125)	Data 0.028 (0.026)	Loss 0.2163 (0.3508)	MAE 0.660 (0.829)
Epoch: [0][103/114]	Time 0.115 (0.125)	Data 0.019 (0.026)	Loss 0.2065 (0.3494)	MAE 0.612 (0.827)
Epoch: [0][104/114]	Time 0.111 (0.124)	Data 0.020 (0.026)	Loss 0.1974 (0.3479)	MAE 0.625 (0.825)
Epoch: [0][105/114]	Time 0.112 (0.124)	Data 0.016 (0.026)	Loss 0.2087 (0.3466)	MAE 0.627 (0.823)
Epoch: [0][106/114]	Time 0.122 (0.124)	Data 0.026 (0.026)	Loss 0.2062 (0.3453)	MAE 0.601 (0.821)
Epoch: [0][107/114]	Time 0.109 (0.124)	Data 0.018 (0.026)	Loss 0.2276 (0.3442)	MAE 0.673 (0.819)
Epoch: [0][108/114]	Time 0.115 (0.124)	Data 0.023 (0.026)	Loss 0.1877 (0.3428)	MAE 0.606 (0.817)
Epoch: [0][109/114]	Time 0.121 (0.124)	Data 0.025 (0.026)	Loss 0.1891 (0.3414)	MAE 0.609 (0.816)
Epoch: [0][110/114]	Time 0.114 (0.124)	Data 0.021 (0.026)	Loss 0.1994 (0.3401)	MAE 0.633 (0.814)
Epoch: [0][111/114]	Time 0.111 (0.124)	Data 0.017 (0.026)	Loss 0.2019 (0.3389)	MAE 0.628 (0.812)
Epoch: [0][112/114]	Time 0.115 (0.124)	Data 0.018 (0.026)	Loss 0.1581 (0.3373)	MAE 0.558 (0.810)
Epoch: [0][113/114]	Time 0.089 (0.123)	Data 0.026 (0.026)	Loss 0.1503 (0.3363)	MAE 0.570 (0.809)
Test: [0/15]	Time 0.057 (0.057)	Loss 0.1990 (0.1990)	MAE 0.638 (0.638)
Test: [1/15]	Time 0.048 (0.052)	Loss 0.1985 (0.1988)	MAE 0.648 (0.643)
Test: [2/15]	Time 0.046 (0.050)	Loss 0.1843 (0.1940)	MAE 0.628 (0.638)
Test: [3/15]	Time 0.053 (0.051)	Loss 0.2109 (0.1982)	MAE 0.637 (0.638)
Test: [4/15]	Time 0.053 (0.051)	Loss 0.1569 (0.1899)	MAE 0.589 (0.628)
Test: [5/15]	Time 0.052 (0.051)	Loss 0.2281 (0.1963)	MAE 0.681 (0.637)
Test: [6/15]	Time 0.046 (0.051)	Loss 0.1735 (0.1931)	MAE 0.616 (0.634)
Test: [7/15]	Time 0.046 (0.050)	Loss 0.2149 (0.1958)	MAE 0.652 (0.636)
Test: [8/15]	Time 0.046 (0.050)	Loss 0.1803 (0.1941)	MAE 0.620 (0.634)
Test: [9/15]	Time 0.045 (0.049)	Loss 0.2102 (0.1957)	MAE 0.669 (0.638)
Test: [10/15]	Time 0.050 (0.049)	Loss 0.2257 (0.1984)	MAE 0.690 (0.643)
Test: [11/15]	Time 0.048 (0.049)	Loss 0.1851 (0.1973)	MAE 0.615 (0.640)
Test: [12/15]	Time 0.052 (0.049)	Loss 0.1846 (0.1963)	MAE 0.604 (0.638)
Test: [13/15]	Time 0.050 (0.049)	Loss 0.2040 (0.1969)	MAE 0.643 (0.638)
Test: [14/15]	Time 0.016 (0.047)	Loss 0.2257 (0.1973)	MAE 0.664 (0.638)
 * MAE 0.638
Epoch: [1][0/114]	Time 0.157 (0.157)	Data 0.059 (0.059)	Loss 0.1970 (0.1970)	MAE 0.652 (0.652)
Epoch: [1][1/114]	Time 0.118 (0.138)	Data 0.022 (0.041)	Loss 0.1816 (0.1893)	MAE 0.619 (0.635)
Epoch: [1][2/114]	Time 0.111 (0.129)	Data 0.019 (0.033)	Loss 0.1708 (0.1831)	MAE 0.571 (0.614)
Epoch: [1][3/114]	Time 0.115 (0.125)	Data 0.019 (0.030)	Loss 0.2207 (0.1925)	MAE 0.600 (0.610)
Epoch: [1][4/114]	Time 0.108 (0.122)	Data 0.017 (0.027)	Loss 0.2540 (0.2048)	MAE 0.730 (0.634)
Epoch: [1][5/114]	Time 0.112 (0.120)	Data 0.021 (0.026)	Loss 0.2316 (0.2093)	MAE 0.674 (0.641)
Epoch: [1][6/114]	Time 0.110 (0.119)	Data 0.017 (0.025)	Loss 0.1552 (0.2016)	MAE 0.559 (0.629)
Epoch: [1][7/114]	Time 0.110 (0.118)	Data 0.020 (0.024)	Loss 0.2669 (0.2097)	MAE 0.768 (0.647)
Epoch: [1][8/114]	Time 0.131 (0.119)	Data 0.032 (0.025)	Loss 0.2891 (0.2185)	MAE 0.862 (0.670)
Epoch: [1][9/114]	Time 0.116 (0.119)	Data 0.023 (0.025)	Loss 0.1875 (0.2154)	MAE 0.627 (0.666)
Epoch: [1][10/114]	Time 0.114 (0.119)	Data 0.018 (0.024)	Loss 0.1837 (0.2126)	MAE 0.595 (0.660)
Epoch: [1][11/114]	Time 0.111 (0.118)	Data 0.019 (0.024)	Loss 0.2174 (0.2130)	MAE 0.712 (0.664)
Epoch: [1][12/114]	Time 0.111 (0.117)	Data 0.019 (0.024)	Loss 0.1931 (0.2114)	MAE 0.624 (0.661)
Epoch: [1][13/114]	Time 0.120 (0.118)	Data 0.020 (0.023)	Loss 0.1764 (0.2089)	MAE 0.557 (0.653)
Epoch: [1][14/114]	Time 0.107 (0.117)	Data 0.014 (0.023)	Loss 0.1667 (0.2061)	MAE 0.568 (0.648)
Epoch: [1][15/114]	Time 0.114 (0.117)	Data 0.021 (0.023)	Loss 0.1864 (0.2049)	MAE 0.632 (0.647)
Epoch: [1][16/114]	Time 0.120 (0.117)	Data 0.026 (0.023)	Loss 0.1883 (0.2039)	MAE 0.593 (0.644)
Epoch: [1][17/114]	Time 0.118 (0.117)	Data 0.022 (0.023)	Loss 0.1702 (0.2020)	MAE 0.577 (0.640)
Epoch: [1][18/114]	Time 0.111 (0.117)	Data 0.016 (0.022)	Loss 0.1888 (0.2013)	MAE 0.620 (0.639)
Epoch: [1][19/114]	Time 0.129 (0.117)	Data 0.017 (0.022)	Loss 0.1827 (0.2004)	MAE 0.595 (0.637)
Epoch: [1][20/114]	Time 0.105 (0.117)	Data 0.013 (0.022)	Loss 0.1694 (0.1989)	MAE 0.577 (0.634)
Epoch: [1][21/114]	Time 0.116 (0.117)	Data 0.021 (0.022)	Loss 0.1959 (0.1988)	MAE 0.600 (0.632)
Epoch: [1][22/114]	Time 0.111 (0.116)	Data 0.014 (0.021)	Loss 0.1774 (0.1979)	MAE 0.574 (0.630)
Epoch: [1][23/114]	Time 0.116 (0.116)	Data 0.024 (0.021)	Loss 0.1629 (0.1964)	MAE 0.559 (0.627)
Epoch: [1][24/114]	Time 0.112 (0.116)	Data 0.017 (0.021)	Loss 0.1851 (0.1960)	MAE 0.601 (0.626)
Epoch: [1][25/114]	Time 0.119 (0.116)	Data 0.022 (0.021)	Loss 0.1873 (0.1956)	MAE 0.570 (0.624)
Epoch: [1][26/114]	Time 0.105 (0.116)	Data 0.013 (0.021)	Loss 0.1732 (0.1948)	MAE 0.558 (0.621)
Epoch: [1][27/114]	Time 0.118 (0.116)	Data 0.020 (0.021)	Loss 0.1573 (0.1934)	MAE 0.546 (0.619)
Epoch: [1][28/114]	Time 0.128 (0.116)	Data 0.027 (0.021)	Loss 0.1698 (0.1926)	MAE 0.568 (0.617)
Epoch: [1][29/114]	Time 0.113 (0.116)	Data 0.021 (0.021)	Loss 0.1487 (0.1912)	MAE 0.520 (0.614)
Epoch: [1][30/114]	Time 0.109 (0.116)	Data 0.017 (0.021)	Loss 0.2255 (0.1923)	MAE 0.656 (0.615)
Epoch: [1][31/114]	Time 0.108 (0.116)	Data 0.021 (0.021)	Loss 0.1570 (0.1912)	MAE 0.553 (0.613)
Epoch: [1][32/114]	Time 0.112 (0.116)	Data 0.018 (0.021)	Loss 0.1978 (0.1914)	MAE 0.610 (0.613)
Epoch: [1][33/114]	Time 0.117 (0.116)	Data 0.024 (0.021)	Loss 0.2420 (0.1929)	MAE 0.648 (0.614)
Epoch: [1][34/114]	Time 0.105 (0.115)	Data 0.017 (0.021)	Loss 0.1924 (0.1929)	MAE 0.600 (0.613)
Epoch: [1][35/114]	Time 0.118 (0.115)	Data 0.022 (0.021)	Loss 0.2043 (0.1932)	MAE 0.611 (0.613)
Epoch: [1][36/114]	Time 0.107 (0.115)	Data 0.015 (0.021)	Loss 0.1971 (0.1933)	MAE 0.615 (0.613)
Epoch: [1][37/114]	Time 0.109 (0.115)	Data 0.018 (0.021)	Loss 0.1406 (0.1919)	MAE 0.520 (0.611)
Epoch: [1][38/114]	Time 0.109 (0.115)	Data 0.015 (0.021)	Loss 0.1507 (0.1908)	MAE 0.515 (0.609)
Epoch: [1][39/114]	Time 0.119 (0.115)	Data 0.026 (0.021)	Loss 0.1769 (0.1905)	MAE 0.623 (0.609)
Epoch: [1][40/114]	Time 0.110 (0.115)	Data 0.019 (0.021)	Loss 0.1605 (0.1898)	MAE 0.529 (0.607)
Epoch: [1][41/114]	Time 0.115 (0.115)	Data 0.022 (0.021)	Loss 0.1553 (0.1889)	MAE 0.529 (0.605)
Epoch: [1][42/114]	Time 0.113 (0.115)	Data 0.017 (0.021)	Loss 0.1586 (0.1882)	MAE 0.551 (0.604)
Epoch: [1][43/114]	Time 0.109 (0.115)	Data 0.017 (0.021)	Loss 0.2062 (0.1886)	MAE 0.614 (0.604)
Epoch: [1][44/114]	Time 0.107 (0.115)	Data 0.016 (0.020)	Loss 0.2738 (0.1905)	MAE 0.566 (0.603)
Epoch: [1][45/114]	Time 0.116 (0.115)	Data 0.020 (0.020)	Loss 0.1962 (0.1907)	MAE 0.568 (0.602)
Epoch: [1][46/114]	Time 0.117 (0.115)	Data 0.021 (0.020)	Loss 0.1753 (0.1903)	MAE 0.553 (0.601)
Epoch: [1][47/114]	Time 0.116 (0.115)	Data 0.024 (0.020)	Loss 0.1677 (0.1899)	MAE 0.566 (0.601)
Epoch: [1][48/114]	Time 0.119 (0.115)	Data 0.026 (0.021)	Loss 0.1935 (0.1899)	MAE 0.609 (0.601)
Epoch: [1][49/114]	Time 0.117 (0.115)	Data 0.023 (0.021)	Loss 0.1660 (0.1894)	MAE 0.587 (0.601)
Epoch: [1][50/114]	Time 0.101 (0.115)	Data 0.012 (0.020)	Loss 0.1601 (0.1889)	MAE 0.540 (0.599)
Epoch: [1][51/114]	Time 0.117 (0.115)	Data 0.025 (0.021)	Loss 0.1433 (0.1880)	MAE 0.528 (0.598)
Epoch: [1][52/114]	Time 0.117 (0.115)	Data 0.017 (0.020)	Loss 0.1505 (0.1873)	MAE 0.531 (0.597)
Epoch: [1][53/114]	Time 0.116 (0.115)	Data 0.026 (0.021)	Loss 0.1380 (0.1864)	MAE 0.533 (0.596)
Epoch: [1][54/114]	Time 0.106 (0.114)	Data 0.017 (0.021)	Loss 0.1393 (0.1855)	MAE 0.490 (0.594)
Epoch: [1][55/114]	Time 0.117 (0.115)	Data 0.021 (0.021)	Loss 0.1957 (0.1857)	MAE 0.580 (0.593)
Epoch: [1][56/114]	Time 0.106 (0.114)	Data 0.014 (0.020)	Loss 0.1891 (0.1858)	MAE 0.587 (0.593)
Epoch: [1][57/114]	Time 0.110 (0.114)	Data 0.021 (0.020)	Loss 0.1636 (0.1854)	MAE 0.548 (0.592)
Epoch: [1][58/114]	Time 0.119 (0.114)	Data 0.022 (0.020)	Loss 0.1762 (0.1852)	MAE 0.586 (0.592)
Epoch: [1][59/114]	Time 0.119 (0.114)	Data 0.026 (0.021)	Loss 0.1586 (0.1848)	MAE 0.540 (0.592)
Epoch: [1][60/114]	Time 0.109 (0.114)	Data 0.018 (0.021)	Loss 0.1715 (0.1846)	MAE 0.570 (0.591)
Epoch: [1][61/114]	Time 0.126 (0.115)	Data 0.028 (0.021)	Loss 0.1528 (0.1841)	MAE 0.518 (0.590)
Epoch: [1][62/114]	Time 0.115 (0.115)	Data 0.021 (0.021)	Loss 0.1896 (0.1841)	MAE 0.568 (0.590)
Epoch: [1][63/114]	Time 0.117 (0.115)	Data 0.025 (0.021)	Loss 0.1652 (0.1838)	MAE 0.564 (0.589)
Epoch: [1][64/114]	Time 0.115 (0.115)	Data 0.019 (0.021)	Loss 0.1572 (0.1834)	MAE 0.543 (0.589)
Epoch: [1][65/114]	Time 0.110 (0.115)	Data 0.019 (0.021)	Loss 0.1500 (0.1829)	MAE 0.516 (0.587)
Epoch: [1][66/114]	Time 0.111 (0.114)	Data 0.017 (0.021)	Loss 0.1660 (0.1827)	MAE 0.535 (0.587)
Epoch: [1][67/114]	Time 0.114 (0.114)	Data 0.019 (0.021)	Loss 0.1625 (0.1824)	MAE 0.546 (0.586)
Epoch: [1][68/114]	Time 0.111 (0.114)	Data 0.014 (0.020)	Loss 0.1660 (0.1821)	MAE 0.560 (0.586)
Epoch: [1][69/114]	Time 0.111 (0.114)	Data 0.021 (0.020)	Loss 0.2084 (0.1825)	MAE 0.621 (0.586)
Epoch: [1][70/114]	Time 0.105 (0.114)	Data 0.012 (0.020)	Loss 0.1319 (0.1818)	MAE 0.508 (0.585)
Epoch: [1][71/114]	Time 0.119 (0.114)	Data 0.020 (0.020)	Loss 0.1641 (0.1816)	MAE 0.530 (0.584)
Epoch: [1][72/114]	Time 0.112 (0.114)	Data 0.020 (0.020)	Loss 0.1437 (0.1810)	MAE 0.516 (0.583)
Epoch: [1][73/114]	Time 0.113 (0.114)	Data 0.021 (0.020)	Loss 0.1561 (0.1807)	MAE 0.550 (0.583)
Epoch: [1][74/114]	Time 0.101 (0.114)	Data 0.015 (0.020)	Loss 0.1379 (0.1801)	MAE 0.532 (0.582)
Epoch: [1][75/114]	Time 0.114 (0.114)	Data 0.020 (0.020)	Loss 0.1778 (0.1801)	MAE 0.558 (0.582)
Epoch: [1][76/114]	Time 0.110 (0.114)	Data 0.020 (0.020)	Loss 0.1525 (0.1797)	MAE 0.538 (0.581)
Epoch: [1][77/114]	Time 0.109 (0.114)	Data 0.019 (0.020)	Loss 0.1345 (0.1792)	MAE 0.484 (0.580)
Epoch: [1][78/114]	Time 0.118 (0.114)	Data 0.023 (0.020)	Loss 0.1612 (0.1789)	MAE 0.547 (0.580)
Epoch: [1][79/114]	Time 0.113 (0.114)	Data 0.019 (0.020)	Loss 0.2116 (0.1793)	MAE 0.607 (0.580)
Epoch: [1][80/114]	Time 0.109 (0.114)	Data 0.013 (0.020)	Loss 0.1670 (0.1792)	MAE 0.541 (0.580)
Epoch: [1][81/114]	Time 0.111 (0.114)	Data 0.016 (0.020)	Loss 0.1745 (0.1791)	MAE 0.547 (0.579)
Epoch: [1][82/114]	Time 0.102 (0.114)	Data 0.013 (0.020)	Loss 0.1499 (0.1788)	MAE 0.528 (0.579)
Epoch: [1][83/114]	Time 0.112 (0.114)	Data 0.021 (0.020)	Loss 0.1879 (0.1789)	MAE 0.615 (0.579)
Epoch: [1][84/114]	Time 0.112 (0.114)	Data 0.018 (0.020)	Loss 0.1898 (0.1790)	MAE 0.605 (0.579)
Epoch: [1][85/114]	Time 0.115 (0.114)	Data 0.019 (0.020)	Loss 0.1367 (0.1785)	MAE 0.500 (0.578)
Epoch: [1][86/114]	Time 0.112 (0.114)	Data 0.015 (0.020)	Loss 0.1211 (0.1779)	MAE 0.497 (0.577)
Epoch: [1][87/114]	Time 0.117 (0.114)	Data 0.025 (0.020)	Loss 0.1831 (0.1779)	MAE 0.593 (0.578)
Epoch: [1][88/114]	Time 0.107 (0.114)	Data 0.017 (0.020)	Loss 0.1934 (0.1781)	MAE 0.640 (0.578)
Epoch: [1][89/114]	Time 0.112 (0.114)	Data 0.025 (0.020)	Loss 0.1318 (0.1776)	MAE 0.533 (0.578)
Epoch: [1][90/114]	Time 0.112 (0.114)	Data 0.014 (0.020)	Loss 0.1610 (0.1774)	MAE 0.545 (0.577)
Epoch: [1][91/114]	Time 0.118 (0.114)	Data 0.023 (0.020)	Loss 0.1868 (0.1775)	MAE 0.661 (0.578)
Epoch: [1][92/114]	Time 0.107 (0.114)	Data 0.014 (0.020)	Loss 0.2262 (0.1780)	MAE 0.649 (0.579)
Epoch: [1][93/114]	Time 0.119 (0.114)	Data 0.020 (0.020)	Loss 0.1439 (0.1777)	MAE 0.500 (0.578)
Epoch: [1][94/114]	Time 0.106 (0.114)	Data 0.015 (0.020)	Loss 0.1671 (0.1776)	MAE 0.584 (0.578)
Epoch: [1][95/114]	Time 0.106 (0.114)	Data 0.018 (0.020)	Loss 0.1618 (0.1774)	MAE 0.589 (0.578)
Epoch: [1][96/114]	Time 0.110 (0.113)	Data 0.020 (0.020)	Loss 0.1844 (0.1775)	MAE 0.559 (0.578)
Epoch: [1][97/114]	Time 0.116 (0.114)	Data 0.022 (0.020)	Loss 0.1801 (0.1775)	MAE 0.574 (0.578)
Epoch: [1][98/114]	Time 0.117 (0.114)	Data 0.019 (0.020)	Loss 0.1340 (0.1770)	MAE 0.504 (0.577)
Epoch: [1][99/114]	Time 0.119 (0.114)	Data 0.026 (0.020)	Loss 0.1990 (0.1773)	MAE 0.603 (0.578)
Epoch: [1][100/114]	Time 0.119 (0.114)	Data 0.024 (0.020)	Loss 0.1386 (0.1769)	MAE 0.508 (0.577)
Epoch: [1][101/114]	Time 0.123 (0.114)	Data 0.026 (0.020)	Loss 0.1455 (0.1766)	MAE 0.530 (0.577)
Epoch: [1][102/114]	Time 0.121 (0.114)	Data 0.024 (0.020)	Loss 0.1833 (0.1766)	MAE 0.569 (0.576)
Epoch: [1][103/114]	Time 0.118 (0.114)	Data 0.023 (0.020)	Loss 0.1603 (0.1765)	MAE 0.545 (0.576)
Epoch: [1][104/114]	Time 0.115 (0.114)	Data 0.019 (0.020)	Loss 0.2170 (0.1769)	MAE 0.652 (0.577)
Epoch: [1][105/114]	Time 0.116 (0.114)	Data 0.020 (0.020)	Loss 0.1675 (0.1768)	MAE 0.554 (0.577)
Epoch: [1][106/114]	Time 0.113 (0.114)	Data 0.019 (0.020)	Loss 0.1633 (0.1767)	MAE 0.526 (0.576)
Epoch: [1][107/114]	Time 0.116 (0.114)	Data 0.028 (0.020)	Loss 0.1471 (0.1764)	MAE 0.539 (0.576)
Epoch: [1][108/114]	Time 0.109 (0.114)	Data 0.019 (0.020)	Loss 0.1506 (0.1761)	MAE 0.580 (0.576)
Epoch: [1][109/114]	Time 0.117 (0.114)	Data 0.024 (0.020)	Loss 0.1886 (0.1763)	MAE 0.590 (0.576)
Epoch: [1][110/114]	Time 0.119 (0.114)	Data 0.023 (0.020)	Loss 0.1468 (0.1760)	MAE 0.490 (0.575)
Epoch: [1][111/114]	Time 0.115 (0.114)	Data 0.021 (0.020)	Loss 0.1610 (0.1759)	MAE 0.516 (0.575)
Epoch: [1][112/114]	Time 0.111 (0.114)	Data 0.017 (0.020)	Loss 0.1483 (0.1756)	MAE 0.510 (0.574)
Epoch: [1][113/114]	Time 0.090 (0.114)	Data 0.028 (0.020)	Loss 0.1786 (0.1756)	MAE 0.547 (0.574)
Test: [0/15]	Time 0.047 (0.047)	Loss 0.1543 (0.1543)	MAE 0.530 (0.530)
Test: [1/15]	Time 0.046 (0.046)	Loss 0.1125 (0.1334)	MAE 0.481 (0.505)
Test: [2/15]	Time 0.040 (0.044)	Loss 0.1555 (0.1408)	MAE 0.541 (0.517)
Test: [3/15]	Time 0.046 (0.045)	Loss 0.1454 (0.1420)	MAE 0.523 (0.519)
Test: [4/15]	Time 0.048 (0.046)	Loss 0.1747 (0.1485)	MAE 0.575 (0.530)
Test: [5/15]	Time 0.049 (0.046)	Loss 0.1403 (0.1471)	MAE 0.530 (0.530)
Test: [6/15]	Time 0.048 (0.046)	Loss 0.1522 (0.1479)	MAE 0.557 (0.534)
Test: [7/15]	Time 0.048 (0.047)	Loss 0.1318 (0.1458)	MAE 0.516 (0.532)
Test: [8/15]	Time 0.051 (0.047)	Loss 0.1549 (0.1469)	MAE 0.534 (0.532)
Test: [9/15]	Time 0.047 (0.047)	Loss 0.1792 (0.1501)	MAE 0.561 (0.535)
Test: [10/15]	Time 0.046 (0.047)	Loss 0.1562 (0.1506)	MAE 0.530 (0.534)
Test: [11/15]	Time 0.050 (0.047)	Loss 0.1706 (0.1523)	MAE 0.574 (0.538)
Test: [12/15]	Time 0.048 (0.047)	Loss 0.1699 (0.1537)	MAE 0.557 (0.539)
Test: [13/15]	Time 0.042 (0.047)	Loss 0.1613 (0.1542)	MAE 0.543 (0.539)
Test: [14/15]	Time 0.017 (0.045)	Loss 0.1220 (0.1538)	MAE 0.475 (0.539)
 * MAE 0.539
Epoch: [2][0/114]	Time 0.151 (0.151)	Data 0.060 (0.060)	Loss 0.1458 (0.1458)	MAE 0.527 (0.527)
Epoch: [2][1/114]	Time 0.105 (0.128)	Data 0.014 (0.037)	Loss 0.1690 (0.1574)	MAE 0.575 (0.551)
Epoch: [2][2/114]	Time 0.110 (0.122)	Data 0.017 (0.030)	Loss 0.1518 (0.1556)	MAE 0.512 (0.538)
Epoch: [2][3/114]	Time 0.111 (0.119)	Data 0.018 (0.027)	Loss 0.1622 (0.1572)	MAE 0.613 (0.557)
Epoch: [2][4/114]	Time 0.112 (0.118)	Data 0.017 (0.025)	Loss 0.1400 (0.1538)	MAE 0.500 (0.545)
Epoch: [2][5/114]	Time 0.127 (0.120)	Data 0.025 (0.025)	Loss 0.1659 (0.1558)	MAE 0.548 (0.546)
Epoch: [2][6/114]	Time 0.120 (0.120)	Data 0.025 (0.025)	Loss 0.1288 (0.1519)	MAE 0.519 (0.542)
Epoch: [2][7/114]	Time 0.107 (0.118)	Data 0.017 (0.024)	Loss 0.1673 (0.1538)	MAE 0.600 (0.549)
Epoch: [2][8/114]	Time 0.120 (0.118)	Data 0.024 (0.024)	Loss 0.1523 (0.1537)	MAE 0.541 (0.548)
Epoch: [2][9/114]	Time 0.105 (0.117)	Data 0.013 (0.023)	Loss 0.1246 (0.1508)	MAE 0.457 (0.539)
Epoch: [2][10/114]	Time 0.116 (0.117)	Data 0.022 (0.023)	Loss 0.2005 (0.1553)	MAE 0.601 (0.545)
Epoch: [2][11/114]	Time 0.104 (0.116)	Data 0.015 (0.022)	Loss 0.1814 (0.1575)	MAE 0.617 (0.551)
Epoch: [2][12/114]	Time 0.110 (0.115)	Data 0.018 (0.022)	Loss 0.1905 (0.1600)	MAE 0.632 (0.557)
Epoch: [2][13/114]	Time 0.111 (0.115)	Data 0.020 (0.022)	Loss 0.1459 (0.1590)	MAE 0.509 (0.554)
Epoch: [2][14/114]	Time 0.113 (0.115)	Data 0.018 (0.022)	Loss 0.1559 (0.1588)	MAE 0.520 (0.551)
Epoch: [2][15/114]	Time 0.108 (0.115)	Data 0.013 (0.021)	Loss 0.1539 (0.1585)	MAE 0.533 (0.550)
Epoch: [2][16/114]	Time 0.116 (0.115)	Data 0.019 (0.021)	Loss 0.1206 (0.1563)	MAE 0.460 (0.545)
Epoch: [2][17/114]	Time 0.111 (0.114)	Data 0.017 (0.021)	Loss 0.1443 (0.1556)	MAE 0.500 (0.543)
Epoch: [2][18/114]	Time 0.124 (0.115)	Data 0.029 (0.021)	Loss 0.1136 (0.1534)	MAE 0.481 (0.539)
Epoch: [2][19/114]	Time 0.108 (0.115)	Data 0.016 (0.021)	Loss 0.1812 (0.1548)	MAE 0.572 (0.541)
Epoch: [2][20/114]	Time 0.112 (0.114)	Data 0.022 (0.021)	Loss 0.1340 (0.1538)	MAE 0.496 (0.539)
Epoch: [2][21/114]	Time 0.106 (0.114)	Data 0.017 (0.021)	Loss 0.1313 (0.1528)	MAE 0.480 (0.536)
Epoch: [2][22/114]	Time 0.113 (0.114)	Data 0.023 (0.021)	Loss 0.1380 (0.1521)	MAE 0.532 (0.536)
Epoch: [2][23/114]	Time 0.111 (0.114)	Data 0.016 (0.021)	Loss 0.1341 (0.1514)	MAE 0.479 (0.534)
Epoch: [2][24/114]	Time 0.129 (0.114)	Data 0.026 (0.021)	Loss 0.1747 (0.1523)	MAE 0.535 (0.534)
Epoch: [2][25/114]	Time 0.127 (0.115)	Data 0.033 (0.021)	Loss 0.1079 (0.1506)	MAE 0.425 (0.529)
Epoch: [2][26/114]	Time 0.111 (0.115)	Data 0.019 (0.021)	Loss 0.1032 (0.1488)	MAE 0.443 (0.526)
Epoch: [2][27/114]	Time 0.104 (0.114)	Data 0.017 (0.021)	Loss 0.1656 (0.1494)	MAE 0.543 (0.527)
Epoch: [2][28/114]	Time 0.113 (0.114)	Data 0.018 (0.021)	Loss 0.1543 (0.1496)	MAE 0.494 (0.526)
Epoch: [2][29/114]	Time 0.115 (0.114)	Data 0.022 (0.021)	Loss 0.1323 (0.1490)	MAE 0.481 (0.524)
Epoch: [2][30/114]	Time 0.105 (0.114)	Data 0.018 (0.021)	Loss 0.1538 (0.1492)	MAE 0.526 (0.524)
Epoch: [2][31/114]	Time 0.114 (0.114)	Data 0.023 (0.021)	Loss 0.1260 (0.1485)	MAE 0.485 (0.523)
Epoch: [2][32/114]	Time 0.109 (0.114)	Data 0.018 (0.021)	Loss 0.1052 (0.1471)	MAE 0.433 (0.520)
Epoch: [2][33/114]	Time 0.113 (0.114)	Data 0.020 (0.021)	Loss 0.1350 (0.1468)	MAE 0.513 (0.520)
Epoch: [2][34/114]	Time 0.106 (0.114)	Data 0.017 (0.021)	Loss 0.1464 (0.1468)	MAE 0.542 (0.521)
Epoch: [2][35/114]	Time 0.118 (0.114)	Data 0.024 (0.021)	Loss 0.1218 (0.1461)	MAE 0.479 (0.520)
Epoch: [2][36/114]	Time 0.114 (0.114)	Data 0.019 (0.021)	Loss 0.1352 (0.1458)	MAE 0.476 (0.518)
Epoch: [2][37/114]	Time 0.119 (0.114)	Data 0.024 (0.021)	Loss 0.1568 (0.1461)	MAE 0.511 (0.518)
Epoch: [2][38/114]	Time 0.109 (0.114)	Data 0.018 (0.021)	Loss 0.1372 (0.1459)	MAE 0.484 (0.517)
Epoch: [2][39/114]	Time 0.114 (0.114)	Data 0.021 (0.021)	Loss 0.1348 (0.1456)	MAE 0.502 (0.517)
Epoch: [2][40/114]	Time 0.107 (0.114)	Data 0.017 (0.021)	Loss 0.1367 (0.1454)	MAE 0.494 (0.516)
Epoch: [2][41/114]	Time 0.117 (0.114)	Data 0.022 (0.021)	Loss 0.1830 (0.1463)	MAE 0.528 (0.517)
Epoch: [2][42/114]	Time 0.106 (0.114)	Data 0.015 (0.021)	Loss 0.1877 (0.1472)	MAE 0.510 (0.516)
Epoch: [2][43/114]	Time 0.117 (0.114)	Data 0.018 (0.021)	Loss 0.1504 (0.1473)	MAE 0.509 (0.516)
Epoch: [2][44/114]	Time 0.137 (0.114)	Data 0.044 (0.021)	Loss 0.2478 (0.1495)	MAE 0.712 (0.521)
Epoch: [2][45/114]	Time 0.115 (0.114)	Data 0.021 (0.021)	Loss 0.1312 (0.1491)	MAE 0.507 (0.520)
Epoch: [2][46/114]	Time 0.114 (0.114)	Data 0.020 (0.021)	Loss 0.1431 (0.1490)	MAE 0.515 (0.520)
Epoch: [2][47/114]	Time 0.114 (0.114)	Data 0.017 (0.021)	Loss 0.1643 (0.1493)	MAE 0.502 (0.520)
Epoch: [2][48/114]	Time 0.116 (0.114)	Data 0.023 (0.021)	Loss 0.1626 (0.1496)	MAE 0.576 (0.521)
Epoch: [2][49/114]	Time 0.096 (0.114)	Data 0.013 (0.021)	Loss 0.1362 (0.1493)	MAE 0.489 (0.520)
Epoch: [2][50/114]	Time 0.112 (0.114)	Data 0.019 (0.021)	Loss 0.1313 (0.1490)	MAE 0.492 (0.520)
Epoch: [2][51/114]	Time 0.106 (0.114)	Data 0.015 (0.021)	Loss 0.1507 (0.1490)	MAE 0.518 (0.520)
Epoch: [2][52/114]	Time 0.113 (0.114)	Data 0.018 (0.021)	Loss 0.1551 (0.1491)	MAE 0.525 (0.520)
Epoch: [2][53/114]	Time 0.101 (0.113)	Data 0.013 (0.021)	Loss 0.1710 (0.1495)	MAE 0.551 (0.520)
Epoch: [2][54/114]	Time 0.115 (0.113)	Data 0.021 (0.021)	Loss 0.1703 (0.1499)	MAE 0.592 (0.522)
Epoch: [2][55/114]	Time 0.121 (0.114)	Data 0.019 (0.021)	Loss 0.1675 (0.1502)	MAE 0.578 (0.523)
Epoch: [2][56/114]	Time 0.128 (0.114)	Data 0.034 (0.021)	Loss 0.1207 (0.1497)	MAE 0.468 (0.522)
Epoch: [2][57/114]	Time 0.115 (0.114)	Data 0.019 (0.021)	Loss 0.2347 (0.1512)	MAE 0.647 (0.524)
Epoch: [2][58/114]	Time 0.110 (0.114)	Data 0.020 (0.021)	Loss 0.1860 (0.1518)	MAE 0.579 (0.525)
Epoch: [2][59/114]	Time 0.113 (0.114)	Data 0.020 (0.021)	Loss 0.1741 (0.1521)	MAE 0.581 (0.526)
Epoch: [2][60/114]	Time 0.114 (0.114)	Data 0.022 (0.021)	Loss 0.1632 (0.1523)	MAE 0.566 (0.527)
Epoch: [2][61/114]	Time 0.114 (0.114)	Data 0.019 (0.021)	Loss 0.1721 (0.1526)	MAE 0.582 (0.527)
Epoch: [2][62/114]	Time 0.111 (0.114)	Data 0.022 (0.021)	Loss 0.1421 (0.1525)	MAE 0.517 (0.527)
Epoch: [2][63/114]	Time 0.135 (0.114)	Data 0.040 (0.021)	Loss 0.1531 (0.1525)	MAE 0.541 (0.527)
Epoch: [2][64/114]	Time 0.112 (0.114)	Data 0.024 (0.021)	Loss 0.1845 (0.1530)	MAE 0.600 (0.529)
Epoch: [2][65/114]	Time 0.115 (0.114)	Data 0.024 (0.021)	Loss 0.1758 (0.1533)	MAE 0.605 (0.530)
Epoch: [2][66/114]	Time 0.104 (0.114)	Data 0.016 (0.021)	Loss 0.1274 (0.1529)	MAE 0.512 (0.530)
Epoch: [2][67/114]	Time 0.115 (0.114)	Data 0.020 (0.021)	Loss 0.1464 (0.1528)	MAE 0.494 (0.529)
Epoch: [2][68/114]	Time 0.110 (0.114)	Data 0.019 (0.021)	Loss 0.1550 (0.1529)	MAE 0.505 (0.529)
Epoch: [2][69/114]	Time 0.111 (0.114)	Data 0.018 (0.021)	Loss 0.2012 (0.1535)	MAE 0.614 (0.530)
Epoch: [2][70/114]	Time 0.112 (0.114)	Data 0.019 (0.021)	Loss 0.1850 (0.1540)	MAE 0.558 (0.530)
Epoch: [2][71/114]	Time 0.113 (0.114)	Data 0.019 (0.021)	Loss 0.1553 (0.1540)	MAE 0.525 (0.530)
Epoch: [2][72/114]	Time 0.100 (0.114)	Data 0.013 (0.021)	Loss 0.1925 (0.1545)	MAE 0.624 (0.531)
Epoch: [2][73/114]	Time 0.110 (0.114)	Data 0.023 (0.021)	Loss 0.1804 (0.1549)	MAE 0.625 (0.533)
Epoch: [2][74/114]	Time 0.109 (0.114)	Data 0.014 (0.021)	Loss 0.1488 (0.1548)	MAE 0.541 (0.533)
Epoch: [2][75/114]	Time 0.123 (0.114)	Data 0.025 (0.021)	Loss 0.1566 (0.1548)	MAE 0.519 (0.533)
Epoch: [2][76/114]	Time 0.110 (0.114)	Data 0.018 (0.021)	Loss 0.1440 (0.1547)	MAE 0.502 (0.532)
Epoch: [2][77/114]	Time 0.120 (0.114)	Data 0.025 (0.021)	Loss 0.1415 (0.1545)	MAE 0.510 (0.532)
Epoch: [2][78/114]	Time 0.119 (0.114)	Data 0.021 (0.021)	Loss 0.1283 (0.1542)	MAE 0.490 (0.531)
Epoch: [2][79/114]	Time 0.120 (0.114)	Data 0.021 (0.021)	Loss 0.2134 (0.1549)	MAE 0.561 (0.532)
Epoch: [2][80/114]	Time 0.113 (0.114)	Data 0.016 (0.021)	Loss 0.1330 (0.1547)	MAE 0.496 (0.531)
Epoch: [2][81/114]	Time 0.119 (0.114)	Data 0.023 (0.021)	Loss 0.1569 (0.1547)	MAE 0.510 (0.531)
Epoch: [2][82/114]	Time 0.120 (0.114)	Data 0.025 (0.021)	Loss 0.1631 (0.1548)	MAE 0.550 (0.531)
Epoch: [2][83/114]	Time 0.126 (0.114)	Data 0.024 (0.021)	Loss 0.1898 (0.1552)	MAE 0.615 (0.532)
Epoch: [2][84/114]	Time 0.111 (0.114)	Data 0.021 (0.021)	Loss 0.1311 (0.1549)	MAE 0.478 (0.532)
Epoch: [2][85/114]	Time 0.113 (0.114)	Data 0.021 (0.021)	Loss 0.1416 (0.1548)	MAE 0.510 (0.531)
Epoch: [2][86/114]	Time 0.112 (0.114)	Data 0.019 (0.021)	Loss 0.1412 (0.1546)	MAE 0.459 (0.531)
Epoch: [2][87/114]	Time 0.119 (0.114)	Data 0.024 (0.021)	Loss 0.1559 (0.1546)	MAE 0.528 (0.531)
Epoch: [2][88/114]	Time 0.107 (0.114)	Data 0.016 (0.021)	Loss 0.1329 (0.1544)	MAE 0.500 (0.530)
Epoch: [2][89/114]	Time 0.112 (0.114)	Data 0.020 (0.021)	Loss 0.1160 (0.1540)	MAE 0.489 (0.530)
Epoch: [2][90/114]	Time 0.102 (0.114)	Data 0.013 (0.021)	Loss 0.1744 (0.1542)	MAE 0.532 (0.530)
Epoch: [2][91/114]	Time 0.112 (0.114)	Data 0.019 (0.021)	Loss 0.1562 (0.1542)	MAE 0.516 (0.530)
Epoch: [2][92/114]	Time 0.106 (0.114)	Data 0.016 (0.021)	Loss 0.1263 (0.1539)	MAE 0.476 (0.529)
Epoch: [2][93/114]	Time 0.124 (0.114)	Data 0.024 (0.021)	Loss 0.1117 (0.1535)	MAE 0.466 (0.528)
Epoch: [2][94/114]	Time 0.120 (0.114)	Data 0.021 (0.021)	Loss 0.1560 (0.1535)	MAE 0.523 (0.528)
Epoch: [2][95/114]	Time 0.119 (0.114)	Data 0.029 (0.021)	Loss 0.1575 (0.1535)	MAE 0.542 (0.528)
Epoch: [2][96/114]	Time 0.110 (0.114)	Data 0.020 (0.021)	Loss 0.1368 (0.1533)	MAE 0.499 (0.528)
Epoch: [2][97/114]	Time 0.113 (0.114)	Data 0.019 (0.021)	Loss 0.1383 (0.1532)	MAE 0.489 (0.528)
Epoch: [2][98/114]	Time 0.108 (0.114)	Data 0.014 (0.021)	Loss 0.1389 (0.1530)	MAE 0.491 (0.527)
Epoch: [2][99/114]	Time 0.107 (0.114)	Data 0.016 (0.021)	Loss 0.1351 (0.1529)	MAE 0.537 (0.527)
Epoch: [2][100/114]	Time 0.112 (0.114)	Data 0.021 (0.021)	Loss 0.1418 (0.1528)	MAE 0.482 (0.527)
Epoch: [2][101/114]	Time 0.114 (0.114)	Data 0.018 (0.021)	Loss 0.1474 (0.1527)	MAE 0.481 (0.527)
Epoch: [2][102/114]	Time 0.122 (0.114)	Data 0.028 (0.021)	Loss 0.1652 (0.1528)	MAE 0.576 (0.527)
Epoch: [2][103/114]	Time 0.122 (0.114)	Data 0.029 (0.021)	Loss 0.1274 (0.1526)	MAE 0.479 (0.527)
Epoch: [2][104/114]	Time 0.112 (0.114)	Data 0.021 (0.021)	Loss 0.1668 (0.1527)	MAE 0.522 (0.527)
Epoch: [2][105/114]	Time 0.117 (0.114)	Data 0.025 (0.021)	Loss 0.1357 (0.1526)	MAE 0.496 (0.526)
Epoch: [2][106/114]	Time 0.114 (0.114)	Data 0.014 (0.021)	Loss 0.1494 (0.1525)	MAE 0.491 (0.526)
Epoch: [2][107/114]	Time 0.116 (0.114)	Data 0.022 (0.021)	Loss 0.1118 (0.1522)	MAE 0.434 (0.525)
Epoch: [2][108/114]	Time 0.102 (0.114)	Data 0.014 (0.021)	Loss 0.1482 (0.1521)	MAE 0.500 (0.525)
Epoch: [2][109/114]	Time 0.103 (0.114)	Data 0.020 (0.021)	Loss 0.1412 (0.1520)	MAE 0.478 (0.524)
Epoch: [2][110/114]	Time 0.111 (0.114)	Data 0.017 (0.021)	Loss 0.1726 (0.1522)	MAE 0.603 (0.525)
Epoch: [2][111/114]	Time 0.112 (0.114)	Data 0.019 (0.021)	Loss 0.1360 (0.1521)	MAE 0.503 (0.525)
Epoch: [2][112/114]	Time 0.103 (0.114)	Data 0.014 (0.021)	Loss 0.1616 (0.1521)	MAE 0.557 (0.525)
Epoch: [2][113/114]	Time 0.092 (0.113)	Data 0.031 (0.021)	Loss 0.1458 (0.1521)	MAE 0.525 (0.525)
Test: [0/15]	Time 0.060 (0.060)	Loss 0.1415 (0.1415)	MAE 0.494 (0.494)
Test: [1/15]	Time 0.052 (0.056)	Loss 0.1279 (0.1347)	MAE 0.466 (0.480)
Test: [2/15]	Time 0.051 (0.054)	Loss 0.1307 (0.1333)	MAE 0.465 (0.475)
Test: [3/15]	Time 0.046 (0.052)	Loss 0.1571 (0.1393)	MAE 0.511 (0.484)
Test: [4/15]	Time 0.047 (0.051)	Loss 0.1514 (0.1417)	MAE 0.481 (0.484)
Test: [5/15]	Time 0.045 (0.050)	Loss 0.1327 (0.1402)	MAE 0.473 (0.482)
Test: [6/15]	Time 0.050 (0.050)	Loss 0.1176 (0.1370)	MAE 0.450 (0.477)
Test: [7/15]	Time 0.046 (0.050)	Loss 0.1417 (0.1376)	MAE 0.493 (0.479)
Test: [8/15]	Time 0.041 (0.049)	Loss 0.1129 (0.1348)	MAE 0.439 (0.475)
Test: [9/15]	Time 0.047 (0.049)	Loss 0.1362 (0.1350)	MAE 0.487 (0.476)
Test: [10/15]	Time 0.045 (0.048)	Loss 0.1361 (0.1351)	MAE 0.484 (0.477)
Test: [11/15]	Time 0.043 (0.048)	Loss 0.1283 (0.1345)	MAE 0.458 (0.475)
Test: [12/15]	Time 0.048 (0.048)	Loss 0.0962 (0.1316)	MAE 0.408 (0.470)
Test: [13/15]	Time 0.049 (0.048)	Loss 0.1161 (0.1305)	MAE 0.463 (0.469)
Test: [14/15]	Time 0.017 (0.046)	Loss 0.1306 (0.1305)	MAE 0.464 (0.469)
 * MAE 0.469
Epoch: [3][0/114]	Time 0.160 (0.160)	Data 0.061 (0.061)	Loss 0.1352 (0.1352)	MAE 0.470 (0.470)
Epoch: [3][1/114]	Time 0.132 (0.146)	Data 0.034 (0.048)	Loss 0.1471 (0.1412)	MAE 0.502 (0.486)
Epoch: [3][2/114]	Time 0.104 (0.132)	Data 0.012 (0.036)	Loss 0.1613 (0.1479)	MAE 0.546 (0.506)
Epoch: [3][3/114]	Time 0.116 (0.128)	Data 0.020 (0.032)	Loss 0.1307 (0.1436)	MAE 0.471 (0.497)
Epoch: [3][4/114]	Time 0.110 (0.125)	Data 0.014 (0.028)	Loss 0.1283 (0.1405)	MAE 0.477 (0.493)
Epoch: [3][5/114]	Time 0.116 (0.123)	Data 0.024 (0.028)	Loss 0.1440 (0.1411)	MAE 0.496 (0.494)
Epoch: [3][6/114]	Time 0.110 (0.121)	Data 0.020 (0.026)	Loss 0.1360 (0.1404)	MAE 0.476 (0.491)
Epoch: [3][7/114]	Time 0.114 (0.120)	Data 0.019 (0.026)	Loss 0.1355 (0.1398)	MAE 0.480 (0.490)
Epoch: [3][8/114]	Time 0.108 (0.119)	Data 0.016 (0.025)	Loss 0.1305 (0.1387)	MAE 0.487 (0.489)
Epoch: [3][9/114]	Time 0.117 (0.119)	Data 0.020 (0.024)	Loss 0.1847 (0.1433)	MAE 0.662 (0.507)
Epoch: [3][10/114]	Time 0.109 (0.118)	Data 0.012 (0.023)	Loss 0.1423 (0.1432)	MAE 0.533 (0.509)
Epoch: [3][11/114]	Time 0.115 (0.118)	Data 0.022 (0.023)	Loss 0.1219 (0.1415)	MAE 0.459 (0.505)
Epoch: [3][12/114]	Time 0.111 (0.117)	Data 0.021 (0.023)	Loss 0.1291 (0.1405)	MAE 0.461 (0.502)
Epoch: [3][13/114]	Time 0.127 (0.118)	Data 0.031 (0.023)	Loss 0.1348 (0.1401)	MAE 0.490 (0.501)
Epoch: [3][14/114]	Time 0.110 (0.117)	Data 0.017 (0.023)	Loss 0.1236 (0.1390)	MAE 0.460 (0.498)
Epoch: [3][15/114]	Time 0.108 (0.117)	Data 0.022 (0.023)	Loss 0.1170 (0.1376)	MAE 0.454 (0.495)
Epoch: [3][16/114]	Time 0.107 (0.116)	Data 0.016 (0.022)	Loss 0.1298 (0.1372)	MAE 0.472 (0.494)
Epoch: [3][17/114]	Time 0.116 (0.116)	Data 0.022 (0.022)	Loss 0.2243 (0.1420)	MAE 0.508 (0.495)
Epoch: [3][18/114]	Time 0.118 (0.116)	Data 0.024 (0.023)	Loss 0.1023 (0.1399)	MAE 0.431 (0.491)
Epoch: [3][19/114]	Time 0.112 (0.116)	Data 0.022 (0.022)	Loss 0.1219 (0.1390)	MAE 0.481 (0.491)
Epoch: [3][20/114]	Time 0.109 (0.116)	Data 0.014 (0.022)	Loss 0.1677 (0.1404)	MAE 0.545 (0.494)
Epoch: [3][21/114]	Time 0.132 (0.116)	Data 0.035 (0.023)	Loss 0.1567 (0.1411)	MAE 0.517 (0.495)
Epoch: [3][22/114]	Time 0.118 (0.117)	Data 0.023 (0.023)	Loss 0.1150 (0.1400)	MAE 0.476 (0.494)
Epoch: [3][23/114]	Time 0.118 (0.117)	Data 0.022 (0.023)	Loss 0.1005 (0.1383)	MAE 0.438 (0.491)
Epoch: [3][24/114]	Time 0.116 (0.117)	Data 0.021 (0.023)	Loss 0.1768 (0.1399)	MAE 0.510 (0.492)
Epoch: [3][25/114]	Time 0.107 (0.116)	Data 0.018 (0.022)	Loss 0.1472 (0.1402)	MAE 0.518 (0.493)
Epoch: [3][26/114]	Time 0.103 (0.116)	Data 0.016 (0.022)	Loss 0.1453 (0.1404)	MAE 0.479 (0.493)
Epoch: [3][27/114]	Time 0.118 (0.116)	Data 0.026 (0.022)	Loss 0.1226 (0.1397)	MAE 0.484 (0.492)
Epoch: [3][28/114]	Time 0.112 (0.116)	Data 0.018 (0.022)	Loss 0.1361 (0.1396)	MAE 0.492 (0.492)
Epoch: [3][29/114]	Time 0.106 (0.115)	Data 0.017 (0.022)	Loss 0.1153 (0.1388)	MAE 0.479 (0.492)
Epoch: [3][30/114]	Time 0.106 (0.115)	Data 0.019 (0.022)	Loss 0.1492 (0.1391)	MAE 0.527 (0.493)
Epoch: [3][31/114]	Time 0.115 (0.115)	Data 0.022 (0.022)	Loss 0.1316 (0.1389)	MAE 0.494 (0.493)
Epoch: [3][32/114]	Time 0.113 (0.115)	Data 0.018 (0.022)	Loss 0.1417 (0.1390)	MAE 0.468 (0.492)
Epoch: [3][33/114]	Time 0.121 (0.115)	Data 0.031 (0.022)	Loss 0.1736 (0.1400)	MAE 0.527 (0.493)
Epoch: [3][34/114]	Time 0.119 (0.115)	Data 0.023 (0.022)	Loss 0.1330 (0.1398)	MAE 0.491 (0.493)
Epoch: [3][35/114]	Time 0.106 (0.115)	Data 0.019 (0.022)	Loss 0.1594 (0.1403)	MAE 0.513 (0.494)
Epoch: [3][36/114]	Time 0.111 (0.115)	Data 0.015 (0.022)	Loss 0.1428 (0.1404)	MAE 0.496 (0.494)
Epoch: [3][37/114]	Time 0.117 (0.115)	Data 0.017 (0.022)	Loss 0.1235 (0.1400)	MAE 0.434 (0.492)
Epoch: [3][38/114]	Time 0.110 (0.115)	Data 0.018 (0.022)	Loss 0.1279 (0.1396)	MAE 0.488 (0.492)
Epoch: [3][39/114]	Time 0.123 (0.115)	Data 0.023 (0.022)	Loss 0.1484 (0.1399)	MAE 0.512 (0.493)
Epoch: [3][40/114]	Time 0.116 (0.115)	Data 0.020 (0.022)	Loss 0.1248 (0.1395)	MAE 0.447 (0.492)
Epoch: [3][41/114]	Time 0.127 (0.115)	Data 0.033 (0.022)	Loss 0.1442 (0.1396)	MAE 0.554 (0.493)
Epoch: [3][42/114]	Time 0.110 (0.115)	Data 0.017 (0.022)	Loss 0.1483 (0.1398)	MAE 0.526 (0.494)
Epoch: [3][43/114]	Time 0.117 (0.115)	Data 0.021 (0.022)	Loss 0.1642 (0.1404)	MAE 0.508 (0.494)
Epoch: [3][44/114]	Time 0.111 (0.115)	Data 0.018 (0.022)	Loss 0.1338 (0.1402)	MAE 0.473 (0.494)
Epoch: [3][45/114]	Time 0.114 (0.115)	Data 0.022 (0.022)	Loss 0.1599 (0.1406)	MAE 0.569 (0.495)
Epoch: [3][46/114]	Time 0.103 (0.115)	Data 0.012 (0.021)	Loss 0.1478 (0.1408)	MAE 0.514 (0.496)
Epoch: [3][47/114]	Time 0.112 (0.115)	Data 0.019 (0.021)	Loss 0.1296 (0.1406)	MAE 0.472 (0.495)
Epoch: [3][48/114]	Time 0.109 (0.115)	Data 0.016 (0.021)	Loss 0.1351 (0.1405)	MAE 0.469 (0.495)
Epoch: [3][49/114]	Time 0.108 (0.115)	Data 0.017 (0.021)	Loss 0.1540 (0.1407)	MAE 0.525 (0.495)
Epoch: [3][50/114]	Time 0.115 (0.115)	Data 0.021 (0.021)	Loss 0.1724 (0.1413)	MAE 0.592 (0.497)
Epoch: [3][51/114]	Time 0.121 (0.115)	Data 0.024 (0.021)	Loss 0.2004 (0.1425)	MAE 0.680 (0.501)
Epoch: [3][52/114]	Time 0.135 (0.115)	Data 0.034 (0.021)	Loss 0.1538 (0.1427)	MAE 0.562 (0.502)
Epoch: [3][53/114]	Time 0.121 (0.115)	Data 0.030 (0.022)	Loss 0.1285 (0.1424)	MAE 0.510 (0.502)
Epoch: [3][54/114]	Time 0.115 (0.115)	Data 0.018 (0.022)	Loss 0.1532 (0.1426)	MAE 0.565 (0.503)
Epoch: [3][55/114]	Time 0.118 (0.115)	Data 0.022 (0.022)	Loss 0.1336 (0.1425)	MAE 0.507 (0.503)
Epoch: [3][56/114]	Time 0.108 (0.115)	Data 0.014 (0.021)	Loss 0.1403 (0.1424)	MAE 0.485 (0.503)
Epoch: [3][57/114]	Time 0.115 (0.115)	Data 0.020 (0.021)	Loss 0.1693 (0.1429)	MAE 0.535 (0.503)
Epoch: [3][58/114]	Time 0.105 (0.115)	Data 0.015 (0.021)	Loss 0.1336 (0.1427)	MAE 0.484 (0.503)
Epoch: [3][59/114]	Time 0.120 (0.115)	Data 0.023 (0.021)	Loss 0.1331 (0.1426)	MAE 0.472 (0.503)
Epoch: [3][60/114]	Time 0.126 (0.115)	Data 0.021 (0.021)	Loss 0.1341 (0.1424)	MAE 0.524 (0.503)
Epoch: [3][61/114]	Time 0.118 (0.115)	Data 0.023 (0.021)	Loss 0.1517 (0.1426)	MAE 0.528 (0.503)
Epoch: [3][62/114]	Time 0.110 (0.115)	Data 0.018 (0.021)	Loss 0.1394 (0.1425)	MAE 0.541 (0.504)
Epoch: [3][63/114]	Time 0.117 (0.115)	Data 0.020 (0.021)	Loss 0.1631 (0.1429)	MAE 0.622 (0.506)
Epoch: [3][64/114]	Time 0.114 (0.115)	Data 0.020 (0.021)	Loss 0.1427 (0.1429)	MAE 0.547 (0.506)
Epoch: [3][65/114]	Time 0.115 (0.115)	Data 0.020 (0.021)	Loss 0.1241 (0.1426)	MAE 0.493 (0.506)
Epoch: [3][66/114]	Time 0.110 (0.115)	Data 0.014 (0.021)	Loss 0.1151 (0.1422)	MAE 0.489 (0.506)
Epoch: [3][67/114]	Time 0.107 (0.115)	Data 0.015 (0.021)	Loss 0.2047 (0.1431)	MAE 0.705 (0.509)
Epoch: [3][68/114]	Time 0.103 (0.115)	Data 0.016 (0.021)	Loss 0.1625 (0.1434)	MAE 0.552 (0.509)
Epoch: [3][69/114]	Time 0.113 (0.115)	Data 0.023 (0.021)	Loss 0.1220 (0.1431)	MAE 0.470 (0.509)
Epoch: [3][70/114]	Time 0.119 (0.115)	Data 0.019 (0.021)	Loss 0.1521 (0.1432)	MAE 0.515 (0.509)
Epoch: [3][71/114]	Time 0.127 (0.115)	Data 0.031 (0.021)	Loss 0.1351 (0.1431)	MAE 0.518 (0.509)
Epoch: [3][72/114]	Time 0.113 (0.115)	Data 0.014 (0.021)	Loss 0.1167 (0.1427)	MAE 0.464 (0.509)
Epoch: [3][73/114]	Time 0.118 (0.115)	Data 0.024 (0.021)	Loss 0.1611 (0.1430)	MAE 0.610 (0.510)
Epoch: [3][74/114]	Time 0.111 (0.115)	Data 0.015 (0.021)	Loss 0.1183 (0.1426)	MAE 0.497 (0.510)
Epoch: [3][75/114]	Time 0.117 (0.115)	Data 0.020 (0.021)	Loss 0.1283 (0.1424)	MAE 0.463 (0.509)
Epoch: [3][76/114]	Time 0.101 (0.115)	Data 0.012 (0.021)	Loss 0.1755 (0.1429)	MAE 0.567 (0.510)
Epoch: [3][77/114]	Time 0.109 (0.115)	Data 0.020 (0.021)	Loss 0.1518 (0.1430)	MAE 0.577 (0.511)
Epoch: [3][78/114]	Time 0.106 (0.115)	Data 0.018 (0.021)	Loss 0.1468 (0.1430)	MAE 0.576 (0.512)
Epoch: [3][79/114]	Time 0.130 (0.115)	Data 0.033 (0.021)	Loss 0.1539 (0.1432)	MAE 0.513 (0.512)
Epoch: [3][80/114]	Time 0.144 (0.115)	Data 0.050 (0.021)	Loss 0.1254 (0.1430)	MAE 0.468 (0.511)
Epoch: [3][81/114]	Time 0.120 (0.115)	Data 0.019 (0.021)	Loss 0.1304 (0.1428)	MAE 0.481 (0.511)
Epoch: [3][82/114]	Time 0.111 (0.115)	Data 0.020 (0.021)	Loss 0.1722 (0.1432)	MAE 0.515 (0.511)
Epoch: [3][83/114]	Time 0.112 (0.115)	Data 0.018 (0.021)	Loss 0.1355 (0.1431)	MAE 0.510 (0.511)
Epoch: [3][84/114]	Time 0.116 (0.115)	Data 0.021 (0.021)	Loss 0.1514 (0.1432)	MAE 0.559 (0.511)
Epoch: [3][85/114]	Time 0.112 (0.115)	Data 0.017 (0.021)	Loss 0.1305 (0.1430)	MAE 0.490 (0.511)
Epoch: [3][86/114]	Time 0.109 (0.115)	Data 0.019 (0.021)	Loss 0.1172 (0.1427)	MAE 0.458 (0.510)
Epoch: [3][87/114]	Time 0.113 (0.115)	Data 0.021 (0.021)	Loss 0.1440 (0.1427)	MAE 0.490 (0.510)
Epoch: [3][88/114]	Time 0.107 (0.115)	Data 0.017 (0.021)	Loss 0.1200 (0.1425)	MAE 0.473 (0.510)
Epoch: [3][89/114]	Time 0.114 (0.115)	Data 0.019 (0.021)	Loss 0.1888 (0.1430)	MAE 0.556 (0.510)
Epoch: [3][90/114]	Time 0.123 (0.115)	Data 0.028 (0.021)	Loss 0.1321 (0.1429)	MAE 0.488 (0.510)
Epoch: [3][91/114]	Time 0.130 (0.115)	Data 0.033 (0.021)	Loss 0.1254 (0.1427)	MAE 0.472 (0.510)
Epoch: [3][92/114]	Time 0.105 (0.115)	Data 0.016 (0.021)	Loss 0.1490 (0.1427)	MAE 0.488 (0.509)
Epoch: [3][93/114]	Time 0.111 (0.115)	Data 0.016 (0.021)	Loss 0.1364 (0.1427)	MAE 0.496 (0.509)
Epoch: [3][94/114]	Time 0.112 (0.115)	Data 0.018 (0.021)	Loss 0.1105 (0.1423)	MAE 0.448 (0.509)
Epoch: [3][95/114]	Time 0.105 (0.115)	Data 0.013 (0.021)	Loss 0.1036 (0.1419)	MAE 0.438 (0.508)
Epoch: [3][96/114]	Time 0.116 (0.115)	Data 0.019 (0.021)	Loss 0.1212 (0.1417)	MAE 0.458 (0.507)
Epoch: [3][97/114]	Time 0.108 (0.115)	Data 0.013 (0.021)	Loss 0.1650 (0.1420)	MAE 0.498 (0.507)
Epoch: [3][98/114]	Time 0.124 (0.115)	Data 0.029 (0.021)	Loss 0.1106 (0.1416)	MAE 0.434 (0.507)
Epoch: [3][99/114]	Time 0.124 (0.115)	Data 0.023 (0.021)	Loss 0.1234 (0.1415)	MAE 0.469 (0.506)
Epoch: [3][100/114]	Time 0.116 (0.115)	Data 0.019 (0.021)	Loss 0.1089 (0.1411)	MAE 0.445 (0.506)
Epoch: [3][101/114]	Time 0.117 (0.115)	Data 0.023 (0.021)	Loss 0.1130 (0.1409)	MAE 0.450 (0.505)
Epoch: [3][102/114]	Time 0.114 (0.115)	Data 0.018 (0.021)	Loss 0.0987 (0.1405)	MAE 0.424 (0.504)
Epoch: [3][103/114]	Time 0.106 (0.115)	Data 0.012 (0.021)	Loss 0.1420 (0.1405)	MAE 0.481 (0.504)
Epoch: [3][104/114]	Time 0.109 (0.115)	Data 0.019 (0.021)	Loss 0.1311 (0.1404)	MAE 0.495 (0.504)
Epoch: [3][105/114]	Time 0.111 (0.115)	Data 0.017 (0.021)	Loss 0.1135 (0.1401)	MAE 0.444 (0.503)
Epoch: [3][106/114]	Time 0.115 (0.115)	Data 0.019 (0.021)	Loss 0.1505 (0.1402)	MAE 0.524 (0.504)
Epoch: [3][107/114]	Time 0.105 (0.115)	Data 0.013 (0.021)	Loss 0.1154 (0.1400)	MAE 0.444 (0.503)
Epoch: [3][108/114]	Time 0.114 (0.115)	Data 0.019 (0.021)	Loss 0.1344 (0.1399)	MAE 0.476 (0.503)
Epoch: [3][109/114]	Time 0.108 (0.115)	Data 0.015 (0.021)	Loss 0.1167 (0.1397)	MAE 0.447 (0.502)
Epoch: [3][110/114]	Time 0.130 (0.115)	Data 0.032 (0.021)	Loss 0.1267 (0.1396)	MAE 0.468 (0.502)
Epoch: [3][111/114]	Time 0.109 (0.115)	Data 0.013 (0.021)	Loss 0.1719 (0.1399)	MAE 0.497 (0.502)
Epoch: [3][112/114]	Time 0.116 (0.115)	Data 0.020 (0.021)	Loss 0.1781 (0.1402)	MAE 0.541 (0.502)
Epoch: [3][113/114]	Time 0.093 (0.115)	Data 0.025 (0.021)	Loss 0.1641 (0.1404)	MAE 0.522 (0.502)
Test: [0/15]	Time 0.055 (0.055)	Loss 0.1336 (0.1336)	MAE 0.511 (0.511)
Test: [1/15]	Time 0.044 (0.050)	Loss 0.1166 (0.1251)	MAE 0.466 (0.488)
Test: [2/15]	Time 0.051 (0.050)	Loss 0.1756 (0.1420)	MAE 0.545 (0.507)
Test: [3/15]	Time 0.044 (0.049)	Loss 0.1404 (0.1416)	MAE 0.491 (0.503)
Test: [4/15]	Time 0.049 (0.049)	Loss 0.1107 (0.1354)	MAE 0.463 (0.495)
Test: [5/15]	Time 0.046 (0.048)	Loss 0.1358 (0.1355)	MAE 0.503 (0.496)
Test: [6/15]	Time 0.045 (0.048)	Loss 0.1524 (0.1379)	MAE 0.518 (0.499)
Test: [7/15]	Time 0.054 (0.049)	Loss 0.1347 (0.1375)	MAE 0.494 (0.499)
Test: [8/15]	Time 0.046 (0.048)	Loss 0.1178 (0.1353)	MAE 0.462 (0.495)
Test: [9/15]	Time 0.055 (0.049)	Loss 0.1273 (0.1345)	MAE 0.474 (0.493)
Test: [10/15]	Time 0.062 (0.050)	Loss 0.1415 (0.1351)	MAE 0.528 (0.496)
Test: [11/15]	Time 0.052 (0.050)	Loss 0.1432 (0.1358)	MAE 0.507 (0.497)
Test: [12/15]	Time 0.044 (0.050)	Loss 0.1368 (0.1359)	MAE 0.492 (0.496)
Test: [13/15]	Time 0.050 (0.050)	Loss 0.1460 (0.1366)	MAE 0.510 (0.497)
Test: [14/15]	Time 0.017 (0.048)	Loss 0.1677 (0.1370)	MAE 0.494 (0.497)
 * MAE 0.497
Epoch: [4][0/114]	Time 0.143 (0.143)	Data 0.053 (0.053)	Loss 0.1319 (0.1319)	MAE 0.479 (0.479)
Epoch: [4][1/114]	Time 0.114 (0.129)	Data 0.021 (0.037)	Loss 0.1271 (0.1295)	MAE 0.502 (0.491)
Epoch: [4][2/114]	Time 0.111 (0.123)	Data 0.017 (0.031)	Loss 0.1361 (0.1317)	MAE 0.459 (0.480)
Epoch: [4][3/114]	Time 0.121 (0.122)	Data 0.023 (0.029)	Loss 0.1265 (0.1304)	MAE 0.493 (0.483)
Epoch: [4][4/114]	Time 0.109 (0.120)	Data 0.017 (0.026)	Loss 0.2304 (0.1504)	MAE 0.541 (0.495)
Epoch: [4][5/114]	Time 0.120 (0.120)	Data 0.023 (0.026)	Loss 0.1366 (0.1481)	MAE 0.494 (0.495)
Epoch: [4][6/114]	Time 0.105 (0.118)	Data 0.013 (0.024)	Loss 0.1278 (0.1452)	MAE 0.493 (0.495)
Epoch: [4][7/114]	Time 0.118 (0.118)	Data 0.023 (0.024)	Loss 0.1255 (0.1427)	MAE 0.471 (0.492)
Epoch: [4][8/114]	Time 0.105 (0.116)	Data 0.013 (0.023)	Loss 0.1331 (0.1417)	MAE 0.491 (0.492)
Epoch: [4][9/114]	Time 0.119 (0.117)	Data 0.020 (0.022)	Loss 0.1269 (0.1402)	MAE 0.450 (0.487)
Epoch: [4][10/114]	Time 0.111 (0.116)	Data 0.022 (0.022)	Loss 0.1091 (0.1374)	MAE 0.437 (0.483)
Epoch: [4][11/114]	Time 0.125 (0.117)	Data 0.023 (0.022)	Loss 0.1359 (0.1372)	MAE 0.518 (0.486)
Epoch: [4][12/114]	Time 0.120 (0.117)	Data 0.023 (0.022)	Loss 0.1596 (0.1390)	MAE 0.543 (0.490)
Epoch: [4][13/114]	Time 0.116 (0.117)	Data 0.022 (0.022)	Loss 0.1149 (0.1373)	MAE 0.457 (0.488)
Epoch: [4][14/114]	Time 0.101 (0.116)	Data 0.014 (0.022)	Loss 0.1328 (0.1370)	MAE 0.481 (0.487)
Epoch: [4][15/114]	Time 0.109 (0.116)	Data 0.018 (0.022)	Loss 0.1473 (0.1376)	MAE 0.531 (0.490)
Epoch: [4][16/114]	Time 0.110 (0.115)	Data 0.017 (0.021)	Loss 0.0987 (0.1353)	MAE 0.443 (0.487)
Epoch: [4][17/114]	Time 0.119 (0.115)	Data 0.023 (0.021)	Loss 0.1285 (0.1349)	MAE 0.452 (0.485)
Epoch: [4][18/114]	Time 0.117 (0.115)	Data 0.020 (0.021)	Loss 0.1282 (0.1346)	MAE 0.517 (0.487)
Epoch: [4][19/114]	Time 0.121 (0.116)	Data 0.028 (0.022)	Loss 0.1233 (0.1340)	MAE 0.476 (0.486)
Epoch: [4][20/114]	Time 0.107 (0.115)	Data 0.017 (0.021)	Loss 0.1224 (0.1335)	MAE 0.491 (0.487)
Epoch: [4][21/114]	Time 0.115 (0.115)	Data 0.021 (0.021)	Loss 0.1246 (0.1331)	MAE 0.481 (0.486)
Epoch: [4][22/114]	Time 0.106 (0.115)	Data 0.013 (0.021)	Loss 0.1112 (0.1321)	MAE 0.440 (0.484)
Epoch: [4][23/114]	Time 0.111 (0.115)	Data 0.020 (0.021)	Loss 0.1551 (0.1331)	MAE 0.562 (0.488)
Epoch: [4][24/114]	Time 0.103 (0.114)	Data 0.014 (0.021)	Loss 0.1085 (0.1321)	MAE 0.427 (0.485)
Epoch: [4][25/114]	Time 0.113 (0.114)	Data 0.020 (0.021)	Loss 0.1101 (0.1312)	MAE 0.423 (0.483)
Epoch: [4][26/114]	Time 0.116 (0.114)	Data 0.018 (0.021)	Loss 0.1194 (0.1308)	MAE 0.459 (0.482)
Epoch: [4][27/114]	Time 0.119 (0.115)	Data 0.026 (0.021)	Loss 0.1198 (0.1304)	MAE 0.454 (0.481)
Epoch: [4][28/114]	Time 0.118 (0.115)	Data 0.026 (0.021)	Loss 0.1237 (0.1302)	MAE 0.475 (0.481)
Epoch: [4][29/114]	Time 0.127 (0.115)	Data 0.030 (0.021)	Loss 0.1086 (0.1295)	MAE 0.446 (0.480)
Epoch: [4][30/114]	Time 0.104 (0.115)	Data 0.013 (0.021)	Loss 0.1280 (0.1294)	MAE 0.463 (0.479)
Epoch: [4][31/114]	Time 0.120 (0.115)	Data 0.024 (0.021)	Loss 0.1247 (0.1293)	MAE 0.467 (0.479)
Epoch: [4][32/114]	Time 0.115 (0.115)	Data 0.019 (0.021)	Loss 0.1355 (0.1295)	MAE 0.480 (0.479)
Epoch: [4][33/114]	Time 0.119 (0.115)	Data 0.019 (0.021)	Loss 0.1328 (0.1296)	MAE 0.473 (0.478)
Epoch: [4][34/114]	Time 0.113 (0.115)	Data 0.014 (0.021)	Loss 0.1006 (0.1287)	MAE 0.446 (0.478)
Epoch: [4][35/114]	Time 0.118 (0.115)	Data 0.025 (0.021)	Loss 0.1272 (0.1287)	MAE 0.502 (0.478)
Epoch: [4][36/114]	Time 0.120 (0.115)	Data 0.017 (0.021)	Loss 0.1267 (0.1286)	MAE 0.490 (0.479)
Epoch: [4][37/114]	Time 0.112 (0.115)	Data 0.022 (0.021)	Loss 0.1406 (0.1289)	MAE 0.513 (0.479)
Epoch: [4][38/114]	Time 0.107 (0.115)	Data 0.016 (0.021)	Loss 0.1348 (0.1291)	MAE 0.494 (0.480)
Epoch: [4][39/114]	Time 0.114 (0.115)	Data 0.022 (0.021)	Loss 0.1317 (0.1292)	MAE 0.474 (0.480)
Epoch: [4][40/114]	Time 0.108 (0.115)	Data 0.018 (0.021)	Loss 0.1234 (0.1290)	MAE 0.445 (0.479)
Epoch: [4][41/114]	Time 0.117 (0.115)	Data 0.022 (0.021)	Loss 0.1475 (0.1295)	MAE 0.509 (0.480)
Epoch: [4][42/114]	Time 0.103 (0.114)	Data 0.015 (0.021)	Loss 0.1218 (0.1293)	MAE 0.464 (0.479)
Epoch: [4][43/114]	Time 0.112 (0.114)	Data 0.021 (0.021)	Loss 0.1592 (0.1300)	MAE 0.560 (0.481)
Epoch: [4][44/114]	Time 0.106 (0.114)	Data 0.016 (0.021)	Loss 0.1698 (0.1308)	MAE 0.570 (0.483)
Epoch: [4][45/114]	Time 0.126 (0.114)	Data 0.025 (0.021)	Loss 0.1388 (0.1310)	MAE 0.526 (0.484)
Epoch: [4][46/114]	Time 0.110 (0.114)	Data 0.022 (0.021)	Loss 0.1238 (0.1309)	MAE 0.460 (0.483)
Epoch: [4][47/114]	Time 0.129 (0.115)	Data 0.027 (0.021)	Loss 0.1342 (0.1309)	MAE 0.499 (0.484)
Epoch: [4][48/114]	Time 0.128 (0.115)	Data 0.021 (0.021)	Loss 0.2009 (0.1324)	MAE 0.635 (0.487)
Epoch: [4][49/114]	Time 0.116 (0.115)	Data 0.025 (0.021)	Loss 0.1519 (0.1328)	MAE 0.508 (0.487)
Epoch: [4][50/114]	Time 0.119 (0.115)	Data 0.022 (0.021)	Loss 0.1237 (0.1326)	MAE 0.466 (0.487)
Epoch: [4][51/114]	Time 0.126 (0.115)	Data 0.028 (0.021)	Loss 0.1136 (0.1322)	MAE 0.451 (0.486)
Epoch: [4][52/114]	Time 0.113 (0.115)	Data 0.017 (0.021)	Loss 0.1613 (0.1328)	MAE 0.577 (0.488)
Epoch: [4][53/114]	Time 0.134 (0.116)	Data 0.034 (0.021)	Loss 0.1648 (0.1334)	MAE 0.595 (0.490)
Epoch: [4][54/114]	Time 0.109 (0.115)	Data 0.014 (0.021)	Loss 0.1816 (0.1342)	MAE 0.565 (0.491)
Epoch: [4][55/114]	Time 0.140 (0.116)	Data 0.046 (0.022)	Loss 0.1312 (0.1342)	MAE 0.475 (0.491)
Epoch: [4][56/114]	Time 0.117 (0.116)	Data 0.019 (0.021)	Loss 0.1077 (0.1337)	MAE 0.416 (0.490)
Epoch: [4][57/114]	Time 0.132 (0.116)	Data 0.030 (0.022)	Loss 0.1473 (0.1340)	MAE 0.510 (0.490)
Epoch: [4][58/114]	Time 0.120 (0.116)	Data 0.021 (0.022)	Loss 0.1546 (0.1343)	MAE 0.509 (0.490)
Epoch: [4][59/114]	Time 0.119 (0.116)	Data 0.022 (0.022)	Loss 0.1691 (0.1349)	MAE 0.498 (0.490)
Epoch: [4][60/114]	Time 0.111 (0.116)	Data 0.018 (0.022)	Loss 0.1185 (0.1346)	MAE 0.454 (0.490)
Epoch: [4][61/114]	Time 0.115 (0.116)	Data 0.020 (0.022)	Loss 0.1428 (0.1347)	MAE 0.456 (0.489)
Epoch: [4][62/114]	Time 0.116 (0.116)	Data 0.024 (0.022)	Loss 0.1365 (0.1348)	MAE 0.513 (0.490)
Epoch: [4][63/114]	Time 0.119 (0.116)	Data 0.016 (0.021)	Loss 0.1468 (0.1350)	MAE 0.475 (0.489)
Epoch: [4][64/114]	Time 0.111 (0.116)	Data 0.018 (0.021)	Loss 0.1592 (0.1353)	MAE 0.551 (0.490)
Epoch: [4][65/114]	Time 0.114 (0.116)	Data 0.024 (0.021)	Loss 0.1232 (0.1351)	MAE 0.483 (0.490)
Epoch: [4][66/114]	Time 0.144 (0.117)	Data 0.034 (0.022)	Loss 0.1291 (0.1351)	MAE 0.502 (0.490)
Epoch: [4][67/114]	Time 0.126 (0.117)	Data 0.032 (0.022)	Loss 0.1331 (0.1350)	MAE 0.446 (0.490)
Epoch: [4][68/114]	Time 0.113 (0.117)	Data 0.017 (0.022)	Loss 0.1566 (0.1353)	MAE 0.456 (0.489)
Epoch: [4][69/114]	Time 0.125 (0.117)	Data 0.022 (0.022)	Loss 0.1636 (0.1357)	MAE 0.535 (0.490)
Epoch: [4][70/114]	Time 0.114 (0.117)	Data 0.017 (0.022)	Loss 0.1152 (0.1355)	MAE 0.436 (0.489)
Epoch: [4][71/114]	Time 0.117 (0.117)	Data 0.022 (0.022)	Loss 0.1230 (0.1353)	MAE 0.460 (0.489)
Epoch: [4][72/114]	Time 0.110 (0.117)	Data 0.018 (0.022)	Loss 0.1228 (0.1351)	MAE 0.454 (0.488)
Epoch: [4][73/114]	Time 0.120 (0.117)	Data 0.024 (0.022)	Loss 0.1068 (0.1347)	MAE 0.448 (0.488)
Epoch: [4][74/114]	Time 0.116 (0.117)	Data 0.024 (0.022)	Loss 0.1378 (0.1348)	MAE 0.487 (0.488)
Epoch: [4][75/114]	Time 0.127 (0.117)	Data 0.023 (0.022)	Loss 0.1456 (0.1349)	MAE 0.503 (0.488)
Epoch: [4][76/114]	Time 0.123 (0.117)	Data 0.019 (0.022)	Loss 0.1162 (0.1347)	MAE 0.475 (0.488)
Epoch: [4][77/114]	Time 0.124 (0.117)	Data 0.026 (0.022)	Loss 0.0945 (0.1342)	MAE 0.411 (0.487)
Epoch: [4][78/114]	Time 0.119 (0.117)	Data 0.021 (0.022)	Loss 0.1343 (0.1342)	MAE 0.501 (0.487)
Epoch: [4][79/114]	Time 0.118 (0.117)	Data 0.027 (0.022)	Loss 0.1239 (0.1340)	MAE 0.465 (0.487)
Epoch: [4][80/114]	Time 0.112 (0.117)	Data 0.016 (0.022)	Loss 0.1555 (0.1343)	MAE 0.539 (0.487)
Epoch: [4][81/114]	Time 0.120 (0.117)	Data 0.021 (0.022)	Loss 0.2041 (0.1351)	MAE 0.536 (0.488)
Epoch: [4][82/114]	Time 0.114 (0.117)	Data 0.020 (0.022)	Loss 0.1544 (0.1354)	MAE 0.482 (0.488)
Epoch: [4][83/114]	Time 0.110 (0.117)	Data 0.018 (0.022)	Loss 0.0945 (0.1349)	MAE 0.408 (0.487)
Epoch: [4][84/114]	Time 0.120 (0.117)	Data 0.026 (0.022)	Loss 0.1392 (0.1349)	MAE 0.484 (0.487)
Epoch: [4][85/114]	Time 0.133 (0.117)	Data 0.037 (0.022)	Loss 0.1173 (0.1347)	MAE 0.450 (0.486)
Epoch: [4][86/114]	Time 0.109 (0.117)	Data 0.015 (0.022)	Loss 0.1492 (0.1349)	MAE 0.536 (0.487)
Epoch: [4][87/114]	Time 0.117 (0.117)	Data 0.023 (0.022)	Loss 0.1199 (0.1347)	MAE 0.485 (0.487)
Epoch: [4][88/114]	Time 0.115 (0.117)	Data 0.021 (0.022)	Loss 0.0965 (0.1343)	MAE 0.417 (0.486)
Epoch: [4][89/114]	Time 0.113 (0.117)	Data 0.020 (0.022)	Loss 0.1297 (0.1342)	MAE 0.498 (0.486)
Epoch: [4][90/114]	Time 0.105 (0.117)	Data 0.014 (0.022)	Loss 0.1261 (0.1342)	MAE 0.486 (0.486)
Epoch: [4][91/114]	Time 0.107 (0.117)	Data 0.017 (0.022)	Loss 0.0940 (0.1337)	MAE 0.417 (0.486)
Epoch: [4][92/114]	Time 0.128 (0.117)	Data 0.021 (0.022)	Loss 0.1258 (0.1336)	MAE 0.472 (0.485)
Epoch: [4][93/114]	Time 0.116 (0.117)	Data 0.021 (0.022)	Loss 0.1371 (0.1337)	MAE 0.524 (0.486)
Epoch: [4][94/114]	Time 0.125 (0.117)	Data 0.030 (0.022)	Loss 0.1353 (0.1337)	MAE 0.474 (0.486)
Epoch: [4][95/114]	Time 0.127 (0.117)	Data 0.035 (0.022)	Loss 0.1023 (0.1334)	MAE 0.409 (0.485)
Epoch: [4][96/114]	Time 0.108 (0.117)	Data 0.015 (0.022)	Loss 0.1369 (0.1334)	MAE 0.483 (0.485)
Epoch: [4][97/114]	Time 0.111 (0.117)	Data 0.020 (0.022)	Loss 0.1515 (0.1336)	MAE 0.555 (0.486)
Epoch: [4][98/114]	Time 0.104 (0.117)	Data 0.013 (0.022)	Loss 0.1393 (0.1336)	MAE 0.484 (0.486)
Epoch: [4][99/114]	Time 0.099 (0.117)	Data 0.018 (0.022)	Loss 0.1154 (0.1335)	MAE 0.450 (0.485)
Epoch: [4][100/114]	Time 0.111 (0.116)	Data 0.014 (0.022)	Loss 0.1116 (0.1332)	MAE 0.466 (0.485)
Epoch: [4][101/114]	Time 0.109 (0.116)	Data 0.019 (0.022)	Loss 0.1175 (0.1331)	MAE 0.468 (0.485)
Epoch: [4][102/114]	Time 0.109 (0.116)	Data 0.016 (0.021)	Loss 0.1194 (0.1330)	MAE 0.439 (0.484)
Epoch: [4][103/114]	Time 0.111 (0.116)	Data 0.017 (0.021)	Loss 0.1188 (0.1328)	MAE 0.438 (0.484)
Epoch: [4][104/114]	Time 0.116 (0.116)	Data 0.017 (0.021)	Loss 0.1138 (0.1326)	MAE 0.420 (0.483)
Epoch: [4][105/114]	Time 0.126 (0.116)	Data 0.026 (0.021)	Loss 0.1256 (0.1326)	MAE 0.463 (0.483)
Epoch: [4][106/114]	Time 0.114 (0.116)	Data 0.020 (0.021)	Loss 0.1139 (0.1324)	MAE 0.442 (0.483)
Epoch: [4][107/114]	Time 0.114 (0.116)	Data 0.020 (0.021)	Loss 0.1093 (0.1322)	MAE 0.416 (0.482)
Epoch: [4][108/114]	Time 0.111 (0.116)	Data 0.016 (0.021)	Loss 0.1559 (0.1324)	MAE 0.520 (0.483)
Epoch: [4][109/114]	Time 0.128 (0.116)	Data 0.023 (0.021)	Loss 0.1337 (0.1324)	MAE 0.512 (0.483)
Epoch: [4][110/114]	Time 0.113 (0.116)	Data 0.015 (0.021)	Loss 0.1216 (0.1323)	MAE 0.427 (0.482)
Epoch: [4][111/114]	Time 0.126 (0.116)	Data 0.026 (0.021)	Loss 0.0992 (0.1320)	MAE 0.433 (0.482)
Epoch: [4][112/114]	Time 0.131 (0.117)	Data 0.033 (0.021)	Loss 0.1126 (0.1318)	MAE 0.455 (0.482)
Epoch: [4][113/114]	Time 0.109 (0.117)	Data 0.038 (0.022)	Loss 0.1146 (0.1318)	MAE 0.442 (0.481)
Test: [0/15]	Time 0.063 (0.063)	Loss 0.1148 (0.1148)	MAE 0.430 (0.430)
Test: [1/15]	Time 0.055 (0.059)	Loss 0.1292 (0.1220)	MAE 0.444 (0.437)
Test: [2/15]	Time 0.051 (0.056)	Loss 0.1208 (0.1216)	MAE 0.446 (0.440)
Test: [3/15]	Time 0.042 (0.053)	Loss 0.1287 (0.1234)	MAE 0.475 (0.449)
Test: [4/15]	Time 0.043 (0.051)	Loss 0.1306 (0.1248)	MAE 0.465 (0.452)
Test: [5/15]	Time 0.051 (0.051)	Loss 0.1053 (0.1216)	MAE 0.435 (0.449)
Test: [6/15]	Time 0.044 (0.050)	Loss 0.1232 (0.1218)	MAE 0.455 (0.450)
Test: [7/15]	Time 0.053 (0.050)	Loss 0.1126 (0.1206)	MAE 0.440 (0.449)
Test: [8/15]	Time 0.041 (0.049)	Loss 0.1332 (0.1220)	MAE 0.472 (0.451)
Test: [9/15]	Time 0.047 (0.049)	Loss 0.1485 (0.1247)	MAE 0.487 (0.455)
Test: [10/15]	Time 0.064 (0.050)	Loss 0.1270 (0.1249)	MAE 0.463 (0.455)
Test: [11/15]	Time 0.047 (0.050)	Loss 0.1128 (0.1239)	MAE 0.449 (0.455)
Test: [12/15]	Time 0.049 (0.050)	Loss 0.1234 (0.1238)	MAE 0.438 (0.454)
Test: [13/15]	Time 0.047 (0.050)	Loss 0.1659 (0.1268)	MAE 0.504 (0.457)
Test: [14/15]	Time 0.020 (0.048)	Loss 0.1308 (0.1269)	MAE 0.477 (0.458)
 * MAE 0.458
Epoch: [5][0/114]	Time 0.156 (0.156)	Data 0.065 (0.065)	Loss 0.1411 (0.1411)	MAE 0.511 (0.511)
Epoch: [5][1/114]	Time 0.113 (0.135)	Data 0.014 (0.040)	Loss 0.1405 (0.1408)	MAE 0.481 (0.496)
Epoch: [5][2/114]	Time 0.128 (0.132)	Data 0.028 (0.036)	Loss 0.1151 (0.1322)	MAE 0.437 (0.477)
Epoch: [5][3/114]	Time 0.133 (0.133)	Data 0.023 (0.033)	Loss 0.1120 (0.1272)	MAE 0.451 (0.470)
Epoch: [5][4/114]	Time 0.129 (0.132)	Data 0.034 (0.033)	Loss 0.1417 (0.1301)	MAE 0.468 (0.470)
Epoch: [5][5/114]	Time 0.106 (0.128)	Data 0.014 (0.030)	Loss 0.1202 (0.1284)	MAE 0.480 (0.472)
Epoch: [5][6/114]	Time 0.109 (0.125)	Data 0.019 (0.028)	Loss 0.1517 (0.1318)	MAE 0.537 (0.481)
Epoch: [5][7/114]	Time 0.118 (0.124)	Data 0.019 (0.027)	Loss 0.1203 (0.1303)	MAE 0.451 (0.477)
Epoch: [5][8/114]	Time 0.116 (0.123)	Data 0.020 (0.026)	Loss 0.1029 (0.1273)	MAE 0.416 (0.470)
Epoch: [5][9/114]	Time 0.118 (0.123)	Data 0.023 (0.026)	Loss 0.1058 (0.1251)	MAE 0.428 (0.466)
Epoch: [5][10/114]	Time 0.126 (0.123)	Data 0.030 (0.026)	Loss 0.1218 (0.1248)	MAE 0.476 (0.467)
Epoch: [5][11/114]	Time 0.109 (0.122)	Data 0.013 (0.025)	Loss 0.1059 (0.1233)	MAE 0.451 (0.466)
Epoch: [5][12/114]	Time 0.122 (0.122)	Data 0.030 (0.026)	Loss 0.1508 (0.1254)	MAE 0.517 (0.470)
Epoch: [5][13/114]	Time 0.104 (0.121)	Data 0.014 (0.025)	Loss 0.1028 (0.1238)	MAE 0.445 (0.468)
Epoch: [5][14/114]	Time 0.116 (0.120)	Data 0.023 (0.025)	Loss 0.1087 (0.1228)	MAE 0.442 (0.466)
Epoch: [5][15/114]	Time 0.106 (0.119)	Data 0.016 (0.024)	Loss 0.1268 (0.1230)	MAE 0.460 (0.466)
Epoch: [5][16/114]	Time 0.112 (0.119)	Data 0.020 (0.024)	Loss 0.1366 (0.1238)	MAE 0.462 (0.465)
Epoch: [5][17/114]	Time 0.111 (0.119)	Data 0.017 (0.023)	Loss 0.1319 (0.1243)	MAE 0.474 (0.466)
Epoch: [5][18/114]	Time 0.114 (0.118)	Data 0.016 (0.023)	Loss 0.1503 (0.1256)	MAE 0.514 (0.469)
Epoch: [5][19/114]	Time 0.110 (0.118)	Data 0.015 (0.023)	Loss 0.1166 (0.1252)	MAE 0.432 (0.467)
Epoch: [5][20/114]	Time 0.112 (0.118)	Data 0.019 (0.023)	Loss 0.1348 (0.1256)	MAE 0.474 (0.467)
Epoch: [5][21/114]	Time 0.114 (0.117)	Data 0.022 (0.023)	Loss 0.1509 (0.1268)	MAE 0.511 (0.469)
Epoch: [5][22/114]	Time 0.116 (0.117)	Data 0.021 (0.022)	Loss 0.1072 (0.1259)	MAE 0.467 (0.469)
Epoch: [5][23/114]	Time 0.121 (0.118)	Data 0.025 (0.023)	Loss 0.1267 (0.1260)	MAE 0.511 (0.471)
Epoch: [5][24/114]	Time 0.114 (0.117)	Data 0.022 (0.023)	Loss 0.1127 (0.1254)	MAE 0.420 (0.469)
Epoch: [5][25/114]	Time 0.106 (0.117)	Data 0.016 (0.022)	Loss 0.1170 (0.1251)	MAE 0.447 (0.468)
Epoch: [5][26/114]	Time 0.117 (0.117)	Data 0.022 (0.022)	Loss 0.1296 (0.1253)	MAE 0.462 (0.468)
Epoch: [5][27/114]	Time 0.109 (0.117)	Data 0.018 (0.022)	Loss 0.1068 (0.1246)	MAE 0.444 (0.467)
Epoch: [5][28/114]	Time 0.113 (0.117)	Data 0.018 (0.022)	Loss 0.1143 (0.1243)	MAE 0.448 (0.466)
Epoch: [5][29/114]	Time 0.112 (0.116)	Data 0.018 (0.022)	Loss 0.1881 (0.1264)	MAE 0.513 (0.468)
Epoch: [5][30/114]	Time 0.133 (0.117)	Data 0.031 (0.022)	Loss 0.1261 (0.1264)	MAE 0.447 (0.467)
Epoch: [5][31/114]	Time 0.135 (0.117)	Data 0.034 (0.023)	Loss 0.1021 (0.1256)	MAE 0.422 (0.466)
Epoch: [5][32/114]	Time 0.109 (0.117)	Data 0.016 (0.022)	Loss 0.1054 (0.1250)	MAE 0.440 (0.465)
Epoch: [5][33/114]	Time 0.110 (0.117)	Data 0.017 (0.022)	Loss 0.1180 (0.1248)	MAE 0.460 (0.465)
Epoch: [5][34/114]	Time 0.104 (0.117)	Data 0.017 (0.022)	Loss 0.1244 (0.1248)	MAE 0.453 (0.464)
Epoch: [5][35/114]	Time 0.111 (0.116)	Data 0.020 (0.022)	Loss 0.1200 (0.1247)	MAE 0.453 (0.464)
Epoch: [5][36/114]	Time 0.108 (0.116)	Data 0.012 (0.022)	Loss 0.1248 (0.1247)	MAE 0.493 (0.465)
Epoch: [5][37/114]	Time 0.106 (0.116)	Data 0.017 (0.022)	Loss 0.1240 (0.1246)	MAE 0.503 (0.466)
Epoch: [5][38/114]	Time 0.115 (0.116)	Data 0.019 (0.021)	Loss 0.1253 (0.1247)	MAE 0.479 (0.466)
Epoch: [5][39/114]	Time 0.111 (0.116)	Data 0.017 (0.021)	Loss 0.1432 (0.1251)	MAE 0.423 (0.465)
Epoch: [5][40/114]	Time 0.103 (0.116)	Data 0.015 (0.021)	Loss 0.1363 (0.1254)	MAE 0.454 (0.465)
Epoch: [5][41/114]	Time 0.120 (0.116)	Data 0.024 (0.021)	Loss 0.1023 (0.1248)	MAE 0.416 (0.464)
Epoch: [5][42/114]	Time 0.116 (0.116)	Data 0.024 (0.021)	Loss 0.0955 (0.1242)	MAE 0.403 (0.462)
Epoch: [5][43/114]	Time 0.117 (0.116)	Data 0.021 (0.021)	Loss 0.1325 (0.1244)	MAE 0.452 (0.462)
Epoch: [5][44/114]	Time 0.103 (0.115)	Data 0.013 (0.021)	Loss 0.1620 (0.1252)	MAE 0.467 (0.462)
Epoch: [5][45/114]	Time 0.112 (0.115)	Data 0.019 (0.021)	Loss 0.1271 (0.1252)	MAE 0.454 (0.462)
Epoch: [5][46/114]	Time 0.109 (0.115)	Data 0.016 (0.021)	Loss 0.1433 (0.1256)	MAE 0.485 (0.462)
Epoch: [5][47/114]	Time 0.112 (0.115)	Data 0.018 (0.021)	Loss 0.1462 (0.1260)	MAE 0.539 (0.464)
Epoch: [5][48/114]	Time 0.112 (0.115)	Data 0.016 (0.021)	Loss 0.1171 (0.1259)	MAE 0.462 (0.464)
Epoch: [5][49/114]	Time 0.121 (0.115)	Data 0.024 (0.021)	Loss 0.1036 (0.1254)	MAE 0.414 (0.463)
Epoch: [5][50/114]	Time 0.118 (0.115)	Data 0.021 (0.021)	Loss 0.1166 (0.1252)	MAE 0.440 (0.463)
Epoch: [5][51/114]	Time 0.114 (0.115)	Data 0.024 (0.021)	Loss 0.1269 (0.1253)	MAE 0.506 (0.463)
Epoch: [5][52/114]	Time 0.114 (0.115)	Data 0.020 (0.021)	Loss 0.1312 (0.1254)	MAE 0.507 (0.464)
Epoch: [5][53/114]	Time 0.107 (0.115)	Data 0.017 (0.021)	Loss 0.0982 (0.1249)	MAE 0.401 (0.463)
Epoch: [5][54/114]	Time 0.107 (0.115)	Data 0.017 (0.021)	Loss 0.1193 (0.1248)	MAE 0.444 (0.463)
Epoch: [5][55/114]	Time 0.110 (0.115)	Data 0.021 (0.021)	Loss 0.0911 (0.1242)	MAE 0.386 (0.461)
Epoch: [5][56/114]	Time 0.113 (0.115)	Data 0.020 (0.021)	Loss 0.1238 (0.1242)	MAE 0.461 (0.461)
Epoch: [5][57/114]	Time 0.115 (0.115)	Data 0.018 (0.021)	Loss 0.0984 (0.1237)	MAE 0.409 (0.460)
Epoch: [5][58/114]	Time 0.103 (0.115)	Data 0.015 (0.021)	Loss 0.0999 (0.1233)	MAE 0.408 (0.460)
Epoch: [5][59/114]	Time 0.123 (0.115)	Data 0.026 (0.021)	Loss 0.1029 (0.1230)	MAE 0.424 (0.459)
Epoch: [5][60/114]	Time 0.114 (0.115)	Data 0.020 (0.021)	Loss 0.0976 (0.1226)	MAE 0.397 (0.458)
Epoch: [5][61/114]	Time 0.115 (0.115)	Data 0.020 (0.021)	Loss 0.1092 (0.1224)	MAE 0.418 (0.457)
Epoch: [5][62/114]	Time 0.108 (0.115)	Data 0.013 (0.021)	Loss 0.1194 (0.1223)	MAE 0.487 (0.458)
Epoch: [5][63/114]	Time 0.121 (0.115)	Data 0.021 (0.021)	Loss 0.0998 (0.1220)	MAE 0.409 (0.457)
Epoch: [5][64/114]	Time 0.101 (0.114)	Data 0.017 (0.021)	Loss 0.1023 (0.1217)	MAE 0.409 (0.456)
Epoch: [5][65/114]	Time 0.111 (0.114)	Data 0.020 (0.021)	Loss 0.1037 (0.1214)	MAE 0.466 (0.456)
Epoch: [5][66/114]	Time 0.115 (0.114)	Data 0.014 (0.020)	Loss 0.1148 (0.1213)	MAE 0.486 (0.457)
Epoch: [5][67/114]	Time 0.115 (0.114)	Data 0.024 (0.020)	Loss 0.0958 (0.1209)	MAE 0.423 (0.456)
Epoch: [5][68/114]	Time 0.113 (0.114)	Data 0.021 (0.020)	Loss 0.1300 (0.1210)	MAE 0.474 (0.457)
Epoch: [5][69/114]	Time 0.115 (0.114)	Data 0.022 (0.021)	Loss 0.1278 (0.1211)	MAE 0.482 (0.457)
Epoch: [5][70/114]	Time 0.122 (0.115)	Data 0.029 (0.021)	Loss 0.0947 (0.1208)	MAE 0.419 (0.456)
Epoch: [5][71/114]	Time 0.117 (0.115)	Data 0.027 (0.021)	Loss 0.1316 (0.1209)	MAE 0.506 (0.457)
Epoch: [5][72/114]	Time 0.111 (0.115)	Data 0.015 (0.021)	Loss 0.1382 (0.1212)	MAE 0.484 (0.457)
Epoch: [5][73/114]	Time 0.116 (0.115)	Data 0.020 (0.021)	Loss 0.1257 (0.1212)	MAE 0.470 (0.458)
Epoch: [5][74/114]	Time 0.108 (0.114)	Data 0.018 (0.021)	Loss 0.1299 (0.1213)	MAE 0.438 (0.457)
Epoch: [5][75/114]	Time 0.111 (0.114)	Data 0.021 (0.021)	Loss 0.1219 (0.1213)	MAE 0.493 (0.458)
Epoch: [5][76/114]	Time 0.111 (0.114)	Data 0.016 (0.021)	Loss 0.1217 (0.1213)	MAE 0.450 (0.458)
Epoch: [5][77/114]	Time 0.114 (0.114)	Data 0.018 (0.021)	Loss 0.1364 (0.1215)	MAE 0.483 (0.458)
Epoch: [5][78/114]	Time 0.112 (0.114)	Data 0.018 (0.020)	Loss 0.1310 (0.1217)	MAE 0.511 (0.459)
Epoch: [5][79/114]	Time 0.121 (0.114)	Data 0.021 (0.021)	Loss 0.1084 (0.1215)	MAE 0.411 (0.458)
Epoch: [5][80/114]	Time 0.117 (0.114)	Data 0.021 (0.021)	Loss 0.1114 (0.1214)	MAE 0.417 (0.458)
Epoch: [5][81/114]	Time 0.120 (0.115)	Data 0.027 (0.021)	Loss 0.1215 (0.1214)	MAE 0.427 (0.457)
Epoch: [5][82/114]	Time 0.116 (0.115)	Data 0.020 (0.021)	Loss 0.1170 (0.1213)	MAE 0.460 (0.457)
Epoch: [5][83/114]	Time 0.118 (0.115)	Data 0.025 (0.021)	Loss 0.1062 (0.1211)	MAE 0.423 (0.457)
Epoch: [5][84/114]	Time 0.111 (0.115)	Data 0.020 (0.021)	Loss 0.1196 (0.1211)	MAE 0.449 (0.457)
Epoch: [5][85/114]	Time 0.112 (0.115)	Data 0.017 (0.021)	Loss 0.1173 (0.1211)	MAE 0.446 (0.457)
Epoch: [5][86/114]	Time 0.106 (0.114)	Data 0.013 (0.021)	Loss 0.1391 (0.1213)	MAE 0.503 (0.457)
Epoch: [5][87/114]	Time 0.115 (0.114)	Data 0.023 (0.021)	Loss 0.1070 (0.1211)	MAE 0.463 (0.457)
Epoch: [5][88/114]	Time 0.118 (0.114)	Data 0.016 (0.020)	Loss 0.1414 (0.1213)	MAE 0.513 (0.458)
Epoch: [5][89/114]	Time 0.126 (0.115)	Data 0.033 (0.021)	Loss 0.1000 (0.1211)	MAE 0.434 (0.458)
Epoch: [5][90/114]	Time 0.116 (0.115)	Data 0.020 (0.021)	Loss 0.1453 (0.1214)	MAE 0.459 (0.458)
Epoch: [5][91/114]	Time 0.108 (0.115)	Data 0.018 (0.021)	Loss 0.1330 (0.1215)	MAE 0.488 (0.458)
Epoch: [5][92/114]	Time 0.109 (0.115)	Data 0.016 (0.021)	Loss 0.0989 (0.1213)	MAE 0.425 (0.458)
Epoch: [5][93/114]	Time 0.114 (0.115)	Data 0.022 (0.021)	Loss 0.1258 (0.1213)	MAE 0.463 (0.458)
Epoch: [5][94/114]	Time 0.111 (0.114)	Data 0.016 (0.021)	Loss 0.1266 (0.1214)	MAE 0.417 (0.457)
Epoch: [5][95/114]	Time 0.105 (0.114)	Data 0.016 (0.020)	Loss 0.1212 (0.1214)	MAE 0.443 (0.457)
Epoch: [5][96/114]	Time 0.108 (0.114)	Data 0.016 (0.020)	Loss 0.1182 (0.1213)	MAE 0.429 (0.457)
Epoch: [5][97/114]	Time 0.111 (0.114)	Data 0.024 (0.020)	Loss 0.1160 (0.1213)	MAE 0.448 (0.457)
Epoch: [5][98/114]	Time 0.112 (0.114)	Data 0.020 (0.020)	Loss 0.0991 (0.1211)	MAE 0.422 (0.456)
Epoch: [5][99/114]	Time 0.108 (0.114)	Data 0.020 (0.020)	Loss 0.1080 (0.1209)	MAE 0.448 (0.456)
Epoch: [5][100/114]	Time 0.119 (0.114)	Data 0.029 (0.021)	Loss 0.1205 (0.1209)	MAE 0.494 (0.457)
Epoch: [5][101/114]	Time 0.125 (0.114)	Data 0.025 (0.021)	Loss 0.1341 (0.1210)	MAE 0.508 (0.457)
Epoch: [5][102/114]	Time 0.114 (0.114)	Data 0.019 (0.021)	Loss 0.1627 (0.1214)	MAE 0.512 (0.458)
Epoch: [5][103/114]	Time 0.119 (0.114)	Data 0.022 (0.021)	Loss 0.1005 (0.1212)	MAE 0.443 (0.458)
Epoch: [5][104/114]	Time 0.107 (0.114)	Data 0.016 (0.021)	Loss 0.1253 (0.1213)	MAE 0.489 (0.458)
Epoch: [5][105/114]	Time 0.111 (0.114)	Data 0.020 (0.021)	Loss 0.1690 (0.1217)	MAE 0.586 (0.459)
Epoch: [5][106/114]	Time 0.110 (0.114)	Data 0.018 (0.020)	Loss 0.1293 (0.1218)	MAE 0.460 (0.459)
Epoch: [5][107/114]	Time 0.119 (0.114)	Data 0.023 (0.021)	Loss 0.1184 (0.1218)	MAE 0.443 (0.459)
Epoch: [5][108/114]	Time 0.111 (0.114)	Data 0.021 (0.021)	Loss 0.1211 (0.1218)	MAE 0.459 (0.459)
Epoch: [5][109/114]	Time 0.127 (0.114)	Data 0.030 (0.021)	Loss 0.1428 (0.1220)	MAE 0.511 (0.459)
Epoch: [5][110/114]	Time 0.115 (0.114)	Data 0.020 (0.021)	Loss 0.0987 (0.1218)	MAE 0.414 (0.459)
Epoch: [5][111/114]	Time 0.117 (0.114)	Data 0.021 (0.021)	Loss 0.1160 (0.1217)	MAE 0.473 (0.459)
Epoch: [5][112/114]	Time 0.106 (0.114)	Data 0.014 (0.021)	Loss 0.1199 (0.1217)	MAE 0.449 (0.459)
Epoch: [5][113/114]	Time 0.089 (0.114)	Data 0.027 (0.021)	Loss 0.0880 (0.1215)	MAE 0.414 (0.459)
Test: [0/15]	Time 0.049 (0.049)	Loss 0.1096 (0.1096)	MAE 0.446 (0.446)
Test: [1/15]	Time 0.046 (0.047)	Loss 0.1335 (0.1215)	MAE 0.463 (0.455)
Test: [2/15]	Time 0.045 (0.047)	Loss 0.1474 (0.1302)	MAE 0.493 (0.467)
Test: [3/15]	Time 0.053 (0.048)	Loss 0.1189 (0.1273)	MAE 0.455 (0.464)
Test: [4/15]	Time 0.042 (0.047)	Loss 0.1359 (0.1291)	MAE 0.460 (0.463)
Test: [5/15]	Time 0.050 (0.047)	Loss 0.1349 (0.1300)	MAE 0.465 (0.464)
Test: [6/15]	Time 0.050 (0.048)	Loss 0.1155 (0.1280)	MAE 0.440 (0.460)
Test: [7/15]	Time 0.049 (0.048)	Loss 0.1117 (0.1259)	MAE 0.433 (0.457)
Test: [8/15]	Time 0.041 (0.047)	Loss 0.1164 (0.1249)	MAE 0.454 (0.456)
Test: [9/15]	Time 0.053 (0.048)	Loss 0.0946 (0.1218)	MAE 0.419 (0.453)
Test: [10/15]	Time 0.044 (0.047)	Loss 0.1215 (0.1218)	MAE 0.448 (0.452)
Test: [11/15]	Time 0.054 (0.048)	Loss 0.0991 (0.1199)	MAE 0.418 (0.450)
Test: [12/15]	Time 0.056 (0.049)	Loss 0.1270 (0.1205)	MAE 0.462 (0.450)
Test: [13/15]	Time 0.055 (0.049)	Loss 0.1256 (0.1208)	MAE 0.462 (0.451)
Test: [14/15]	Time 0.025 (0.047)	Loss 0.0953 (0.1205)	MAE 0.429 (0.451)
 * MAE 0.451
Epoch: [6][0/114]	Time 0.157 (0.157)	Data 0.065 (0.065)	Loss 0.1205 (0.1205)	MAE 0.456 (0.456)
Epoch: [6][1/114]	Time 0.107 (0.132)	Data 0.015 (0.040)	Loss 0.1297 (0.1251)	MAE 0.466 (0.461)
Epoch: [6][2/114]	Time 0.110 (0.125)	Data 0.017 (0.032)	Loss 0.1252 (0.1252)	MAE 0.456 (0.459)
Epoch: [6][3/114]	Time 0.107 (0.120)	Data 0.015 (0.028)	Loss 0.1037 (0.1198)	MAE 0.414 (0.448)
Epoch: [6][4/114]	Time 0.106 (0.118)	Data 0.019 (0.026)	Loss 0.1303 (0.1219)	MAE 0.460 (0.451)
Epoch: [6][5/114]	Time 0.109 (0.116)	Data 0.019 (0.025)	Loss 0.0950 (0.1174)	MAE 0.431 (0.447)
Epoch: [6][6/114]	Time 0.121 (0.117)	Data 0.025 (0.025)	Loss 0.1209 (0.1179)	MAE 0.474 (0.451)
Epoch: [6][7/114]	Time 0.110 (0.116)	Data 0.018 (0.024)	Loss 0.1757 (0.1251)	MAE 0.576 (0.467)
Epoch: [6][8/114]	Time 0.110 (0.115)	Data 0.020 (0.024)	Loss 0.1190 (0.1245)	MAE 0.456 (0.466)
Epoch: [6][9/114]	Time 0.105 (0.114)	Data 0.016 (0.023)	Loss 0.1260 (0.1246)	MAE 0.471 (0.466)
Epoch: [6][10/114]	Time 0.112 (0.114)	Data 0.020 (0.023)	Loss 0.1026 (0.1226)	MAE 0.424 (0.462)
Epoch: [6][11/114]	Time 0.111 (0.114)	Data 0.015 (0.022)	Loss 0.1026 (0.1209)	MAE 0.419 (0.459)
Epoch: [6][12/114]	Time 0.112 (0.114)	Data 0.017 (0.022)	Loss 0.1202 (0.1209)	MAE 0.470 (0.460)
Epoch: [6][13/114]	Time 0.103 (0.113)	Data 0.014 (0.021)	Loss 0.1286 (0.1214)	MAE 0.478 (0.461)
Epoch: [6][14/114]	Time 0.114 (0.113)	Data 0.024 (0.021)	Loss 0.1637 (0.1243)	MAE 0.475 (0.462)
Epoch: [6][15/114]	Time 0.110 (0.113)	Data 0.017 (0.021)	Loss 0.1275 (0.1245)	MAE 0.466 (0.462)
Epoch: [6][16/114]	Time 0.109 (0.113)	Data 0.019 (0.021)	Loss 0.0924 (0.1226)	MAE 0.432 (0.460)
Epoch: [6][17/114]	Time 0.107 (0.112)	Data 0.017 (0.021)	Loss 0.1348 (0.1233)	MAE 0.492 (0.462)
Epoch: [6][18/114]	Time 0.115 (0.112)	Data 0.024 (0.021)	Loss 0.1346 (0.1239)	MAE 0.494 (0.464)
Epoch: [6][19/114]	Time 0.122 (0.113)	Data 0.027 (0.021)	Loss 0.1025 (0.1228)	MAE 0.458 (0.463)
Epoch: [6][20/114]	Time 0.110 (0.113)	Data 0.023 (0.021)	Loss 0.1640 (0.1247)	MAE 0.615 (0.471)
Epoch: [6][21/114]	Time 0.118 (0.113)	Data 0.027 (0.022)	Loss 0.1375 (0.1253)	MAE 0.496 (0.472)
Epoch: [6][22/114]	Time 0.104 (0.113)	Data 0.017 (0.021)	Loss 0.1023 (0.1243)	MAE 0.415 (0.469)
Epoch: [6][23/114]	Time 0.105 (0.112)	Data 0.017 (0.021)	Loss 0.1153 (0.1240)	MAE 0.444 (0.468)
Epoch: [6][24/114]	Time 0.152 (0.114)	Data 0.023 (0.021)	Loss 0.1590 (0.1254)	MAE 0.574 (0.473)
Epoch: [6][25/114]	Time 0.107 (0.114)	Data 0.016 (0.021)	Loss 0.1159 (0.1250)	MAE 0.467 (0.472)
Epoch: [6][26/114]	Time 0.111 (0.114)	Data 0.018 (0.021)	Loss 0.1121 (0.1245)	MAE 0.442 (0.471)
Epoch: [6][27/114]	Time 0.119 (0.114)	Data 0.021 (0.021)	Loss 0.1030 (0.1237)	MAE 0.427 (0.470)
Epoch: [6][28/114]	Time 0.112 (0.114)	Data 0.023 (0.021)	Loss 0.0959 (0.1228)	MAE 0.391 (0.467)
Epoch: [6][29/114]	Time 0.115 (0.114)	Data 0.021 (0.021)	Loss 0.1147 (0.1225)	MAE 0.438 (0.466)
Epoch: [6][30/114]	Time 0.110 (0.114)	Data 0.019 (0.021)	Loss 0.1562 (0.1236)	MAE 0.539 (0.468)
Epoch: [6][31/114]	Time 0.103 (0.113)	Data 0.014 (0.021)	Loss 0.0980 (0.1228)	MAE 0.448 (0.468)
Epoch: [6][32/114]	Time 0.115 (0.113)	Data 0.022 (0.021)	Loss 0.1010 (0.1221)	MAE 0.403 (0.466)
Epoch: [6][33/114]	Time 0.105 (0.113)	Data 0.016 (0.021)	Loss 0.1207 (0.1221)	MAE 0.443 (0.465)
Epoch: [6][34/114]	Time 0.116 (0.113)	Data 0.023 (0.021)	Loss 0.1296 (0.1223)	MAE 0.456 (0.465)
Epoch: [6][35/114]	Time 0.101 (0.113)	Data 0.013 (0.020)	Loss 0.1175 (0.1222)	MAE 0.435 (0.464)
Epoch: [6][36/114]	Time 0.117 (0.113)	Data 0.022 (0.021)	Loss 0.1145 (0.1220)	MAE 0.441 (0.463)
Epoch: [6][37/114]	Time 0.105 (0.113)	Data 0.014 (0.020)	Loss 0.1149 (0.1218)	MAE 0.440 (0.463)
Epoch: [6][38/114]	Time 0.125 (0.113)	Data 0.028 (0.021)	Loss 0.0903 (0.1210)	MAE 0.406 (0.461)
Epoch: [6][39/114]	Time 0.130 (0.113)	Data 0.031 (0.021)	Loss 0.1196 (0.1209)	MAE 0.473 (0.462)
Epoch: [6][40/114]	Time 0.121 (0.114)	Data 0.026 (0.021)	Loss 0.1454 (0.1215)	MAE 0.491 (0.462)
Epoch: [6][41/114]	Time 0.109 (0.114)	Data 0.016 (0.021)	Loss 0.1107 (0.1213)	MAE 0.422 (0.461)
Epoch: [6][42/114]	Time 0.110 (0.113)	Data 0.017 (0.021)	Loss 0.1402 (0.1217)	MAE 0.470 (0.462)
Epoch: [6][43/114]	Time 0.110 (0.113)	Data 0.018 (0.021)	Loss 0.0921 (0.1210)	MAE 0.397 (0.460)
Epoch: [6][44/114]	Time 0.116 (0.113)	Data 0.020 (0.021)	Loss 0.1236 (0.1211)	MAE 0.445 (0.460)
Epoch: [6][45/114]	Time 0.105 (0.113)	Data 0.012 (0.020)	Loss 0.1277 (0.1212)	MAE 0.490 (0.460)
Epoch: [6][46/114]	Time 0.114 (0.113)	Data 0.021 (0.020)	Loss 0.1171 (0.1212)	MAE 0.463 (0.461)
Epoch: [6][47/114]	Time 0.130 (0.114)	Data 0.029 (0.021)	Loss 0.1335 (0.1214)	MAE 0.484 (0.461)
Epoch: [6][48/114]	Time 0.116 (0.114)	Data 0.023 (0.021)	Loss 0.0953 (0.1209)	MAE 0.419 (0.460)
Epoch: [6][49/114]	Time 0.112 (0.114)	Data 0.015 (0.021)	Loss 0.1029 (0.1205)	MAE 0.432 (0.460)
Epoch: [6][50/114]	Time 0.110 (0.114)	Data 0.020 (0.021)	Loss 0.1354 (0.1208)	MAE 0.482 (0.460)
Epoch: [6][51/114]	Time 0.111 (0.114)	Data 0.019 (0.021)	Loss 0.0976 (0.1204)	MAE 0.431 (0.459)
Epoch: [6][52/114]	Time 0.112 (0.114)	Data 0.021 (0.021)	Loss 0.1540 (0.1210)	MAE 0.467 (0.460)
Epoch: [6][53/114]	Time 0.114 (0.114)	Data 0.015 (0.020)	Loss 0.0970 (0.1206)	MAE 0.407 (0.459)
Epoch: [6][54/114]	Time 0.117 (0.114)	Data 0.022 (0.020)	Loss 0.1517 (0.1211)	MAE 0.518 (0.460)
Epoch: [6][55/114]	Time 0.104 (0.113)	Data 0.013 (0.020)	Loss 0.1242 (0.1212)	MAE 0.447 (0.459)
Epoch: [6][56/114]	Time 0.111 (0.113)	Data 0.018 (0.020)	Loss 0.1188 (0.1211)	MAE 0.434 (0.459)
Epoch: [6][57/114]	Time 0.114 (0.113)	Data 0.021 (0.020)	Loss 0.1134 (0.1210)	MAE 0.474 (0.459)
Epoch: [6][58/114]	Time 0.134 (0.114)	Data 0.036 (0.021)	Loss 0.1053 (0.1207)	MAE 0.441 (0.459)
Epoch: [6][59/114]	Time 0.112 (0.114)	Data 0.018 (0.021)	Loss 0.1073 (0.1205)	MAE 0.431 (0.458)
Epoch: [6][60/114]	Time 0.116 (0.114)	Data 0.025 (0.021)	Loss 0.1194 (0.1205)	MAE 0.440 (0.458)
Epoch: [6][61/114]	Time 0.109 (0.114)	Data 0.016 (0.021)	Loss 0.1033 (0.1202)	MAE 0.445 (0.458)
Epoch: [6][62/114]	Time 0.122 (0.114)	Data 0.024 (0.021)	Loss 0.1120 (0.1201)	MAE 0.448 (0.458)
Epoch: [6][63/114]	Time 0.106 (0.114)	Data 0.012 (0.020)	Loss 0.1123 (0.1200)	MAE 0.449 (0.458)
Epoch: [6][64/114]	Time 0.109 (0.114)	Data 0.019 (0.020)	Loss 0.0981 (0.1196)	MAE 0.416 (0.457)
Epoch: [6][65/114]	Time 0.111 (0.114)	Data 0.015 (0.020)	Loss 0.0895 (0.1192)	MAE 0.404 (0.456)
Epoch: [6][66/114]	Time 0.117 (0.114)	Data 0.018 (0.020)	Loss 0.0974 (0.1188)	MAE 0.414 (0.456)
Epoch: [6][67/114]	Time 0.110 (0.114)	Data 0.017 (0.020)	Loss 0.1137 (0.1188)	MAE 0.423 (0.455)
Epoch: [6][68/114]	Time 0.122 (0.114)	Data 0.026 (0.020)	Loss 0.1434 (0.1191)	MAE 0.487 (0.456)
Epoch: [6][69/114]	Time 0.100 (0.113)	Data 0.011 (0.020)	Loss 0.1152 (0.1191)	MAE 0.420 (0.455)
Epoch: [6][70/114]	Time 0.112 (0.113)	Data 0.022 (0.020)	Loss 0.1446 (0.1194)	MAE 0.507 (0.456)
Epoch: [6][71/114]	Time 0.111 (0.113)	Data 0.020 (0.020)	Loss 0.1448 (0.1198)	MAE 0.499 (0.456)
Epoch: [6][72/114]	Time 0.118 (0.113)	Data 0.023 (0.020)	Loss 0.1059 (0.1196)	MAE 0.433 (0.456)
Epoch: [6][73/114]	Time 0.105 (0.113)	Data 0.014 (0.020)	Loss 0.1459 (0.1200)	MAE 0.503 (0.457)
Epoch: [6][74/114]	Time 0.118 (0.113)	Data 0.025 (0.020)	Loss 0.1186 (0.1199)	MAE 0.446 (0.457)
Epoch: [6][75/114]	Time 0.106 (0.113)	Data 0.012 (0.020)	Loss 0.0977 (0.1196)	MAE 0.403 (0.456)
Epoch: [6][76/114]	Time 0.114 (0.113)	Data 0.020 (0.020)	Loss 0.2066 (0.1208)	MAE 0.570 (0.457)
Epoch: [6][77/114]	Time 0.123 (0.113)	Data 0.023 (0.020)	Loss 0.1156 (0.1207)	MAE 0.430 (0.457)
Epoch: [6][78/114]	Time 0.125 (0.114)	Data 0.029 (0.020)	Loss 0.1305 (0.1208)	MAE 0.501 (0.458)
Epoch: [6][79/114]	Time 0.108 (0.114)	Data 0.014 (0.020)	Loss 0.1352 (0.1210)	MAE 0.481 (0.458)
Epoch: [6][80/114]	Time 0.109 (0.114)	Data 0.021 (0.020)	Loss 0.2111 (0.1221)	MAE 0.650 (0.460)
Epoch: [6][81/114]	Time 0.104 (0.113)	Data 0.016 (0.020)	Loss 0.1750 (0.1228)	MAE 0.550 (0.461)
Epoch: [6][82/114]	Time 0.114 (0.113)	Data 0.022 (0.020)	Loss 0.1010 (0.1225)	MAE 0.411 (0.461)
Epoch: [6][83/114]	Time 0.108 (0.113)	Data 0.016 (0.020)	Loss 0.0863 (0.1221)	MAE 0.411 (0.460)
Epoch: [6][84/114]	Time 0.124 (0.113)	Data 0.030 (0.020)	Loss 0.0903 (0.1217)	MAE 0.405 (0.459)
Epoch: [6][85/114]	Time 0.119 (0.114)	Data 0.019 (0.020)	Loss 0.1079 (0.1215)	MAE 0.429 (0.459)
Epoch: [6][86/114]	Time 0.116 (0.114)	Data 0.026 (0.020)	Loss 0.1033 (0.1213)	MAE 0.425 (0.459)
Epoch: [6][87/114]	Time 0.108 (0.113)	Data 0.014 (0.020)	Loss 0.1261 (0.1214)	MAE 0.464 (0.459)
Epoch: [6][88/114]	Time 0.111 (0.113)	Data 0.020 (0.020)	Loss 0.0924 (0.1211)	MAE 0.391 (0.458)
Epoch: [6][89/114]	Time 0.111 (0.113)	Data 0.014 (0.020)	Loss 0.1003 (0.1208)	MAE 0.408 (0.457)
Epoch: [6][90/114]	Time 0.111 (0.113)	Data 0.021 (0.020)	Loss 0.1193 (0.1208)	MAE 0.441 (0.457)
Epoch: [6][91/114]	Time 0.105 (0.113)	Data 0.013 (0.020)	Loss 0.1067 (0.1207)	MAE 0.409 (0.457)
Epoch: [6][92/114]	Time 0.112 (0.113)	Data 0.021 (0.020)	Loss 0.1047 (0.1205)	MAE 0.455 (0.457)
Epoch: [6][93/114]	Time 0.108 (0.113)	Data 0.014 (0.020)	Loss 0.1075 (0.1203)	MAE 0.408 (0.456)
Epoch: [6][94/114]	Time 0.115 (0.113)	Data 0.018 (0.020)	Loss 0.1433 (0.1206)	MAE 0.481 (0.456)
Epoch: [6][95/114]	Time 0.102 (0.113)	Data 0.015 (0.020)	Loss 0.0873 (0.1202)	MAE 0.388 (0.456)
Epoch: [6][96/114]	Time 0.114 (0.113)	Data 0.021 (0.020)	Loss 0.1041 (0.1201)	MAE 0.404 (0.455)
Epoch: [6][97/114]	Time 0.122 (0.113)	Data 0.027 (0.020)	Loss 0.1395 (0.1203)	MAE 0.507 (0.456)
Epoch: [6][98/114]	Time 0.123 (0.113)	Data 0.026 (0.020)	Loss 0.0993 (0.1201)	MAE 0.424 (0.455)
Epoch: [6][99/114]	Time 0.111 (0.113)	Data 0.018 (0.020)	Loss 0.1332 (0.1202)	MAE 0.489 (0.456)
Epoch: [6][100/114]	Time 0.113 (0.113)	Data 0.020 (0.020)	Loss 0.0975 (0.1200)	MAE 0.418 (0.455)
Epoch: [6][101/114]	Time 0.107 (0.113)	Data 0.017 (0.020)	Loss 0.0982 (0.1198)	MAE 0.407 (0.455)
Epoch: [6][102/114]	Time 0.115 (0.113)	Data 0.024 (0.020)	Loss 0.1489 (0.1200)	MAE 0.517 (0.456)
Epoch: [6][103/114]	Time 0.107 (0.113)	Data 0.017 (0.020)	Loss 0.1321 (0.1202)	MAE 0.451 (0.455)
Epoch: [6][104/114]	Time 0.119 (0.113)	Data 0.023 (0.020)	Loss 0.1007 (0.1200)	MAE 0.433 (0.455)
Epoch: [6][105/114]	Time 0.112 (0.113)	Data 0.017 (0.020)	Loss 0.1231 (0.1200)	MAE 0.486 (0.456)
Epoch: [6][106/114]	Time 0.119 (0.113)	Data 0.021 (0.020)	Loss 0.1463 (0.1202)	MAE 0.465 (0.456)
Epoch: [6][107/114]	Time 0.118 (0.113)	Data 0.022 (0.020)	Loss 0.1247 (0.1203)	MAE 0.394 (0.455)
Epoch: [6][108/114]	Time 0.109 (0.113)	Data 0.021 (0.020)	Loss 0.1126 (0.1202)	MAE 0.419 (0.455)
Epoch: [6][109/114]	Time 0.105 (0.113)	Data 0.014 (0.020)	Loss 0.1657 (0.1206)	MAE 0.499 (0.455)
Epoch: [6][110/114]	Time 0.108 (0.113)	Data 0.017 (0.020)	Loss 0.1164 (0.1206)	MAE 0.423 (0.455)
Epoch: [6][111/114]	Time 0.110 (0.113)	Data 0.020 (0.020)	Loss 0.1363 (0.1207)	MAE 0.503 (0.455)
Epoch: [6][112/114]	Time 0.112 (0.113)	Data 0.018 (0.020)	Loss 0.1026 (0.1206)	MAE 0.421 (0.455)
Epoch: [6][113/114]	Time 0.087 (0.113)	Data 0.025 (0.020)	Loss 0.1420 (0.1207)	MAE 0.537 (0.455)
Test: [0/15]	Time 0.049 (0.049)	Loss 0.1364 (0.1364)	MAE 0.517 (0.517)
Test: [1/15]	Time 0.043 (0.046)	Loss 0.1562 (0.1463)	MAE 0.535 (0.526)
Test: [2/15]	Time 0.048 (0.047)	Loss 0.1595 (0.1507)	MAE 0.518 (0.523)
Test: [3/15]	Time 0.041 (0.045)	Loss 0.1481 (0.1500)	MAE 0.548 (0.529)
Test: [4/15]	Time 0.046 (0.045)	Loss 0.1435 (0.1487)	MAE 0.530 (0.530)
Test: [5/15]	Time 0.049 (0.046)	Loss 0.1322 (0.1460)	MAE 0.483 (0.522)
Test: [6/15]	Time 0.046 (0.046)	Loss 0.1209 (0.1424)	MAE 0.477 (0.515)
Test: [7/15]	Time 0.048 (0.046)	Loss 0.1498 (0.1433)	MAE 0.512 (0.515)
Test: [8/15]	Time 0.056 (0.047)	Loss 0.1299 (0.1418)	MAE 0.493 (0.513)
Test: [9/15]	Time 0.047 (0.047)	Loss 0.1765 (0.1453)	MAE 0.571 (0.518)
Test: [10/15]	Time 0.064 (0.049)	Loss 0.1628 (0.1469)	MAE 0.547 (0.521)
Test: [11/15]	Time 0.049 (0.049)	Loss 0.1517 (0.1473)	MAE 0.529 (0.522)
Test: [12/15]	Time 0.053 (0.049)	Loss 0.1355 (0.1464)	MAE 0.514 (0.521)
Test: [13/15]	Time 0.047 (0.049)	Loss 0.1347 (0.1455)	MAE 0.488 (0.519)
Test: [14/15]	Time 0.016 (0.047)	Loss 0.1284 (0.1453)	MAE 0.520 (0.519)
 * MAE 0.519
Epoch: [7][0/114]	Time 0.502 (0.502)	Data 0.411 (0.411)	Loss 0.1249 (0.1249)	MAE 0.465 (0.465)
Epoch: [7][1/114]	Time 0.116 (0.309)	Data 0.018 (0.215)	Loss 0.1081 (0.1165)	MAE 0.445 (0.455)
Epoch: [7][2/114]	Time 0.117 (0.245)	Data 0.024 (0.151)	Loss 0.1171 (0.1167)	MAE 0.469 (0.460)
Epoch: [7][3/114]	Time 0.125 (0.215)	Data 0.029 (0.121)	Loss 0.1033 (0.1134)	MAE 0.450 (0.457)
Epoch: [7][4/114]	Time 0.114 (0.195)	Data 0.018 (0.100)	Loss 0.1592 (0.1225)	MAE 0.511 (0.468)
Epoch: [7][5/114]	Time 0.106 (0.180)	Data 0.017 (0.086)	Loss 0.0931 (0.1176)	MAE 0.418 (0.460)
Epoch: [7][6/114]	Time 0.112 (0.170)	Data 0.021 (0.077)	Loss 0.1179 (0.1177)	MAE 0.414 (0.453)
Epoch: [7][7/114]	Time 0.113 (0.163)	Data 0.021 (0.070)	Loss 0.1272 (0.1189)	MAE 0.462 (0.454)
Epoch: [7][8/114]	Time 0.112 (0.158)	Data 0.019 (0.064)	Loss 0.1405 (0.1213)	MAE 0.541 (0.464)
Epoch: [7][9/114]	Time 0.104 (0.152)	Data 0.014 (0.059)	Loss 0.1256 (0.1217)	MAE 0.481 (0.466)
Epoch: [7][10/114]	Time 0.111 (0.148)	Data 0.022 (0.056)	Loss 0.1468 (0.1240)	MAE 0.511 (0.470)
Epoch: [7][11/114]	Time 0.120 (0.146)	Data 0.027 (0.053)	Loss 0.1121 (0.1230)	MAE 0.414 (0.465)
Epoch: [7][12/114]	Time 0.119 (0.144)	Data 0.020 (0.051)	Loss 0.1230 (0.1230)	MAE 0.458 (0.465)
Epoch: [7][13/114]	Time 0.123 (0.143)	Data 0.029 (0.049)	Loss 0.1398 (0.1242)	MAE 0.511 (0.468)
Epoch: [7][14/114]	Time 0.124 (0.141)	Data 0.027 (0.048)	Loss 0.1067 (0.1230)	MAE 0.465 (0.468)
Epoch: [7][15/114]	Time 0.108 (0.139)	Data 0.020 (0.046)	Loss 0.1202 (0.1229)	MAE 0.454 (0.467)
Epoch: [7][16/114]	Time 0.111 (0.138)	Data 0.018 (0.044)	Loss 0.1600 (0.1250)	MAE 0.543 (0.471)
Epoch: [7][17/114]	Time 0.110 (0.136)	Data 0.017 (0.043)	Loss 0.0943 (0.1233)	MAE 0.418 (0.468)
Epoch: [7][18/114]	Time 0.113 (0.135)	Data 0.021 (0.042)	Loss 0.1189 (0.1231)	MAE 0.504 (0.470)
Epoch: [7][19/114]	Time 0.110 (0.134)	Data 0.017 (0.041)	Loss 0.1506 (0.1245)	MAE 0.547 (0.474)
Epoch: [7][20/114]	Time 0.122 (0.133)	Data 0.026 (0.040)	Loss 0.1351 (0.1250)	MAE 0.530 (0.477)
Epoch: [7][21/114]	Time 0.107 (0.132)	Data 0.014 (0.039)	Loss 0.1362 (0.1255)	MAE 0.458 (0.476)
Epoch: [7][22/114]	Time 0.127 (0.132)	Data 0.030 (0.038)	Loss 0.1254 (0.1255)	MAE 0.449 (0.475)
Epoch: [7][23/114]	Time 0.101 (0.130)	Data 0.013 (0.037)	Loss 0.1292 (0.1256)	MAE 0.482 (0.475)
Epoch: [7][24/114]	Time 0.115 (0.130)	Data 0.023 (0.037)	Loss 0.1435 (0.1264)	MAE 0.502 (0.476)
Epoch: [7][25/114]	Time 0.114 (0.129)	Data 0.015 (0.036)	Loss 0.1489 (0.1272)	MAE 0.521 (0.478)
Epoch: [7][26/114]	Time 0.109 (0.128)	Data 0.017 (0.035)	Loss 0.1017 (0.1263)	MAE 0.441 (0.476)
Epoch: [7][27/114]	Time 0.104 (0.127)	Data 0.014 (0.034)	Loss 0.1122 (0.1258)	MAE 0.430 (0.475)
Epoch: [7][28/114]	Time 0.113 (0.127)	Data 0.023 (0.034)	Loss 0.0984 (0.1248)	MAE 0.409 (0.473)
Epoch: [7][29/114]	Time 0.105 (0.126)	Data 0.018 (0.033)	Loss 0.1159 (0.1245)	MAE 0.433 (0.471)
Epoch: [7][30/114]	Time 0.110 (0.126)	Data 0.023 (0.033)	Loss 0.1072 (0.1240)	MAE 0.447 (0.470)
Epoch: [7][31/114]	Time 0.108 (0.125)	Data 0.013 (0.032)	Loss 0.1379 (0.1244)	MAE 0.512 (0.472)
Epoch: [7][32/114]	Time 0.115 (0.125)	Data 0.021 (0.032)	Loss 0.1176 (0.1242)	MAE 0.471 (0.472)
Epoch: [7][33/114]	Time 0.117 (0.125)	Data 0.014 (0.032)	Loss 0.1252 (0.1242)	MAE 0.473 (0.472)
Epoch: [7][34/114]	Time 0.121 (0.125)	Data 0.032 (0.032)	Loss 0.1555 (0.1251)	MAE 0.477 (0.472)
Epoch: [7][35/114]	Time 0.104 (0.124)	Data 0.012 (0.031)	Loss 0.1233 (0.1251)	MAE 0.449 (0.471)
Epoch: [7][36/114]	Time 0.109 (0.124)	Data 0.018 (0.031)	Loss 0.1455 (0.1256)	MAE 0.499 (0.472)
Epoch: [7][37/114]	Time 0.115 (0.123)	Data 0.020 (0.030)	Loss 0.2302 (0.1284)	MAE 0.535 (0.474)
Epoch: [7][38/114]	Time 0.116 (0.123)	Data 0.021 (0.030)	Loss 0.1366 (0.1286)	MAE 0.492 (0.474)
Epoch: [7][39/114]	Time 0.107 (0.123)	Data 0.016 (0.030)	Loss 0.1315 (0.1287)	MAE 0.448 (0.473)
Epoch: [7][40/114]	Time 0.115 (0.123)	Data 0.022 (0.030)	Loss 0.0966 (0.1279)	MAE 0.434 (0.472)
Epoch: [7][41/114]	Time 0.112 (0.122)	Data 0.019 (0.029)	Loss 0.1252 (0.1278)	MAE 0.515 (0.473)
Epoch: [7][42/114]	Time 0.115 (0.122)	Data 0.026 (0.029)	Loss 0.1305 (0.1279)	MAE 0.500 (0.474)
Epoch: [7][43/114]	Time 0.104 (0.122)	Data 0.016 (0.029)	Loss 0.1211 (0.1277)	MAE 0.463 (0.474)
Epoch: [7][44/114]	Time 0.118 (0.122)	Data 0.025 (0.029)	Loss 0.1195 (0.1275)	MAE 0.462 (0.474)
Epoch: [7][45/114]	Time 0.107 (0.121)	Data 0.020 (0.029)	Loss 0.1211 (0.1274)	MAE 0.428 (0.473)
Epoch: [7][46/114]	Time 0.120 (0.121)	Data 0.024 (0.029)	Loss 0.1130 (0.1271)	MAE 0.449 (0.472)
Epoch: [7][47/114]	Time 0.115 (0.121)	Data 0.017 (0.028)	Loss 0.1147 (0.1268)	MAE 0.436 (0.471)
Epoch: [7][48/114]	Time 0.111 (0.121)	Data 0.020 (0.028)	Loss 0.1219 (0.1267)	MAE 0.474 (0.471)
Epoch: [7][49/114]	Time 0.108 (0.121)	Data 0.019 (0.028)	Loss 0.1071 (0.1263)	MAE 0.443 (0.471)
Epoch: [7][50/114]	Time 0.114 (0.121)	Data 0.022 (0.028)	Loss 0.1016 (0.1259)	MAE 0.430 (0.470)
Epoch: [7][51/114]	Time 0.111 (0.120)	Data 0.019 (0.028)	Loss 0.1574 (0.1265)	MAE 0.529 (0.471)
Epoch: [7][52/114]	Time 0.121 (0.120)	Data 0.025 (0.028)	Loss 0.1138 (0.1262)	MAE 0.424 (0.470)
Epoch: [7][53/114]	Time 0.129 (0.121)	Data 0.031 (0.028)	Loss 0.1197 (0.1261)	MAE 0.426 (0.469)
Epoch: [7][54/114]	Time 0.110 (0.120)	Data 0.021 (0.028)	Loss 0.0885 (0.1254)	MAE 0.395 (0.468)
Epoch: [7][55/114]	Time 0.103 (0.120)	Data 0.014 (0.027)	Loss 0.1271 (0.1255)	MAE 0.418 (0.467)
Epoch: [7][56/114]	Time 0.101 (0.120)	Data 0.019 (0.027)	Loss 0.1165 (0.1253)	MAE 0.501 (0.468)
Epoch: [7][57/114]	Time 0.106 (0.119)	Data 0.018 (0.027)	Loss 0.1186 (0.1252)	MAE 0.493 (0.468)
Epoch: [7][58/114]	Time 0.123 (0.120)	Data 0.027 (0.027)	Loss 0.1348 (0.1253)	MAE 0.545 (0.470)
Epoch: [7][59/114]	Time 0.112 (0.119)	Data 0.018 (0.027)	Loss 0.1038 (0.1250)	MAE 0.421 (0.469)
Epoch: [7][60/114]	Time 0.115 (0.119)	Data 0.018 (0.027)	Loss 0.1284 (0.1250)	MAE 0.469 (0.469)
Epoch: [7][61/114]	Time 0.108 (0.119)	Data 0.014 (0.027)	Loss 0.1016 (0.1247)	MAE 0.419 (0.468)
Epoch: [7][62/114]	Time 0.126 (0.119)	Data 0.032 (0.027)	Loss 0.2038 (0.1259)	MAE 0.656 (0.471)
Epoch: [7][63/114]	Time 0.107 (0.119)	Data 0.016 (0.027)	Loss 0.1384 (0.1261)	MAE 0.511 (0.472)
Epoch: [7][64/114]	Time 0.119 (0.119)	Data 0.022 (0.026)	Loss 0.1309 (0.1262)	MAE 0.456 (0.471)
Epoch: [7][65/114]	Time 0.102 (0.119)	Data 0.013 (0.026)	Loss 0.1320 (0.1263)	MAE 0.459 (0.471)
Epoch: [7][66/114]	Time 0.109 (0.119)	Data 0.021 (0.026)	Loss 0.0767 (0.1255)	MAE 0.377 (0.470)
Epoch: [7][67/114]	Time 0.110 (0.119)	Data 0.020 (0.026)	Loss 0.1485 (0.1259)	MAE 0.568 (0.471)
Epoch: [7][68/114]	Time 0.111 (0.118)	Data 0.019 (0.026)	Loss 0.0920 (0.1254)	MAE 0.429 (0.471)
Epoch: [7][69/114]	Time 0.112 (0.118)	Data 0.019 (0.026)	Loss 0.1709 (0.1260)	MAE 0.593 (0.472)
Epoch: [7][70/114]	Time 0.114 (0.118)	Data 0.021 (0.026)	Loss 0.0853 (0.1255)	MAE 0.374 (0.471)
Epoch: [7][71/114]	Time 0.110 (0.118)	Data 0.013 (0.026)	Loss 0.1223 (0.1254)	MAE 0.485 (0.471)
Epoch: [7][72/114]	Time 0.118 (0.118)	Data 0.023 (0.026)	Loss 0.0957 (0.1250)	MAE 0.398 (0.470)
Epoch: [7][73/114]	Time 0.122 (0.118)	Data 0.026 (0.026)	Loss 0.0805 (0.1244)	MAE 0.387 (0.469)
Epoch: [7][74/114]	Time 0.119 (0.118)	Data 0.027 (0.026)	Loss 0.0988 (0.1241)	MAE 0.407 (0.468)
Epoch: [7][75/114]	Time 0.106 (0.118)	Data 0.016 (0.025)	Loss 0.1296 (0.1241)	MAE 0.505 (0.469)
Epoch: [7][76/114]	Time 0.108 (0.118)	Data 0.017 (0.025)	Loss 0.1984 (0.1251)	MAE 0.563 (0.470)
Epoch: [7][77/114]	Time 0.111 (0.118)	Data 0.019 (0.025)	Loss 0.0998 (0.1248)	MAE 0.412 (0.469)
Epoch: [7][78/114]	Time 0.121 (0.118)	Data 0.024 (0.025)	Loss 0.0935 (0.1244)	MAE 0.411 (0.468)
Epoch: [7][79/114]	Time 0.109 (0.118)	Data 0.015 (0.025)	Loss 0.0935 (0.1240)	MAE 0.400 (0.468)
Epoch: [7][80/114]	Time 0.119 (0.118)	Data 0.024 (0.025)	Loss 0.1100 (0.1238)	MAE 0.447 (0.467)
Epoch: [7][81/114]	Time 0.108 (0.118)	Data 0.019 (0.025)	Loss 0.1090 (0.1236)	MAE 0.447 (0.467)
Epoch: [7][82/114]	Time 0.107 (0.118)	Data 0.019 (0.025)	Loss 0.0878 (0.1232)	MAE 0.395 (0.466)
Epoch: [7][83/114]	Time 0.113 (0.117)	Data 0.022 (0.025)	Loss 0.1316 (0.1233)	MAE 0.481 (0.466)
Epoch: [7][84/114]	Time 0.111 (0.117)	Data 0.020 (0.025)	Loss 0.0995 (0.1230)	MAE 0.392 (0.465)
Epoch: [7][85/114]	Time 0.110 (0.117)	Data 0.015 (0.025)	Loss 0.0928 (0.1227)	MAE 0.374 (0.464)
Epoch: [7][86/114]	Time 0.124 (0.117)	Data 0.035 (0.025)	Loss 0.1317 (0.1228)	MAE 0.450 (0.464)
Epoch: [7][87/114]	Time 0.112 (0.117)	Data 0.019 (0.025)	Loss 0.0986 (0.1225)	MAE 0.393 (0.463)
Epoch: [7][88/114]	Time 0.111 (0.117)	Data 0.019 (0.025)	Loss 0.1063 (0.1223)	MAE 0.430 (0.463)
Epoch: [7][89/114]	Time 0.115 (0.117)	Data 0.018 (0.025)	Loss 0.1223 (0.1223)	MAE 0.463 (0.463)
Epoch: [7][90/114]	Time 0.117 (0.117)	Data 0.023 (0.025)	Loss 0.1001 (0.1221)	MAE 0.400 (0.462)
Epoch: [7][91/114]	Time 0.133 (0.117)	Data 0.020 (0.025)	Loss 0.1180 (0.1220)	MAE 0.419 (0.462)
Epoch: [7][92/114]	Time 0.128 (0.118)	Data 0.031 (0.025)	Loss 0.1105 (0.1219)	MAE 0.422 (0.461)
Epoch: [7][93/114]	Time 0.107 (0.117)	Data 0.017 (0.025)	Loss 0.1049 (0.1217)	MAE 0.403 (0.461)
Epoch: [7][94/114]	Time 0.114 (0.117)	Data 0.017 (0.025)	Loss 0.1004 (0.1215)	MAE 0.411 (0.460)
Epoch: [7][95/114]	Time 0.103 (0.117)	Data 0.013 (0.024)	Loss 0.0965 (0.1212)	MAE 0.401 (0.460)
Epoch: [7][96/114]	Time 0.106 (0.117)	Data 0.020 (0.024)	Loss 0.0950 (0.1210)	MAE 0.393 (0.459)
Epoch: [7][97/114]	Time 0.117 (0.117)	Data 0.020 (0.024)	Loss 0.1230 (0.1210)	MAE 0.442 (0.459)
Epoch: [7][98/114]	Time 0.117 (0.117)	Data 0.023 (0.024)	Loss 0.1178 (0.1210)	MAE 0.444 (0.459)
Epoch: [7][99/114]	Time 0.116 (0.117)	Data 0.016 (0.024)	Loss 0.1264 (0.1210)	MAE 0.454 (0.459)
Epoch: [7][100/114]	Time 0.123 (0.117)	Data 0.029 (0.024)	Loss 0.1589 (0.1214)	MAE 0.453 (0.459)
Epoch: [7][101/114]	Time 0.115 (0.117)	Data 0.023 (0.024)	Loss 0.1056 (0.1212)	MAE 0.453 (0.459)
Epoch: [7][102/114]	Time 0.108 (0.117)	Data 0.019 (0.024)	Loss 0.1096 (0.1211)	MAE 0.462 (0.459)
Epoch: [7][103/114]	Time 0.102 (0.117)	Data 0.017 (0.024)	Loss 0.1019 (0.1209)	MAE 0.420 (0.458)
Epoch: [7][104/114]	Time 0.113 (0.117)	Data 0.022 (0.024)	Loss 0.0885 (0.1206)	MAE 0.388 (0.458)
Epoch: [7][105/114]	Time 0.105 (0.117)	Data 0.017 (0.024)	Loss 0.1116 (0.1205)	MAE 0.425 (0.457)
Epoch: [7][106/114]	Time 0.115 (0.117)	Data 0.019 (0.024)	Loss 0.0896 (0.1203)	MAE 0.382 (0.457)
Epoch: [7][107/114]	Time 0.111 (0.117)	Data 0.019 (0.024)	Loss 0.1118 (0.1202)	MAE 0.452 (0.456)
Epoch: [7][108/114]	Time 0.113 (0.117)	Data 0.020 (0.024)	Loss 0.0856 (0.1199)	MAE 0.378 (0.456)
Epoch: [7][109/114]	Time 0.111 (0.117)	Data 0.016 (0.024)	Loss 0.0910 (0.1196)	MAE 0.396 (0.455)
Epoch: [7][110/114]	Time 0.105 (0.116)	Data 0.018 (0.024)	Loss 0.1355 (0.1197)	MAE 0.559 (0.456)
Epoch: [7][111/114]	Time 0.114 (0.116)	Data 0.018 (0.024)	Loss 0.0940 (0.1195)	MAE 0.421 (0.456)
Epoch: [7][112/114]	Time 0.122 (0.117)	Data 0.029 (0.024)	Loss 0.0936 (0.1193)	MAE 0.403 (0.455)
Epoch: [7][113/114]	Time 0.090 (0.116)	Data 0.031 (0.024)	Loss 0.0998 (0.1192)	MAE 0.392 (0.455)
Test: [0/15]	Time 0.052 (0.052)	Loss 0.0900 (0.0900)	MAE 0.395 (0.395)
Test: [1/15]	Time 0.046 (0.049)	Loss 0.1093 (0.0996)	MAE 0.415 (0.405)
Test: [2/15]	Time 0.047 (0.048)	Loss 0.1205 (0.1066)	MAE 0.410 (0.407)
Test: [3/15]	Time 0.046 (0.048)	Loss 0.0951 (0.1037)	MAE 0.417 (0.409)
Test: [4/15]	Time 0.044 (0.047)	Loss 0.0998 (0.1029)	MAE 0.423 (0.412)
Test: [5/15]	Time 0.052 (0.048)	Loss 0.1256 (0.1067)	MAE 0.431 (0.415)
Test: [6/15]	Time 0.045 (0.047)	Loss 0.0892 (0.1042)	MAE 0.393 (0.412)
Test: [7/15]	Time 0.051 (0.048)	Loss 0.1060 (0.1044)	MAE 0.423 (0.413)
Test: [8/15]	Time 0.043 (0.047)	Loss 0.0985 (0.1038)	MAE 0.413 (0.413)
Test: [9/15]	Time 0.047 (0.047)	Loss 0.1150 (0.1049)	MAE 0.440 (0.416)
Test: [10/15]	Time 0.045 (0.047)	Loss 0.1028 (0.1047)	MAE 0.418 (0.416)
Test: [11/15]	Time 0.043 (0.047)	Loss 0.0874 (0.1033)	MAE 0.402 (0.415)
Test: [12/15]	Time 0.052 (0.047)	Loss 0.1298 (0.1053)	MAE 0.452 (0.418)
Test: [13/15]	Time 0.045 (0.047)	Loss 0.1069 (0.1054)	MAE 0.419 (0.418)
Test: [14/15]	Time 0.016 (0.045)	Loss 0.1181 (0.1056)	MAE 0.397 (0.418)
 * MAE 0.418
Epoch: [8][0/114]	Time 0.161 (0.161)	Data 0.068 (0.068)	Loss 0.1179 (0.1179)	MAE 0.423 (0.423)
Epoch: [8][1/114]	Time 0.121 (0.141)	Data 0.020 (0.044)	Loss 0.1317 (0.1248)	MAE 0.480 (0.452)
Epoch: [8][2/114]	Time 0.115 (0.132)	Data 0.022 (0.037)	Loss 0.0870 (0.1122)	MAE 0.409 (0.437)
Epoch: [8][3/114]	Time 0.108 (0.126)	Data 0.018 (0.032)	Loss 0.1157 (0.1131)	MAE 0.458 (0.443)
Epoch: [8][4/114]	Time 0.114 (0.124)	Data 0.019 (0.029)	Loss 0.1008 (0.1106)	MAE 0.422 (0.439)
Epoch: [8][5/114]	Time 0.102 (0.120)	Data 0.014 (0.027)	Loss 0.1175 (0.1118)	MAE 0.435 (0.438)
Epoch: [8][6/114]	Time 0.117 (0.120)	Data 0.025 (0.027)	Loss 0.1246 (0.1136)	MAE 0.465 (0.442)
Epoch: [8][7/114]	Time 0.112 (0.119)	Data 0.019 (0.026)	Loss 0.1096 (0.1131)	MAE 0.432 (0.441)
Epoch: [8][8/114]	Time 0.111 (0.118)	Data 0.018 (0.025)	Loss 0.1033 (0.1120)	MAE 0.404 (0.436)
Epoch: [8][9/114]	Time 0.106 (0.117)	Data 0.018 (0.024)	Loss 0.1061 (0.1114)	MAE 0.451 (0.438)
Epoch: [8][10/114]	Time 0.131 (0.118)	Data 0.036 (0.025)	Loss 0.1009 (0.1105)	MAE 0.401 (0.435)
Epoch: [8][11/114]	Time 0.129 (0.119)	Data 0.036 (0.026)	Loss 0.1077 (0.1102)	MAE 0.430 (0.434)
Epoch: [8][12/114]	Time 0.117 (0.119)	Data 0.016 (0.025)	Loss 0.0941 (0.1090)	MAE 0.396 (0.431)
Epoch: [8][13/114]	Time 0.115 (0.119)	Data 0.022 (0.025)	Loss 0.1016 (0.1085)	MAE 0.425 (0.431)
Epoch: [8][14/114]	Time 0.109 (0.118)	Data 0.015 (0.024)	Loss 0.1157 (0.1089)	MAE 0.464 (0.433)
Epoch: [8][15/114]	Time 0.111 (0.117)	Data 0.017 (0.024)	Loss 0.1149 (0.1093)	MAE 0.420 (0.432)
Epoch: [8][16/114]	Time 0.118 (0.118)	Data 0.028 (0.024)	Loss 0.1063 (0.1091)	MAE 0.466 (0.434)
Epoch: [8][17/114]	Time 0.112 (0.117)	Data 0.020 (0.024)	Loss 0.1043 (0.1089)	MAE 0.422 (0.434)
Epoch: [8][18/114]	Time 0.117 (0.117)	Data 0.014 (0.023)	Loss 0.1104 (0.1090)	MAE 0.445 (0.434)
Epoch: [8][19/114]	Time 0.121 (0.117)	Data 0.023 (0.023)	Loss 0.1192 (0.1095)	MAE 0.460 (0.435)
Epoch: [8][20/114]	Time 0.116 (0.117)	Data 0.019 (0.023)	Loss 0.1270 (0.1103)	MAE 0.516 (0.439)
Epoch: [8][21/114]	Time 0.113 (0.117)	Data 0.021 (0.023)	Loss 0.1033 (0.1100)	MAE 0.427 (0.439)
Epoch: [8][22/114]	Time 0.110 (0.117)	Data 0.016 (0.023)	Loss 0.1260 (0.1107)	MAE 0.456 (0.439)
Epoch: [8][23/114]	Time 0.110 (0.117)	Data 0.019 (0.023)	Loss 0.1121 (0.1107)	MAE 0.418 (0.439)
Epoch: [8][24/114]	Time 0.100 (0.116)	Data 0.018 (0.022)	Loss 0.0942 (0.1101)	MAE 0.396 (0.437)
Epoch: [8][25/114]	Time 0.113 (0.116)	Data 0.017 (0.022)	Loss 0.0960 (0.1095)	MAE 0.415 (0.436)
Epoch: [8][26/114]	Time 0.112 (0.116)	Data 0.017 (0.022)	Loss 0.1093 (0.1095)	MAE 0.427 (0.436)
Epoch: [8][27/114]	Time 0.119 (0.116)	Data 0.022 (0.022)	Loss 0.1372 (0.1105)	MAE 0.527 (0.439)
Epoch: [8][28/114]	Time 0.109 (0.116)	Data 0.013 (0.022)	Loss 0.1041 (0.1103)	MAE 0.434 (0.439)
Epoch: [8][29/114]	Time 0.115 (0.115)	Data 0.019 (0.022)	Loss 0.1026 (0.1100)	MAE 0.433 (0.439)
Epoch: [8][30/114]	Time 0.114 (0.115)	Data 0.019 (0.022)	Loss 0.1097 (0.1100)	MAE 0.424 (0.438)
Epoch: [8][31/114]	Time 0.120 (0.116)	Data 0.026 (0.022)	Loss 0.1016 (0.1098)	MAE 0.438 (0.438)
Epoch: [8][32/114]	Time 0.111 (0.115)	Data 0.019 (0.022)	Loss 0.1008 (0.1095)	MAE 0.441 (0.438)
Epoch: [8][33/114]	Time 0.110 (0.115)	Data 0.020 (0.022)	Loss 0.1294 (0.1101)	MAE 0.501 (0.440)
Epoch: [8][34/114]	Time 0.109 (0.115)	Data 0.017 (0.021)	Loss 0.1220 (0.1104)	MAE 0.466 (0.441)
Epoch: [8][35/114]	Time 0.116 (0.115)	Data 0.024 (0.022)	Loss 0.0917 (0.1099)	MAE 0.388 (0.439)
Epoch: [8][36/114]	Time 0.108 (0.115)	Data 0.015 (0.021)	Loss 0.0948 (0.1095)	MAE 0.404 (0.438)
Epoch: [8][37/114]	Time 0.114 (0.115)	Data 0.019 (0.021)	Loss 0.0907 (0.1090)	MAE 0.420 (0.438)
Epoch: [8][38/114]	Time 0.112 (0.115)	Data 0.021 (0.021)	Loss 0.1136 (0.1091)	MAE 0.485 (0.439)
Epoch: [8][39/114]	Time 0.117 (0.115)	Data 0.023 (0.021)	Loss 0.1486 (0.1101)	MAE 0.491 (0.440)
Epoch: [8][40/114]	Time 0.114 (0.115)	Data 0.020 (0.021)	Loss 0.1200 (0.1103)	MAE 0.467 (0.441)
Epoch: [8][41/114]	Time 0.114 (0.115)	Data 0.020 (0.021)	Loss 0.0867 (0.1098)	MAE 0.390 (0.440)
Epoch: [8][42/114]	Time 0.108 (0.115)	Data 0.016 (0.021)	Loss 0.0999 (0.1096)	MAE 0.422 (0.439)
Epoch: [8][43/114]	Time 0.119 (0.115)	Data 0.023 (0.021)	Loss 0.1186 (0.1098)	MAE 0.465 (0.440)
Epoch: [8][44/114]	Time 0.101 (0.115)	Data 0.013 (0.021)	Loss 0.1060 (0.1097)	MAE 0.405 (0.439)
Epoch: [8][45/114]	Time 0.118 (0.115)	Data 0.024 (0.021)	Loss 0.1495 (0.1105)	MAE 0.484 (0.440)
Epoch: [8][46/114]	Time 0.107 (0.114)	Data 0.016 (0.021)	Loss 0.1120 (0.1106)	MAE 0.435 (0.440)
Epoch: [8][47/114]	Time 0.118 (0.114)	Data 0.026 (0.021)	Loss 0.0975 (0.1103)	MAE 0.401 (0.439)
Epoch: [8][48/114]	Time 0.102 (0.114)	Data 0.013 (0.021)	Loss 0.1041 (0.1102)	MAE 0.415 (0.439)
Epoch: [8][49/114]	Time 0.116 (0.114)	Data 0.021 (0.021)	Loss 0.1144 (0.1103)	MAE 0.446 (0.439)
Epoch: [8][50/114]	Time 0.106 (0.114)	Data 0.017 (0.021)	Loss 0.1072 (0.1102)	MAE 0.419 (0.439)
Epoch: [8][51/114]	Time 0.110 (0.114)	Data 0.020 (0.021)	Loss 0.1123 (0.1102)	MAE 0.456 (0.439)
Epoch: [8][52/114]	Time 0.112 (0.114)	Data 0.020 (0.021)	Loss 0.1146 (0.1103)	MAE 0.465 (0.439)
Epoch: [8][53/114]	Time 0.107 (0.114)	Data 0.016 (0.021)	Loss 0.0903 (0.1099)	MAE 0.429 (0.439)
Epoch: [8][54/114]	Time 0.112 (0.114)	Data 0.018 (0.021)	Loss 0.0855 (0.1095)	MAE 0.382 (0.438)
Epoch: [8][55/114]	Time 0.120 (0.114)	Data 0.025 (0.021)	Loss 0.1304 (0.1099)	MAE 0.461 (0.439)
Epoch: [8][56/114]	Time 0.107 (0.114)	Data 0.018 (0.021)	Loss 0.1015 (0.1097)	MAE 0.385 (0.438)
Epoch: [8][57/114]	Time 0.113 (0.114)	Data 0.022 (0.021)	Loss 0.1099 (0.1097)	MAE 0.408 (0.437)
Epoch: [8][58/114]	Time 0.118 (0.114)	Data 0.022 (0.021)	Loss 0.0945 (0.1095)	MAE 0.397 (0.436)
Epoch: [8][59/114]	Time 0.120 (0.114)	Data 0.025 (0.021)	Loss 0.0815 (0.1090)	MAE 0.384 (0.436)
Epoch: [8][60/114]	Time 0.115 (0.114)	Data 0.022 (0.021)	Loss 0.1327 (0.1094)	MAE 0.490 (0.436)
Epoch: [8][61/114]	Time 0.113 (0.114)	Data 0.018 (0.021)	Loss 0.1182 (0.1095)	MAE 0.460 (0.437)
Epoch: [8][62/114]	Time 0.105 (0.114)	Data 0.016 (0.021)	Loss 0.1292 (0.1099)	MAE 0.493 (0.438)
Epoch: [8][63/114]	Time 0.113 (0.114)	Data 0.020 (0.021)	Loss 0.1032 (0.1097)	MAE 0.429 (0.438)
Epoch: [8][64/114]	Time 0.108 (0.114)	Data 0.015 (0.021)	Loss 0.0966 (0.1095)	MAE 0.423 (0.437)
Epoch: [8][65/114]	Time 0.111 (0.114)	Data 0.022 (0.021)	Loss 0.1055 (0.1095)	MAE 0.435 (0.437)
Epoch: [8][66/114]	Time 0.106 (0.114)	Data 0.017 (0.021)	Loss 0.0965 (0.1093)	MAE 0.421 (0.437)
Epoch: [8][67/114]	Time 0.115 (0.114)	Data 0.023 (0.021)	Loss 0.1048 (0.1092)	MAE 0.431 (0.437)
Epoch: [8][68/114]	Time 0.116 (0.114)	Data 0.018 (0.021)	Loss 0.0763 (0.1087)	MAE 0.348 (0.436)
Epoch: [8][69/114]	Time 0.140 (0.114)	Data 0.040 (0.021)	Loss 0.1086 (0.1087)	MAE 0.432 (0.436)
Epoch: [8][70/114]	Time 0.114 (0.114)	Data 0.024 (0.021)	Loss 0.1550 (0.1094)	MAE 0.456 (0.436)
Epoch: [8][71/114]	Time 0.125 (0.114)	Data 0.024 (0.021)	Loss 0.1058 (0.1093)	MAE 0.424 (0.436)
Epoch: [8][72/114]	Time 0.101 (0.114)	Data 0.015 (0.021)	Loss 0.1092 (0.1093)	MAE 0.433 (0.436)
Epoch: [8][73/114]	Time 0.121 (0.114)	Data 0.024 (0.021)	Loss 0.1028 (0.1093)	MAE 0.397 (0.435)
Epoch: [8][74/114]	Time 0.118 (0.114)	Data 0.024 (0.021)	Loss 0.1067 (0.1092)	MAE 0.414 (0.435)
Epoch: [8][75/114]	Time 0.113 (0.114)	Data 0.021 (0.021)	Loss 0.0879 (0.1089)	MAE 0.380 (0.434)
Epoch: [8][76/114]	Time 0.113 (0.114)	Data 0.018 (0.021)	Loss 0.1040 (0.1089)	MAE 0.411 (0.434)
Epoch: [8][77/114]	Time 0.120 (0.114)	Data 0.027 (0.021)	Loss 0.1022 (0.1088)	MAE 0.408 (0.434)
Epoch: [8][78/114]	Time 0.109 (0.114)	Data 0.016 (0.021)	Loss 0.0941 (0.1086)	MAE 0.393 (0.433)
Epoch: [8][79/114]	Time 0.104 (0.114)	Data 0.018 (0.021)	Loss 0.1138 (0.1087)	MAE 0.411 (0.433)
Epoch: [8][80/114]	Time 0.103 (0.114)	Data 0.018 (0.021)	Loss 0.1217 (0.1088)	MAE 0.434 (0.433)
Epoch: [8][81/114]	Time 0.106 (0.114)	Data 0.021 (0.021)	Loss 0.1034 (0.1088)	MAE 0.424 (0.433)
Epoch: [8][82/114]	Time 0.110 (0.114)	Data 0.016 (0.021)	Loss 0.1214 (0.1089)	MAE 0.437 (0.433)
Epoch: [8][83/114]	Time 0.107 (0.114)	Data 0.020 (0.021)	Loss 0.0965 (0.1088)	MAE 0.392 (0.432)
Epoch: [8][84/114]	Time 0.107 (0.114)	Data 0.015 (0.021)	Loss 0.1174 (0.1089)	MAE 0.448 (0.432)
Epoch: [8][85/114]	Time 0.114 (0.114)	Data 0.019 (0.021)	Loss 0.1022 (0.1088)	MAE 0.414 (0.432)
Epoch: [8][86/114]	Time 0.145 (0.114)	Data 0.015 (0.021)	Loss 0.1074 (0.1088)	MAE 0.425 (0.432)
Epoch: [8][87/114]	Time 0.111 (0.114)	Data 0.019 (0.021)	Loss 0.1073 (0.1088)	MAE 0.393 (0.432)
Epoch: [8][88/114]	Time 0.118 (0.114)	Data 0.025 (0.021)	Loss 0.0781 (0.1084)	MAE 0.397 (0.431)
Epoch: [8][89/114]	Time 0.118 (0.114)	Data 0.020 (0.021)	Loss 0.0983 (0.1083)	MAE 0.399 (0.431)
Epoch: [8][90/114]	Time 0.113 (0.114)	Data 0.014 (0.021)	Loss 0.0977 (0.1082)	MAE 0.424 (0.431)
Epoch: [8][91/114]	Time 0.115 (0.114)	Data 0.024 (0.021)	Loss 0.1137 (0.1082)	MAE 0.465 (0.431)
Epoch: [8][92/114]	Time 0.107 (0.114)	Data 0.012 (0.021)	Loss 0.1135 (0.1083)	MAE 0.407 (0.431)
Epoch: [8][93/114]	Time 0.136 (0.114)	Data 0.026 (0.021)	Loss 0.1092 (0.1083)	MAE 0.427 (0.431)
Epoch: [8][94/114]	Time 0.120 (0.114)	Data 0.025 (0.021)	Loss 0.0948 (0.1082)	MAE 0.405 (0.431)
Epoch: [8][95/114]	Time 0.109 (0.114)	Data 0.019 (0.021)	Loss 0.1049 (0.1081)	MAE 0.429 (0.431)
Epoch: [8][96/114]	Time 0.122 (0.114)	Data 0.021 (0.021)	Loss 0.1116 (0.1082)	MAE 0.415 (0.431)
Epoch: [8][97/114]	Time 0.121 (0.114)	Data 0.016 (0.021)	Loss 0.1162 (0.1083)	MAE 0.456 (0.431)
Epoch: [8][98/114]	Time 0.119 (0.114)	Data 0.023 (0.021)	Loss 0.1114 (0.1083)	MAE 0.415 (0.431)
Epoch: [8][99/114]	Time 0.104 (0.114)	Data 0.014 (0.021)	Loss 0.1004 (0.1082)	MAE 0.403 (0.430)
Epoch: [8][100/114]	Time 0.106 (0.114)	Data 0.020 (0.021)	Loss 0.1446 (0.1086)	MAE 0.497 (0.431)
Epoch: [8][101/114]	Time 0.110 (0.114)	Data 0.018 (0.021)	Loss 0.1074 (0.1086)	MAE 0.482 (0.431)
Epoch: [8][102/114]	Time 0.120 (0.114)	Data 0.020 (0.021)	Loss 0.1014 (0.1085)	MAE 0.417 (0.431)
Epoch: [8][103/114]	Time 0.107 (0.114)	Data 0.015 (0.020)	Loss 0.1142 (0.1085)	MAE 0.429 (0.431)
Epoch: [8][104/114]	Time 0.109 (0.114)	Data 0.019 (0.020)	Loss 0.1155 (0.1086)	MAE 0.472 (0.432)
Epoch: [8][105/114]	Time 0.112 (0.114)	Data 0.013 (0.020)	Loss 0.1083 (0.1086)	MAE 0.465 (0.432)
Epoch: [8][106/114]	Time 0.113 (0.114)	Data 0.021 (0.020)	Loss 0.1213 (0.1087)	MAE 0.482 (0.432)
Epoch: [8][107/114]	Time 0.105 (0.114)	Data 0.014 (0.020)	Loss 0.0732 (0.1084)	MAE 0.377 (0.432)
Epoch: [8][108/114]	Time 0.110 (0.114)	Data 0.018 (0.020)	Loss 0.1180 (0.1085)	MAE 0.456 (0.432)
Epoch: [8][109/114]	Time 0.113 (0.114)	Data 0.018 (0.020)	Loss 0.2238 (0.1095)	MAE 0.554 (0.433)
Epoch: [8][110/114]	Time 0.107 (0.114)	Data 0.017 (0.020)	Loss 0.1878 (0.1102)	MAE 0.625 (0.435)
Epoch: [8][111/114]	Time 0.106 (0.114)	Data 0.015 (0.020)	Loss 0.1170 (0.1103)	MAE 0.436 (0.435)
Epoch: [8][112/114]	Time 0.116 (0.114)	Data 0.023 (0.020)	Loss 0.0911 (0.1101)	MAE 0.413 (0.435)
Epoch: [8][113/114]	Time 0.089 (0.114)	Data 0.027 (0.020)	Loss 0.0831 (0.1100)	MAE 0.420 (0.435)
Test: [0/15]	Time 0.051 (0.051)	Loss 0.1064 (0.1064)	MAE 0.430 (0.430)
Test: [1/15]	Time 0.046 (0.049)	Loss 0.1076 (0.1070)	MAE 0.422 (0.426)
Test: [2/15]	Time 0.051 (0.049)	Loss 0.1286 (0.1142)	MAE 0.466 (0.439)
Test: [3/15]	Time 0.044 (0.048)	Loss 0.1151 (0.1144)	MAE 0.430 (0.437)
Test: [4/15]	Time 0.045 (0.047)	Loss 0.1308 (0.1177)	MAE 0.445 (0.439)
Test: [5/15]	Time 0.053 (0.048)	Loss 0.0889 (0.1129)	MAE 0.388 (0.430)
Test: [6/15]	Time 0.051 (0.049)	Loss 0.1063 (0.1120)	MAE 0.412 (0.428)
Test: [7/15]	Time 0.048 (0.049)	Loss 0.1013 (0.1106)	MAE 0.408 (0.425)
Test: [8/15]	Time 0.044 (0.048)	Loss 0.1007 (0.1095)	MAE 0.396 (0.422)
Test: [9/15]	Time 0.053 (0.049)	Loss 0.1201 (0.1106)	MAE 0.437 (0.424)
Test: [10/15]	Time 0.047 (0.049)	Loss 0.1278 (0.1122)	MAE 0.455 (0.426)
Test: [11/15]	Time 0.044 (0.048)	Loss 0.1111 (0.1121)	MAE 0.442 (0.428)
Test: [12/15]	Time 0.049 (0.048)	Loss 0.1163 (0.1124)	MAE 0.442 (0.429)
Test: [13/15]	Time 0.043 (0.048)	Loss 0.1065 (0.1120)	MAE 0.439 (0.430)
Test: [14/15]	Time 0.017 (0.046)	Loss 0.0891 (0.1117)	MAE 0.383 (0.429)
 * MAE 0.429
Epoch: [9][0/114]	Time 0.138 (0.138)	Data 0.051 (0.051)	Loss 0.0925 (0.0925)	MAE 0.409 (0.409)
Epoch: [9][1/114]	Time 0.105 (0.122)	Data 0.018 (0.035)	Loss 0.1206 (0.1066)	MAE 0.435 (0.422)
Epoch: [9][2/114]	Time 0.109 (0.118)	Data 0.013 (0.027)	Loss 0.1530 (0.1220)	MAE 0.512 (0.452)
Epoch: [9][3/114]	Time 0.111 (0.116)	Data 0.021 (0.026)	Loss 0.0838 (0.1125)	MAE 0.380 (0.434)
Epoch: [9][4/114]	Time 0.108 (0.114)	Data 0.014 (0.023)	Loss 0.0851 (0.1070)	MAE 0.405 (0.428)
Epoch: [9][5/114]	Time 0.111 (0.114)	Data 0.023 (0.023)	Loss 0.1023 (0.1062)	MAE 0.437 (0.430)
Epoch: [9][6/114]	Time 0.109 (0.113)	Data 0.016 (0.022)	Loss 0.1527 (0.1129)	MAE 0.463 (0.434)
Epoch: [9][7/114]	Time 0.119 (0.114)	Data 0.025 (0.023)	Loss 0.1442 (0.1168)	MAE 0.521 (0.445)
Epoch: [9][8/114]	Time 0.125 (0.115)	Data 0.033 (0.024)	Loss 0.1096 (0.1160)	MAE 0.427 (0.443)
Epoch: [9][9/114]	Time 0.108 (0.114)	Data 0.021 (0.024)	Loss 0.1552 (0.1199)	MAE 0.565 (0.455)
Epoch: [9][10/114]	Time 0.105 (0.114)	Data 0.013 (0.023)	Loss 0.0893 (0.1171)	MAE 0.409 (0.451)
Epoch: [9][11/114]	Time 0.106 (0.113)	Data 0.014 (0.022)	Loss 0.1130 (0.1168)	MAE 0.398 (0.447)
Epoch: [9][12/114]	Time 0.114 (0.113)	Data 0.022 (0.022)	Loss 0.1280 (0.1176)	MAE 0.462 (0.448)
Epoch: [9][13/114]	Time 0.115 (0.113)	Data 0.025 (0.022)	Loss 0.1136 (0.1174)	MAE 0.421 (0.446)
Epoch: [9][14/114]	Time 0.111 (0.113)	Data 0.018 (0.022)	Loss 0.1182 (0.1174)	MAE 0.446 (0.446)
Epoch: [9][15/114]	Time 0.109 (0.113)	Data 0.019 (0.022)	Loss 0.1649 (0.1204)	MAE 0.502 (0.449)
Epoch: [9][16/114]	Time 0.114 (0.113)	Data 0.018 (0.021)	Loss 0.1620 (0.1228)	MAE 0.494 (0.452)
Epoch: [9][17/114]	Time 0.123 (0.113)	Data 0.034 (0.022)	Loss 0.1091 (0.1221)	MAE 0.436 (0.451)
Epoch: [9][18/114]	Time 0.109 (0.113)	Data 0.017 (0.022)	Loss 0.0986 (0.1208)	MAE 0.405 (0.449)
Epoch: [9][19/114]	Time 0.109 (0.113)	Data 0.019 (0.022)	Loss 0.1079 (0.1202)	MAE 0.435 (0.448)
Epoch: [9][20/114]	Time 0.106 (0.113)	Data 0.017 (0.021)	Loss 0.1245 (0.1204)	MAE 0.469 (0.449)
Epoch: [9][21/114]	Time 0.114 (0.113)	Data 0.022 (0.022)	Loss 0.1146 (0.1201)	MAE 0.441 (0.449)
Epoch: [9][22/114]	Time 0.111 (0.113)	Data 0.018 (0.021)	Loss 0.1328 (0.1207)	MAE 0.495 (0.451)
Epoch: [9][23/114]	Time 0.107 (0.112)	Data 0.017 (0.021)	Loss 0.0923 (0.1195)	MAE 0.409 (0.449)
Epoch: [9][24/114]	Time 0.105 (0.112)	Data 0.017 (0.021)	Loss 0.1100 (0.1191)	MAE 0.416 (0.448)
Epoch: [9][25/114]	Time 0.120 (0.112)	Data 0.023 (0.021)	Loss 0.1068 (0.1186)	MAE 0.434 (0.447)
Epoch: [9][26/114]	Time 0.105 (0.112)	Data 0.014 (0.021)	Loss 0.1366 (0.1193)	MAE 0.457 (0.447)
Epoch: [9][27/114]	Time 0.117 (0.112)	Data 0.019 (0.021)	Loss 0.1295 (0.1197)	MAE 0.438 (0.447)
Epoch: [9][28/114]	Time 0.113 (0.112)	Data 0.023 (0.021)	Loss 0.0972 (0.1189)	MAE 0.409 (0.446)
Epoch: [9][29/114]	Time 0.108 (0.112)	Data 0.018 (0.021)	Loss 0.0887 (0.1179)	MAE 0.376 (0.443)
Epoch: [9][30/114]	Time 0.105 (0.112)	Data 0.018 (0.021)	Loss 0.1050 (0.1175)	MAE 0.441 (0.443)
Epoch: [9][31/114]	Time 0.112 (0.112)	Data 0.019 (0.021)	Loss 0.0848 (0.1165)	MAE 0.377 (0.441)
Epoch: [9][32/114]	Time 0.115 (0.112)	Data 0.018 (0.021)	Loss 0.1189 (0.1165)	MAE 0.437 (0.441)
Epoch: [9][33/114]	Time 0.111 (0.112)	Data 0.021 (0.021)	Loss 0.1085 (0.1163)	MAE 0.462 (0.442)
Epoch: [9][34/114]	Time 0.108 (0.112)	Data 0.017 (0.020)	Loss 0.1072 (0.1160)	MAE 0.390 (0.440)
Epoch: [9][35/114]	Time 0.111 (0.112)	Data 0.019 (0.020)	Loss 0.1420 (0.1168)	MAE 0.495 (0.442)
Epoch: [9][36/114]	Time 0.117 (0.112)	Data 0.021 (0.020)	Loss 0.0797 (0.1158)	MAE 0.367 (0.440)
Epoch: [9][37/114]	Time 0.120 (0.112)	Data 0.027 (0.021)	Loss 0.1091 (0.1156)	MAE 0.413 (0.439)
Epoch: [9][38/114]	Time 0.103 (0.112)	Data 0.014 (0.020)	Loss 0.1005 (0.1152)	MAE 0.435 (0.439)
Epoch: [9][39/114]	Time 0.113 (0.112)	Data 0.022 (0.020)	Loss 0.1035 (0.1149)	MAE 0.418 (0.438)
Epoch: [9][40/114]	Time 0.105 (0.112)	Data 0.016 (0.020)	Loss 0.0954 (0.1144)	MAE 0.387 (0.437)
Epoch: [9][41/114]	Time 0.117 (0.112)	Data 0.021 (0.020)	Loss 0.1137 (0.1144)	MAE 0.433 (0.437)
Epoch: [9][42/114]	Time 0.120 (0.112)	Data 0.018 (0.020)	Loss 0.1072 (0.1142)	MAE 0.427 (0.437)
Epoch: [9][43/114]	Time 0.118 (0.112)	Data 0.023 (0.020)	Loss 0.0952 (0.1138)	MAE 0.422 (0.437)
Epoch: [9][44/114]	Time 0.109 (0.112)	Data 0.014 (0.020)	Loss 0.0747 (0.1129)	MAE 0.370 (0.435)
Epoch: [9][45/114]	Time 0.112 (0.112)	Data 0.022 (0.020)	Loss 0.1177 (0.1130)	MAE 0.435 (0.435)
Epoch: [9][46/114]	Time 0.112 (0.112)	Data 0.020 (0.020)	Loss 0.0799 (0.1123)	MAE 0.375 (0.434)
Epoch: [9][47/114]	Time 0.113 (0.112)	Data 0.020 (0.020)	Loss 0.1174 (0.1124)	MAE 0.464 (0.434)
Epoch: [9][48/114]	Time 0.105 (0.112)	Data 0.017 (0.020)	Loss 0.0840 (0.1119)	MAE 0.373 (0.433)
Epoch: [9][49/114]	Time 0.110 (0.112)	Data 0.019 (0.020)	Loss 0.0893 (0.1114)	MAE 0.410 (0.433)
Epoch: [9][50/114]	Time 0.107 (0.112)	Data 0.017 (0.020)	Loss 0.0936 (0.1111)	MAE 0.395 (0.432)
Epoch: [9][51/114]	Time 0.118 (0.112)	Data 0.022 (0.020)	Loss 0.1055 (0.1110)	MAE 0.432 (0.432)
Epoch: [9][52/114]	Time 0.108 (0.112)	Data 0.016 (0.020)	Loss 0.1128 (0.1110)	MAE 0.447 (0.432)
Epoch: [9][53/114]	Time 0.116 (0.112)	Data 0.024 (0.020)	Loss 0.1301 (0.1113)	MAE 0.493 (0.433)
Epoch: [9][54/114]	Time 0.111 (0.112)	Data 0.017 (0.020)	Loss 0.1064 (0.1113)	MAE 0.444 (0.434)
Epoch: [9][55/114]	Time 0.118 (0.112)	Data 0.023 (0.020)	Loss 0.1243 (0.1115)	MAE 0.480 (0.434)
Epoch: [9][56/114]	Time 0.112 (0.112)	Data 0.018 (0.020)	Loss 0.1172 (0.1116)	MAE 0.423 (0.434)
Epoch: [9][57/114]	Time 0.116 (0.112)	Data 0.029 (0.020)	Loss 0.1109 (0.1116)	MAE 0.439 (0.434)
Epoch: [9][58/114]	Time 0.110 (0.112)	Data 0.017 (0.020)	Loss 0.1328 (0.1119)	MAE 0.510 (0.436)
Epoch: [9][59/114]	Time 0.111 (0.112)	Data 0.020 (0.020)	Loss 0.0981 (0.1117)	MAE 0.418 (0.435)
Epoch: [9][60/114]	Time 0.105 (0.112)	Data 0.016 (0.020)	Loss 0.1279 (0.1120)	MAE 0.492 (0.436)
Epoch: [9][61/114]	Time 0.106 (0.112)	Data 0.018 (0.020)	Loss 0.1076 (0.1119)	MAE 0.410 (0.436)
Epoch: [9][62/114]	Time 0.105 (0.112)	Data 0.017 (0.020)	Loss 0.0922 (0.1116)	MAE 0.396 (0.435)
Epoch: [9][63/114]	Time 0.109 (0.112)	Data 0.021 (0.020)	Loss 0.0905 (0.1113)	MAE 0.409 (0.435)
Epoch: [9][64/114]	Time 0.102 (0.112)	Data 0.014 (0.020)	Loss 0.0863 (0.1109)	MAE 0.415 (0.434)
Epoch: [9][65/114]	Time 0.108 (0.112)	Data 0.020 (0.020)	Loss 0.1166 (0.1110)	MAE 0.502 (0.435)
Epoch: [9][66/114]	Time 0.113 (0.112)	Data 0.021 (0.020)	Loss 0.0935 (0.1107)	MAE 0.457 (0.436)
Epoch: [9][67/114]	Time 0.125 (0.112)	Data 0.030 (0.020)	Loss 0.0830 (0.1103)	MAE 0.376 (0.435)
Epoch: [9][68/114]	Time 0.111 (0.112)	Data 0.025 (0.020)	Loss 0.1238 (0.1105)	MAE 0.498 (0.436)
Epoch: [9][69/114]	Time 0.106 (0.112)	Data 0.019 (0.020)	Loss 0.0950 (0.1103)	MAE 0.408 (0.435)
Epoch: [9][70/114]	Time 0.107 (0.112)	Data 0.015 (0.020)	Loss 0.1000 (0.1101)	MAE 0.422 (0.435)
Epoch: [9][71/114]	Time 0.118 (0.112)	Data 0.023 (0.020)	Loss 0.1248 (0.1103)	MAE 0.456 (0.436)
Epoch: [9][72/114]	Time 0.116 (0.112)	Data 0.023 (0.020)	Loss 0.1373 (0.1107)	MAE 0.542 (0.437)
Epoch: [9][73/114]	Time 0.109 (0.112)	Data 0.019 (0.020)	Loss 0.1004 (0.1106)	MAE 0.431 (0.437)
Epoch: [9][74/114]	Time 0.108 (0.112)	Data 0.018 (0.020)	Loss 0.1282 (0.1108)	MAE 0.471 (0.437)
Epoch: [9][75/114]	Time 0.116 (0.112)	Data 0.024 (0.020)	Loss 0.0978 (0.1106)	MAE 0.400 (0.437)
Epoch: [9][76/114]	Time 0.108 (0.112)	Data 0.015 (0.020)	Loss 0.1157 (0.1107)	MAE 0.512 (0.438)
Epoch: [9][77/114]	Time 0.112 (0.112)	Data 0.020 (0.020)	Loss 0.1121 (0.1107)	MAE 0.502 (0.439)
Epoch: [9][78/114]	Time 0.110 (0.112)	Data 0.018 (0.020)	Loss 0.1264 (0.1109)	MAE 0.486 (0.439)
Epoch: [9][79/114]	Time 0.112 (0.112)	Data 0.019 (0.020)	Loss 0.1085 (0.1109)	MAE 0.439 (0.439)
Epoch: [9][80/114]	Time 0.105 (0.112)	Data 0.016 (0.020)	Loss 0.1051 (0.1108)	MAE 0.425 (0.439)
Epoch: [9][81/114]	Time 0.111 (0.112)	Data 0.019 (0.020)	Loss 0.0807 (0.1104)	MAE 0.378 (0.438)
Epoch: [9][82/114]	Time 0.105 (0.112)	Data 0.014 (0.020)	Loss 0.1056 (0.1104)	MAE 0.429 (0.438)
Epoch: [9][83/114]	Time 0.109 (0.112)	Data 0.019 (0.020)	Loss 0.1049 (0.1103)	MAE 0.454 (0.438)
Epoch: [9][84/114]	Time 0.104 (0.111)	Data 0.017 (0.020)	Loss 0.1230 (0.1105)	MAE 0.424 (0.438)
Epoch: [9][85/114]	Time 0.113 (0.111)	Data 0.022 (0.020)	Loss 0.0859 (0.1102)	MAE 0.385 (0.438)
Epoch: [9][86/114]	Time 0.111 (0.111)	Data 0.020 (0.020)	Loss 0.0993 (0.1100)	MAE 0.410 (0.437)
Epoch: [9][87/114]	Time 0.122 (0.112)	Data 0.026 (0.020)	Loss 0.1088 (0.1100)	MAE 0.386 (0.437)
Epoch: [9][88/114]	Time 0.110 (0.112)	Data 0.019 (0.020)	Loss 0.0951 (0.1099)	MAE 0.406 (0.436)
Epoch: [9][89/114]	Time 0.111 (0.112)	Data 0.024 (0.020)	Loss 0.1064 (0.1098)	MAE 0.443 (0.436)
Epoch: [9][90/114]	Time 0.102 (0.111)	Data 0.016 (0.020)	Loss 0.0838 (0.1095)	MAE 0.365 (0.436)
Epoch: [9][91/114]	Time 0.113 (0.111)	Data 0.019 (0.020)	Loss 0.0697 (0.1091)	MAE 0.344 (0.435)
Epoch: [9][92/114]	Time 0.118 (0.112)	Data 0.024 (0.020)	Loss 0.0742 (0.1087)	MAE 0.359 (0.434)
Epoch: [9][93/114]	Time 0.108 (0.112)	Data 0.018 (0.020)	Loss 0.0824 (0.1085)	MAE 0.370 (0.433)
Epoch: [9][94/114]	Time 0.146 (0.112)	Data 0.017 (0.020)	Loss 0.0957 (0.1083)	MAE 0.423 (0.433)
Epoch: [9][95/114]	Time 0.114 (0.112)	Data 0.019 (0.020)	Loss 0.1323 (0.1086)	MAE 0.477 (0.433)
Epoch: [9][96/114]	Time 0.113 (0.112)	Data 0.027 (0.020)	Loss 0.1024 (0.1085)	MAE 0.413 (0.433)
Epoch: [9][97/114]	Time 0.111 (0.112)	Data 0.022 (0.020)	Loss 0.1266 (0.1087)	MAE 0.442 (0.433)
Epoch: [9][98/114]	Time 0.105 (0.112)	Data 0.013 (0.020)	Loss 0.0871 (0.1085)	MAE 0.393 (0.433)
Epoch: [9][99/114]	Time 0.106 (0.112)	Data 0.019 (0.020)	Loss 0.1136 (0.1085)	MAE 0.445 (0.433)
Epoch: [9][100/114]	Time 0.109 (0.112)	Data 0.018 (0.020)	Loss 0.1052 (0.1085)	MAE 0.431 (0.433)
Epoch: [9][101/114]	Time 0.111 (0.112)	Data 0.021 (0.020)	Loss 0.1054 (0.1085)	MAE 0.437 (0.433)
Epoch: [9][102/114]	Time 0.114 (0.112)	Data 0.022 (0.020)	Loss 0.0968 (0.1083)	MAE 0.394 (0.433)
Epoch: [9][103/114]	Time 0.116 (0.112)	Data 0.023 (0.020)	Loss 0.1146 (0.1084)	MAE 0.441 (0.433)
Epoch: [9][104/114]	Time 0.106 (0.112)	Data 0.015 (0.020)	Loss 0.0986 (0.1083)	MAE 0.408 (0.433)
Epoch: [9][105/114]	Time 0.107 (0.112)	Data 0.020 (0.020)	Loss 0.0859 (0.1081)	MAE 0.381 (0.432)
Epoch: [9][106/114]	Time 0.115 (0.112)	Data 0.016 (0.020)	Loss 0.0932 (0.1080)	MAE 0.382 (0.432)
Epoch: [9][107/114]	Time 0.115 (0.112)	Data 0.022 (0.020)	Loss 0.1688 (0.1085)	MAE 0.470 (0.432)
Epoch: [9][108/114]	Time 0.112 (0.112)	Data 0.022 (0.020)	Loss 0.0955 (0.1084)	MAE 0.399 (0.432)
Epoch: [9][109/114]	Time 0.138 (0.112)	Data 0.019 (0.020)	Loss 0.0925 (0.1083)	MAE 0.414 (0.431)
Epoch: [9][110/114]	Time 0.119 (0.112)	Data 0.022 (0.020)	Loss 0.1040 (0.1082)	MAE 0.432 (0.432)
Epoch: [9][111/114]	Time 0.107 (0.112)	Data 0.016 (0.020)	Loss 0.0963 (0.1081)	MAE 0.389 (0.431)
Epoch: [9][112/114]	Time 0.118 (0.112)	Data 0.023 (0.020)	Loss 0.0948 (0.1080)	MAE 0.421 (0.431)
Epoch: [9][113/114]	Time 0.088 (0.112)	Data 0.025 (0.020)	Loss 0.0824 (0.1079)	MAE 0.384 (0.431)
Test: [0/15]	Time 0.048 (0.048)	Loss 0.1298 (0.1298)	MAE 0.439 (0.439)
Test: [1/15]	Time 0.045 (0.047)	Loss 0.0924 (0.1111)	MAE 0.413 (0.426)
Test: [2/15]	Time 0.052 (0.048)	Loss 0.1100 (0.1107)	MAE 0.421 (0.424)
Test: [3/15]	Time 0.047 (0.048)	Loss 0.0960 (0.1070)	MAE 0.380 (0.413)
Test: [4/15]	Time 0.060 (0.050)	Loss 0.1126 (0.1082)	MAE 0.408 (0.412)
Test: [5/15]	Time 0.047 (0.050)	Loss 0.0906 (0.1052)	MAE 0.396 (0.409)
Test: [6/15]	Time 0.053 (0.050)	Loss 0.0977 (0.1042)	MAE 0.405 (0.409)
Test: [7/15]	Time 0.042 (0.049)	Loss 0.1110 (0.1050)	MAE 0.420 (0.410)
Test: [8/15]	Time 0.053 (0.050)	Loss 0.1010 (0.1046)	MAE 0.394 (0.408)
Test: [9/15]	Time 0.044 (0.049)	Loss 0.1020 (0.1043)	MAE 0.418 (0.409)
Test: [10/15]	Time 0.043 (0.049)	Loss 0.0890 (0.1029)	MAE 0.394 (0.408)
Test: [11/15]	Time 0.047 (0.048)	Loss 0.1079 (0.1033)	MAE 0.421 (0.409)
Test: [12/15]	Time 0.050 (0.049)	Loss 0.1267 (0.1051)	MAE 0.406 (0.409)
Test: [13/15]	Time 0.043 (0.048)	Loss 0.1116 (0.1056)	MAE 0.432 (0.411)
Test: [14/15]	Time 0.014 (0.046)	Loss 0.1272 (0.1059)	MAE 0.437 (0.411)
 * MAE 0.411
Epoch: [10][0/114]	Time 0.146 (0.146)	Data 0.058 (0.058)	Loss 0.0978 (0.0978)	MAE 0.394 (0.394)
Epoch: [10][1/114]	Time 0.109 (0.128)	Data 0.017 (0.038)	Loss 0.0876 (0.0927)	MAE 0.386 (0.390)
Epoch: [10][2/114]	Time 0.110 (0.122)	Data 0.017 (0.031)	Loss 0.1038 (0.0964)	MAE 0.431 (0.404)
Epoch: [10][3/114]	Time 0.111 (0.119)	Data 0.016 (0.027)	Loss 0.0913 (0.0951)	MAE 0.394 (0.401)
Epoch: [10][4/114]	Time 0.109 (0.117)	Data 0.018 (0.025)	Loss 0.0865 (0.0934)	MAE 0.371 (0.395)
Epoch: [10][5/114]	Time 0.123 (0.118)	Data 0.029 (0.026)	Loss 0.0885 (0.0926)	MAE 0.377 (0.392)
Epoch: [10][6/114]	Time 0.125 (0.119)	Data 0.032 (0.027)	Loss 0.1077 (0.0947)	MAE 0.410 (0.395)
Epoch: [10][7/114]	Time 0.104 (0.117)	Data 0.015 (0.025)	Loss 0.1104 (0.0967)	MAE 0.422 (0.398)
Epoch: [10][8/114]	Time 0.112 (0.117)	Data 0.023 (0.025)	Loss 0.1081 (0.0980)	MAE 0.432 (0.402)
Epoch: [10][9/114]	Time 0.113 (0.116)	Data 0.020 (0.025)	Loss 0.0953 (0.0977)	MAE 0.393 (0.401)
Epoch: [10][10/114]	Time 0.115 (0.116)	Data 0.020 (0.024)	Loss 0.1062 (0.0985)	MAE 0.421 (0.403)
Epoch: [10][11/114]	Time 0.104 (0.115)	Data 0.019 (0.024)	Loss 0.1144 (0.0998)	MAE 0.430 (0.405)
Epoch: [10][12/114]	Time 0.105 (0.114)	Data 0.018 (0.023)	Loss 0.1182 (0.1012)	MAE 0.487 (0.411)
Epoch: [10][13/114]	Time 0.116 (0.114)	Data 0.020 (0.023)	Loss 0.1014 (0.1012)	MAE 0.397 (0.410)
Epoch: [10][14/114]	Time 0.122 (0.115)	Data 0.025 (0.023)	Loss 0.1052 (0.1015)	MAE 0.427 (0.411)
Epoch: [10][15/114]	Time 0.122 (0.115)	Data 0.025 (0.023)	Loss 0.0977 (0.1013)	MAE 0.448 (0.414)
Epoch: [10][16/114]	Time 0.115 (0.115)	Data 0.025 (0.023)	Loss 0.1080 (0.1017)	MAE 0.460 (0.416)
Epoch: [10][17/114]	Time 0.104 (0.115)	Data 0.015 (0.023)	Loss 0.1256 (0.1030)	MAE 0.421 (0.417)
Epoch: [10][18/114]	Time 0.109 (0.114)	Data 0.020 (0.023)	Loss 0.1002 (0.1028)	MAE 0.395 (0.415)
Epoch: [10][19/114]	Time 0.113 (0.114)	Data 0.021 (0.023)	Loss 0.0966 (0.1025)	MAE 0.404 (0.415)
Epoch: [10][20/114]	Time 0.112 (0.114)	Data 0.017 (0.022)	Loss 0.1018 (0.1025)	MAE 0.432 (0.416)
Epoch: [10][21/114]	Time 0.103 (0.114)	Data 0.015 (0.022)	Loss 0.1259 (0.1036)	MAE 0.461 (0.418)
Epoch: [10][22/114]	Time 0.113 (0.114)	Data 0.023 (0.022)	Loss 0.1286 (0.1046)	MAE 0.389 (0.416)
Epoch: [10][23/114]	Time 0.106 (0.113)	Data 0.015 (0.022)	Loss 0.0934 (0.1042)	MAE 0.411 (0.416)
Epoch: [10][24/114]	Time 0.113 (0.113)	Data 0.020 (0.022)	Loss 0.0959 (0.1038)	MAE 0.394 (0.415)
Epoch: [10][25/114]	Time 0.111 (0.113)	Data 0.018 (0.022)	Loss 0.0838 (0.1031)	MAE 0.403 (0.415)
Epoch: [10][26/114]	Time 0.124 (0.114)	Data 0.033 (0.022)	Loss 0.1080 (0.1033)	MAE 0.430 (0.415)
Epoch: [10][27/114]	Time 0.101 (0.113)	Data 0.014 (0.022)	Loss 0.0976 (0.1031)	MAE 0.410 (0.415)
Epoch: [10][28/114]	Time 0.116 (0.113)	Data 0.023 (0.022)	Loss 0.1139 (0.1034)	MAE 0.404 (0.415)
Epoch: [10][29/114]	Time 0.105 (0.113)	Data 0.015 (0.022)	Loss 0.0940 (0.1031)	MAE 0.412 (0.415)
Epoch: [10][30/114]	Time 0.114 (0.113)	Data 0.023 (0.022)	Loss 0.1029 (0.1031)	MAE 0.432 (0.415)
Epoch: [10][31/114]	Time 0.099 (0.113)	Data 0.017 (0.021)	Loss 0.1072 (0.1032)	MAE 0.456 (0.417)
Epoch: [10][32/114]	Time 0.111 (0.113)	Data 0.017 (0.021)	Loss 0.1031 (0.1032)	MAE 0.424 (0.417)
Epoch: [10][33/114]	Time 0.107 (0.112)	Data 0.013 (0.021)	Loss 0.1175 (0.1037)	MAE 0.421 (0.417)
Epoch: [10][34/114]	Time 0.114 (0.113)	Data 0.020 (0.021)	Loss 0.0907 (0.1033)	MAE 0.396 (0.416)
Epoch: [10][35/114]	Time 0.111 (0.112)	Data 0.023 (0.021)	Loss 0.0954 (0.1031)	MAE 0.406 (0.416)
Epoch: [10][36/114]	Time 0.114 (0.113)	Data 0.020 (0.021)	Loss 0.1103 (0.1033)	MAE 0.404 (0.416)
Epoch: [10][37/114]	Time 0.109 (0.112)	Data 0.019 (0.021)	Loss 0.1050 (0.1033)	MAE 0.398 (0.415)
Epoch: [10][38/114]	Time 0.111 (0.112)	Data 0.020 (0.021)	Loss 0.1044 (0.1033)	MAE 0.436 (0.416)
Epoch: [10][39/114]	Time 0.105 (0.112)	Data 0.015 (0.021)	Loss 0.1116 (0.1035)	MAE 0.413 (0.416)
Epoch: [10][40/114]	Time 0.122 (0.112)	Data 0.031 (0.021)	Loss 0.1012 (0.1035)	MAE 0.415 (0.416)
Epoch: [10][41/114]	Time 0.105 (0.112)	Data 0.015 (0.021)	Loss 0.0928 (0.1032)	MAE 0.386 (0.415)
Epoch: [10][42/114]	Time 0.110 (0.112)	Data 0.019 (0.021)	Loss 0.0978 (0.1031)	MAE 0.408 (0.415)
Epoch: [10][43/114]	Time 0.117 (0.112)	Data 0.015 (0.021)	Loss 0.0875 (0.1028)	MAE 0.384 (0.414)
Epoch: [10][44/114]	Time 0.120 (0.112)	Data 0.027 (0.021)	Loss 0.0817 (0.1023)	MAE 0.386 (0.414)
Epoch: [10][45/114]	Time 0.115 (0.113)	Data 0.022 (0.021)	Loss 0.0803 (0.1018)	MAE 0.376 (0.413)
Epoch: [10][46/114]	Time 0.113 (0.113)	Data 0.023 (0.021)	Loss 0.1044 (0.1019)	MAE 0.440 (0.413)
Epoch: [10][47/114]	Time 0.118 (0.113)	Data 0.012 (0.021)	Loss 0.1255 (0.1024)	MAE 0.429 (0.414)
Epoch: [10][48/114]	Time 0.111 (0.113)	Data 0.020 (0.021)	Loss 0.1084 (0.1025)	MAE 0.407 (0.413)
Epoch: [10][49/114]	Time 0.108 (0.113)	Data 0.018 (0.021)	Loss 0.0823 (0.1021)	MAE 0.391 (0.413)
Epoch: [10][50/114]	Time 0.116 (0.113)	Data 0.024 (0.021)	Loss 0.1131 (0.1023)	MAE 0.446 (0.414)
Epoch: [10][51/114]	Time 0.111 (0.113)	Data 0.016 (0.021)	Loss 0.0964 (0.1022)	MAE 0.389 (0.413)
Epoch: [10][52/114]	Time 0.105 (0.112)	Data 0.017 (0.021)	Loss 0.0989 (0.1021)	MAE 0.414 (0.413)
Epoch: [10][53/114]	Time 0.109 (0.112)	Data 0.017 (0.021)	Loss 0.1080 (0.1022)	MAE 0.438 (0.414)
Epoch: [10][54/114]	Time 0.127 (0.113)	Data 0.031 (0.021)	Loss 0.1296 (0.1027)	MAE 0.498 (0.415)
Epoch: [10][55/114]	Time 0.119 (0.113)	Data 0.027 (0.021)	Loss 0.1145 (0.1029)	MAE 0.440 (0.416)
Epoch: [10][56/114]	Time 0.113 (0.113)	Data 0.023 (0.021)	Loss 0.0862 (0.1026)	MAE 0.381 (0.415)
Epoch: [10][57/114]	Time 0.110 (0.113)	Data 0.022 (0.021)	Loss 0.0908 (0.1024)	MAE 0.396 (0.415)
Epoch: [10][58/114]	Time 0.109 (0.113)	Data 0.019 (0.021)	Loss 0.1050 (0.1025)	MAE 0.429 (0.415)
Epoch: [10][59/114]	Time 0.113 (0.113)	Data 0.019 (0.021)	Loss 0.0894 (0.1023)	MAE 0.403 (0.415)
Epoch: [10][60/114]	Time 0.110 (0.113)	Data 0.021 (0.021)	Loss 0.0862 (0.1020)	MAE 0.394 (0.414)
Epoch: [10][61/114]	Time 0.107 (0.112)	Data 0.019 (0.021)	Loss 0.1345 (0.1025)	MAE 0.466 (0.415)
Epoch: [10][62/114]	Time 0.114 (0.113)	Data 0.021 (0.021)	Loss 0.0988 (0.1025)	MAE 0.404 (0.415)
Epoch: [10][63/114]	Time 0.108 (0.112)	Data 0.014 (0.021)	Loss 0.1191 (0.1027)	MAE 0.415 (0.415)
Epoch: [10][64/114]	Time 0.110 (0.112)	Data 0.020 (0.021)	Loss 0.1023 (0.1027)	MAE 0.401 (0.415)
Epoch: [10][65/114]	Time 0.112 (0.112)	Data 0.017 (0.021)	Loss 0.1490 (0.1034)	MAE 0.537 (0.417)
Epoch: [10][66/114]	Time 0.107 (0.112)	Data 0.022 (0.021)	Loss 0.1116 (0.1035)	MAE 0.440 (0.417)
Epoch: [10][67/114]	Time 0.104 (0.112)	Data 0.016 (0.021)	Loss 0.1170 (0.1037)	MAE 0.427 (0.417)
Epoch: [10][68/114]	Time 0.113 (0.112)	Data 0.021 (0.021)	Loss 0.0891 (0.1035)	MAE 0.359 (0.416)
Epoch: [10][69/114]	Time 0.109 (0.112)	Data 0.019 (0.021)	Loss 0.0901 (0.1033)	MAE 0.393 (0.416)
Epoch: [10][70/114]	Time 0.110 (0.112)	Data 0.023 (0.021)	Loss 0.0895 (0.1031)	MAE 0.396 (0.416)
Epoch: [10][71/114]	Time 0.109 (0.112)	Data 0.019 (0.021)	Loss 0.0930 (0.1030)	MAE 0.402 (0.416)
Epoch: [10][72/114]	Time 0.111 (0.112)	Data 0.022 (0.021)	Loss 0.0956 (0.1029)	MAE 0.416 (0.416)
Epoch: [10][73/114]	Time 0.111 (0.112)	Data 0.019 (0.021)	Loss 0.0849 (0.1027)	MAE 0.407 (0.415)
Epoch: [10][74/114]	Time 0.132 (0.112)	Data 0.030 (0.021)	Loss 0.1024 (0.1026)	MAE 0.391 (0.415)
Epoch: [10][75/114]	Time 0.114 (0.112)	Data 0.014 (0.021)	Loss 0.1154 (0.1028)	MAE 0.422 (0.415)
Epoch: [10][76/114]	Time 0.114 (0.112)	Data 0.023 (0.021)	Loss 0.0754 (0.1025)	MAE 0.341 (0.414)
Epoch: [10][77/114]	Time 0.107 (0.112)	Data 0.021 (0.021)	Loss 0.0952 (0.1024)	MAE 0.381 (0.414)
Epoch: [10][78/114]	Time 0.111 (0.112)	Data 0.024 (0.021)	Loss 0.1128 (0.1025)	MAE 0.452 (0.414)
Epoch: [10][79/114]	Time 0.104 (0.112)	Data 0.015 (0.021)	Loss 0.1063 (0.1025)	MAE 0.421 (0.414)
Epoch: [10][80/114]	Time 0.118 (0.112)	Data 0.022 (0.021)	Loss 0.1052 (0.1026)	MAE 0.414 (0.414)
Epoch: [10][81/114]	Time 0.106 (0.112)	Data 0.018 (0.021)	Loss 0.1284 (0.1029)	MAE 0.447 (0.415)
Epoch: [10][82/114]	Time 0.110 (0.112)	Data 0.016 (0.021)	Loss 0.1056 (0.1029)	MAE 0.428 (0.415)
Epoch: [10][83/114]	Time 0.102 (0.112)	Data 0.015 (0.021)	Loss 0.1210 (0.1031)	MAE 0.393 (0.415)
Epoch: [10][84/114]	Time 0.116 (0.112)	Data 0.023 (0.021)	Loss 0.1004 (0.1031)	MAE 0.423 (0.415)
Epoch: [10][85/114]	Time 0.119 (0.112)	Data 0.020 (0.021)	Loss 0.1104 (0.1032)	MAE 0.415 (0.415)
Epoch: [10][86/114]	Time 0.116 (0.112)	Data 0.025 (0.021)	Loss 0.1192 (0.1034)	MAE 0.482 (0.416)
Epoch: [10][87/114]	Time 0.108 (0.112)	Data 0.017 (0.021)	Loss 0.1108 (0.1035)	MAE 0.456 (0.416)
Epoch: [10][88/114]	Time 0.113 (0.112)	Data 0.021 (0.021)	Loss 0.0967 (0.1034)	MAE 0.401 (0.416)
Epoch: [10][89/114]	Time 0.108 (0.112)	Data 0.016 (0.021)	Loss 0.0966 (0.1033)	MAE 0.405 (0.416)
Epoch: [10][90/114]	Time 0.111 (0.112)	Data 0.019 (0.020)	Loss 0.0790 (0.1030)	MAE 0.351 (0.415)
Epoch: [10][91/114]	Time 0.110 (0.112)	Data 0.018 (0.020)	Loss 0.0962 (0.1030)	MAE 0.421 (0.415)
Epoch: [10][92/114]	Time 0.106 (0.112)	Data 0.018 (0.020)	Loss 0.0858 (0.1028)	MAE 0.395 (0.415)
Epoch: [10][93/114]	Time 0.116 (0.112)	Data 0.019 (0.020)	Loss 0.0860 (0.1026)	MAE 0.372 (0.414)
Epoch: [10][94/114]	Time 0.137 (0.112)	Data 0.029 (0.021)	Loss 0.0966 (0.1025)	MAE 0.417 (0.414)
Epoch: [10][95/114]	Time 0.124 (0.112)	Data 0.032 (0.021)	Loss 0.1057 (0.1026)	MAE 0.448 (0.415)
Epoch: [10][96/114]	Time 0.115 (0.112)	Data 0.023 (0.021)	Loss 0.1006 (0.1026)	MAE 0.403 (0.415)
Epoch: [10][97/114]	Time 0.117 (0.113)	Data 0.022 (0.021)	Loss 0.1008 (0.1025)	MAE 0.414 (0.415)
Epoch: [10][98/114]	Time 0.101 (0.112)	Data 0.015 (0.021)	Loss 0.1118 (0.1026)	MAE 0.419 (0.415)
Epoch: [10][99/114]	Time 0.115 (0.112)	Data 0.025 (0.021)	Loss 0.0858 (0.1025)	MAE 0.375 (0.414)
Epoch: [10][100/114]	Time 0.100 (0.112)	Data 0.012 (0.021)	Loss 0.0848 (0.1023)	MAE 0.368 (0.414)
Epoch: [10][101/114]	Time 0.111 (0.112)	Data 0.023 (0.021)	Loss 0.1013 (0.1023)	MAE 0.412 (0.414)
Epoch: [10][102/114]	Time 0.104 (0.112)	Data 0.019 (0.021)	Loss 0.0926 (0.1022)	MAE 0.393 (0.414)
Epoch: [10][103/114]	Time 0.113 (0.112)	Data 0.024 (0.021)	Loss 0.1105 (0.1023)	MAE 0.416 (0.414)
Epoch: [10][104/114]	Time 0.109 (0.112)	Data 0.017 (0.021)	Loss 0.1069 (0.1023)	MAE 0.440 (0.414)
Epoch: [10][105/114]	Time 0.121 (0.112)	Data 0.026 (0.021)	Loss 0.0899 (0.1022)	MAE 0.391 (0.414)
Epoch: [10][106/114]	Time 0.102 (0.112)	Data 0.016 (0.021)	Loss 0.1031 (0.1022)	MAE 0.411 (0.414)
Epoch: [10][107/114]	Time 0.111 (0.112)	Data 0.019 (0.021)	Loss 0.0821 (0.1020)	MAE 0.389 (0.413)
Epoch: [10][108/114]	Time 0.110 (0.112)	Data 0.020 (0.021)	Loss 0.1112 (0.1021)	MAE 0.421 (0.413)
Epoch: [10][109/114]	Time 0.112 (0.112)	Data 0.018 (0.021)	Loss 0.0901 (0.1020)	MAE 0.384 (0.413)
Epoch: [10][110/114]	Time 0.139 (0.112)	Data 0.014 (0.020)	Loss 0.1082 (0.1020)	MAE 0.418 (0.413)
Epoch: [10][111/114]	Time 0.110 (0.112)	Data 0.020 (0.020)	Loss 0.0845 (0.1019)	MAE 0.386 (0.413)
Epoch: [10][112/114]	Time 0.111 (0.112)	Data 0.013 (0.020)	Loss 0.0898 (0.1018)	MAE 0.387 (0.413)
Epoch: [10][113/114]	Time 0.094 (0.112)	Data 0.029 (0.021)	Loss 0.0862 (0.1017)	MAE 0.378 (0.413)
Test: [0/15]	Time 0.078 (0.078)	Loss 0.0827 (0.0827)	MAE 0.401 (0.401)
Test: [1/15]	Time 0.063 (0.071)	Loss 0.1448 (0.1138)	MAE 0.479 (0.440)
Test: [2/15]	Time 0.041 (0.061)	Loss 0.1082 (0.1119)	MAE 0.436 (0.439)
Test: [3/15]	Time 0.044 (0.057)	Loss 0.1007 (0.1091)	MAE 0.405 (0.430)
Test: [4/15]	Time 0.042 (0.054)	Loss 0.1102 (0.1093)	MAE 0.437 (0.432)
Test: [5/15]	Time 0.047 (0.053)	Loss 0.0925 (0.1065)	MAE 0.408 (0.428)
Test: [6/15]	Time 0.047 (0.052)	Loss 0.1046 (0.1063)	MAE 0.417 (0.426)
Test: [7/15]	Time 0.047 (0.051)	Loss 0.0777 (0.1027)	MAE 0.399 (0.423)
Test: [8/15]	Time 0.050 (0.051)	Loss 0.1159 (0.1042)	MAE 0.442 (0.425)
Test: [9/15]	Time 0.047 (0.051)	Loss 0.1065 (0.1044)	MAE 0.432 (0.426)
Test: [10/15]	Time 0.050 (0.051)	Loss 0.0926 (0.1033)	MAE 0.400 (0.423)
Test: [11/15]	Time 0.042 (0.050)	Loss 0.0936 (0.1025)	MAE 0.411 (0.422)
Test: [12/15]	Time 0.045 (0.050)	Loss 0.0941 (0.1019)	MAE 0.412 (0.421)
Test: [13/15]	Time 0.046 (0.049)	Loss 0.0847 (0.1006)	MAE 0.387 (0.419)
Test: [14/15]	Time 0.014 (0.047)	Loss 0.0926 (0.1005)	MAE 0.394 (0.419)
 * MAE 0.419
Epoch: [11][0/114]	Time 0.147 (0.147)	Data 0.060 (0.060)	Loss 0.1072 (0.1072)	MAE 0.471 (0.471)
Epoch: [11][1/114]	Time 0.110 (0.128)	Data 0.022 (0.041)	Loss 0.1355 (0.1214)	MAE 0.464 (0.467)
Epoch: [11][2/114]	Time 0.118 (0.125)	Data 0.024 (0.036)	Loss 0.0937 (0.1121)	MAE 0.398 (0.444)
Epoch: [11][3/114]	Time 0.102 (0.119)	Data 0.014 (0.030)	Loss 0.1009 (0.1093)	MAE 0.392 (0.431)
Epoch: [11][4/114]	Time 0.110 (0.118)	Data 0.024 (0.029)	Loss 0.0954 (0.1066)	MAE 0.374 (0.420)
Epoch: [11][5/114]	Time 0.112 (0.117)	Data 0.021 (0.028)	Loss 0.0824 (0.1025)	MAE 0.371 (0.412)
Epoch: [11][6/114]	Time 0.112 (0.116)	Data 0.019 (0.026)	Loss 0.0939 (0.1013)	MAE 0.396 (0.409)
Epoch: [11][7/114]	Time 0.110 (0.115)	Data 0.022 (0.026)	Loss 0.0979 (0.1009)	MAE 0.382 (0.406)
Epoch: [11][8/114]	Time 0.111 (0.115)	Data 0.022 (0.025)	Loss 0.1117 (0.1021)	MAE 0.413 (0.407)
Epoch: [11][9/114]	Time 0.106 (0.114)	Data 0.015 (0.024)	Loss 0.0933 (0.1012)	MAE 0.387 (0.405)
Epoch: [11][10/114]	Time 0.115 (0.114)	Data 0.023 (0.024)	Loss 0.1374 (0.1045)	MAE 0.510 (0.414)
Epoch: [11][11/114]	Time 0.112 (0.114)	Data 0.016 (0.023)	Loss 0.0951 (0.1037)	MAE 0.409 (0.414)
Epoch: [11][12/114]	Time 0.115 (0.114)	Data 0.017 (0.023)	Loss 0.0890 (0.1026)	MAE 0.375 (0.411)
Epoch: [11][13/114]	Time 0.117 (0.114)	Data 0.025 (0.023)	Loss 0.0911 (0.1018)	MAE 0.388 (0.409)
Epoch: [11][14/114]	Time 0.113 (0.114)	Data 0.021 (0.023)	Loss 0.0897 (0.1010)	MAE 0.403 (0.409)
Epoch: [11][15/114]	Time 0.106 (0.114)	Data 0.016 (0.023)	Loss 0.1479 (0.1039)	MAE 0.550 (0.418)
Epoch: [11][16/114]	Time 0.114 (0.114)	Data 0.020 (0.022)	Loss 0.1051 (0.1040)	MAE 0.425 (0.418)
Epoch: [11][17/114]	Time 0.109 (0.113)	Data 0.016 (0.022)	Loss 0.1139 (0.1045)	MAE 0.412 (0.418)
Epoch: [11][18/114]	Time 0.115 (0.113)	Data 0.020 (0.022)	Loss 0.0980 (0.1042)	MAE 0.438 (0.419)
Epoch: [11][19/114]	Time 0.101 (0.113)	Data 0.013 (0.021)	Loss 0.1176 (0.1048)	MAE 0.469 (0.421)
Epoch: [11][20/114]	Time 0.112 (0.113)	Data 0.021 (0.021)	Loss 0.1310 (0.1061)	MAE 0.537 (0.427)
Epoch: [11][21/114]	Time 0.106 (0.112)	Data 0.018 (0.021)	Loss 0.0989 (0.1058)	MAE 0.405 (0.426)
Epoch: [11][22/114]	Time 0.116 (0.113)	Data 0.021 (0.021)	Loss 0.1188 (0.1063)	MAE 0.467 (0.428)
Epoch: [11][23/114]	Time 0.109 (0.112)	Data 0.015 (0.021)	Loss 0.0916 (0.1057)	MAE 0.405 (0.427)
Epoch: [11][24/114]	Time 0.117 (0.113)	Data 0.026 (0.021)	Loss 0.1081 (0.1058)	MAE 0.451 (0.428)
Epoch: [11][25/114]	Time 0.110 (0.113)	Data 0.021 (0.021)	Loss 0.1229 (0.1065)	MAE 0.475 (0.430)
Epoch: [11][26/114]	Time 0.109 (0.112)	Data 0.017 (0.021)	Loss 0.0720 (0.1052)	MAE 0.366 (0.427)
Epoch: [11][27/114]	Time 0.115 (0.113)	Data 0.019 (0.021)	Loss 0.0771 (0.1042)	MAE 0.372 (0.425)
Epoch: [11][28/114]	Time 0.111 (0.112)	Data 0.021 (0.021)	Loss 0.0974 (0.1039)	MAE 0.429 (0.425)
Epoch: [11][29/114]	Time 0.112 (0.112)	Data 0.018 (0.021)	Loss 0.1059 (0.1040)	MAE 0.409 (0.425)
Epoch: [11][30/114]	Time 0.109 (0.112)	Data 0.019 (0.021)	Loss 0.1108 (0.1042)	MAE 0.422 (0.425)
Epoch: [11][31/114]	Time 0.109 (0.112)	Data 0.017 (0.021)	Loss 0.0940 (0.1039)	MAE 0.394 (0.424)
Epoch: [11][32/114]	Time 0.114 (0.112)	Data 0.024 (0.021)	Loss 0.1191 (0.1044)	MAE 0.432 (0.424)
Epoch: [11][33/114]	Time 0.118 (0.112)	Data 0.017 (0.021)	Loss 0.1292 (0.1051)	MAE 0.475 (0.425)
Epoch: [11][34/114]	Time 0.119 (0.113)	Data 0.028 (0.021)	Loss 0.1152 (0.1054)	MAE 0.439 (0.426)
Epoch: [11][35/114]	Time 0.106 (0.112)	Data 0.017 (0.021)	Loss 0.1034 (0.1053)	MAE 0.442 (0.426)
Epoch: [11][36/114]	Time 0.112 (0.112)	Data 0.020 (0.021)	Loss 0.1312 (0.1060)	MAE 0.459 (0.427)
Epoch: [11][37/114]	Time 0.100 (0.112)	Data 0.019 (0.021)	Loss 0.0912 (0.1056)	MAE 0.373 (0.426)
Epoch: [11][38/114]	Time 0.099 (0.112)	Data 0.017 (0.021)	Loss 0.1168 (0.1059)	MAE 0.402 (0.425)
Epoch: [11][39/114]	Time 0.110 (0.112)	Data 0.019 (0.021)	Loss 0.0898 (0.1055)	MAE 0.396 (0.424)
Epoch: [11][40/114]	Time 0.111 (0.112)	Data 0.022 (0.021)	Loss 0.1155 (0.1058)	MAE 0.452 (0.425)
Epoch: [11][41/114]	Time 0.112 (0.112)	Data 0.018 (0.021)	Loss 0.0878 (0.1053)	MAE 0.382 (0.424)
Epoch: [11][42/114]	Time 0.111 (0.112)	Data 0.021 (0.021)	Loss 0.0906 (0.1050)	MAE 0.388 (0.423)
Epoch: [11][43/114]	Time 0.112 (0.112)	Data 0.019 (0.021)	Loss 0.1096 (0.1051)	MAE 0.424 (0.423)
Epoch: [11][44/114]	Time 0.125 (0.112)	Data 0.030 (0.021)	Loss 0.0958 (0.1049)	MAE 0.387 (0.422)
Epoch: [11][45/114]	Time 0.104 (0.112)	Data 0.014 (0.021)	Loss 0.0765 (0.1043)	MAE 0.360 (0.421)
Epoch: [11][46/114]	Time 0.115 (0.112)	Data 0.021 (0.021)	Loss 0.1009 (0.1042)	MAE 0.412 (0.421)
Epoch: [11][47/114]	Time 0.110 (0.112)	Data 0.017 (0.021)	Loss 0.0967 (0.1041)	MAE 0.428 (0.421)
Epoch: [11][48/114]	Time 0.112 (0.112)	Data 0.017 (0.020)	Loss 0.0752 (0.1035)	MAE 0.367 (0.420)
Epoch: [11][49/114]	Time 0.105 (0.112)	Data 0.014 (0.020)	Loss 0.1061 (0.1035)	MAE 0.434 (0.420)
Epoch: [11][50/114]	Time 0.115 (0.112)	Data 0.021 (0.020)	Loss 0.0956 (0.1034)	MAE 0.396 (0.420)
Epoch: [11][51/114]	Time 0.101 (0.112)	Data 0.013 (0.020)	Loss 0.1308 (0.1039)	MAE 0.471 (0.421)
Epoch: [11][52/114]	Time 0.116 (0.112)	Data 0.021 (0.020)	Loss 0.0817 (0.1035)	MAE 0.378 (0.420)
Epoch: [11][53/114]	Time 0.113 (0.112)	Data 0.019 (0.020)	Loss 0.0979 (0.1034)	MAE 0.395 (0.419)
Epoch: [11][54/114]	Time 0.122 (0.112)	Data 0.027 (0.020)	Loss 0.1738 (0.1046)	MAE 0.426 (0.420)
Epoch: [11][55/114]	Time 0.108 (0.112)	Data 0.017 (0.020)	Loss 0.1064 (0.1047)	MAE 0.430 (0.420)
Epoch: [11][56/114]	Time 0.110 (0.112)	Data 0.022 (0.020)	Loss 0.0837 (0.1043)	MAE 0.379 (0.419)
Epoch: [11][57/114]	Time 0.105 (0.112)	Data 0.017 (0.020)	Loss 0.0780 (0.1039)	MAE 0.367 (0.418)
Epoch: [11][58/114]	Time 0.115 (0.112)	Data 0.020 (0.020)	Loss 0.0979 (0.1038)	MAE 0.401 (0.418)
Epoch: [11][59/114]	Time 0.112 (0.112)	Data 0.015 (0.020)	Loss 0.1132 (0.1039)	MAE 0.447 (0.418)
Epoch: [11][60/114]	Time 0.108 (0.112)	Data 0.017 (0.020)	Loss 0.1447 (0.1046)	MAE 0.451 (0.419)
Epoch: [11][61/114]	Time 0.105 (0.112)	Data 0.015 (0.020)	Loss 0.1030 (0.1046)	MAE 0.416 (0.419)
Epoch: [11][62/114]	Time 0.107 (0.112)	Data 0.017 (0.020)	Loss 0.0967 (0.1044)	MAE 0.389 (0.418)
Epoch: [11][63/114]	Time 0.133 (0.112)	Data 0.038 (0.020)	Loss 0.0920 (0.1042)	MAE 0.407 (0.418)
Epoch: [11][64/114]	Time 0.112 (0.112)	Data 0.020 (0.020)	Loss 0.0805 (0.1039)	MAE 0.380 (0.418)
Epoch: [11][65/114]	Time 0.113 (0.112)	Data 0.019 (0.020)	Loss 0.1055 (0.1039)	MAE 0.423 (0.418)
Epoch: [11][66/114]	Time 0.117 (0.112)	Data 0.024 (0.020)	Loss 0.1231 (0.1042)	MAE 0.524 (0.419)
Epoch: [11][67/114]	Time 0.110 (0.112)	Data 0.020 (0.020)	Loss 0.0867 (0.1039)	MAE 0.378 (0.419)
Epoch: [11][68/114]	Time 0.117 (0.112)	Data 0.025 (0.020)	Loss 0.1210 (0.1042)	MAE 0.421 (0.419)
Epoch: [11][69/114]	Time 0.106 (0.112)	Data 0.018 (0.020)	Loss 0.0837 (0.1039)	MAE 0.385 (0.418)
Epoch: [11][70/114]	Time 0.109 (0.112)	Data 0.021 (0.020)	Loss 0.1230 (0.1042)	MAE 0.446 (0.419)
Epoch: [11][71/114]	Time 0.111 (0.112)	Data 0.024 (0.020)	Loss 0.0836 (0.1039)	MAE 0.383 (0.418)
Epoch: [11][72/114]	Time 0.130 (0.112)	Data 0.032 (0.021)	Loss 0.1065 (0.1039)	MAE 0.411 (0.418)
Epoch: [11][73/114]	Time 0.123 (0.112)	Data 0.030 (0.021)	Loss 0.1039 (0.1039)	MAE 0.414 (0.418)
Epoch: [11][74/114]	Time 0.111 (0.112)	Data 0.018 (0.021)	Loss 0.0956 (0.1038)	MAE 0.411 (0.418)
Epoch: [11][75/114]	Time 0.102 (0.112)	Data 0.014 (0.021)	Loss 0.1095 (0.1039)	MAE 0.416 (0.418)
Epoch: [11][76/114]	Time 0.113 (0.112)	Data 0.021 (0.021)	Loss 0.0863 (0.1036)	MAE 0.382 (0.417)
Epoch: [11][77/114]	Time 0.104 (0.112)	Data 0.017 (0.021)	Loss 0.0916 (0.1035)	MAE 0.404 (0.417)
Epoch: [11][78/114]	Time 0.114 (0.112)	Data 0.023 (0.021)	Loss 0.0857 (0.1033)	MAE 0.387 (0.417)
Epoch: [11][79/114]	Time 0.107 (0.112)	Data 0.017 (0.021)	Loss 0.0789 (0.1030)	MAE 0.402 (0.417)
Epoch: [11][80/114]	Time 0.115 (0.112)	Data 0.023 (0.021)	Loss 0.0921 (0.1028)	MAE 0.382 (0.416)
Epoch: [11][81/114]	Time 0.109 (0.112)	Data 0.018 (0.021)	Loss 0.0784 (0.1025)	MAE 0.360 (0.416)
Epoch: [11][82/114]	Time 0.114 (0.112)	Data 0.019 (0.020)	Loss 0.1133 (0.1027)	MAE 0.420 (0.416)
Epoch: [11][83/114]	Time 0.109 (0.112)	Data 0.013 (0.020)	Loss 0.0898 (0.1025)	MAE 0.383 (0.415)
Epoch: [11][84/114]	Time 0.117 (0.112)	Data 0.026 (0.020)	Loss 0.0822 (0.1023)	MAE 0.347 (0.414)
Epoch: [11][85/114]	Time 0.114 (0.112)	Data 0.020 (0.020)	Loss 0.0831 (0.1020)	MAE 0.370 (0.414)
Epoch: [11][86/114]	Time 0.112 (0.112)	Data 0.018 (0.020)	Loss 0.0838 (0.1018)	MAE 0.371 (0.413)
Epoch: [11][87/114]	Time 0.104 (0.112)	Data 0.014 (0.020)	Loss 0.0989 (0.1018)	MAE 0.410 (0.413)
Epoch: [11][88/114]	Time 0.109 (0.112)	Data 0.018 (0.020)	Loss 0.0760 (0.1015)	MAE 0.381 (0.413)
Epoch: [11][89/114]	Time 0.110 (0.112)	Data 0.018 (0.020)	Loss 0.0994 (0.1015)	MAE 0.394 (0.413)
Epoch: [11][90/114]	Time 0.113 (0.112)	Data 0.020 (0.020)	Loss 0.1090 (0.1016)	MAE 0.398 (0.413)
Epoch: [11][91/114]	Time 0.104 (0.112)	Data 0.018 (0.020)	Loss 0.1186 (0.1017)	MAE 0.475 (0.413)
Epoch: [11][92/114]	Time 0.121 (0.112)	Data 0.029 (0.020)	Loss 0.0859 (0.1016)	MAE 0.387 (0.413)
Epoch: [11][93/114]	Time 0.115 (0.112)	Data 0.022 (0.020)	Loss 0.1224 (0.1018)	MAE 0.453 (0.413)
Epoch: [11][94/114]	Time 0.117 (0.112)	Data 0.027 (0.020)	Loss 0.1048 (0.1018)	MAE 0.411 (0.413)
Epoch: [11][95/114]	Time 0.112 (0.112)	Data 0.022 (0.020)	Loss 0.0870 (0.1017)	MAE 0.377 (0.413)
Epoch: [11][96/114]	Time 0.114 (0.112)	Data 0.021 (0.020)	Loss 0.1130 (0.1018)	MAE 0.445 (0.413)
Epoch: [11][97/114]	Time 0.101 (0.112)	Data 0.015 (0.020)	Loss 0.0867 (0.1016)	MAE 0.409 (0.413)
Epoch: [11][98/114]	Time 0.120 (0.112)	Data 0.023 (0.020)	Loss 0.0890 (0.1015)	MAE 0.393 (0.413)
Epoch: [11][99/114]	Time 0.108 (0.112)	Data 0.018 (0.020)	Loss 0.1176 (0.1017)	MAE 0.432 (0.413)
Epoch: [11][100/114]	Time 0.116 (0.112)	Data 0.022 (0.020)	Loss 0.0921 (0.1016)	MAE 0.403 (0.413)
Epoch: [11][101/114]	Time 0.105 (0.112)	Data 0.018 (0.020)	Loss 0.1288 (0.1018)	MAE 0.515 (0.414)
Epoch: [11][102/114]	Time 0.120 (0.112)	Data 0.026 (0.020)	Loss 0.0921 (0.1017)	MAE 0.410 (0.414)
Epoch: [11][103/114]	Time 0.116 (0.112)	Data 0.024 (0.021)	Loss 0.0922 (0.1017)	MAE 0.381 (0.414)
Epoch: [11][104/114]	Time 0.109 (0.112)	Data 0.022 (0.021)	Loss 0.1041 (0.1017)	MAE 0.402 (0.414)
Epoch: [11][105/114]	Time 0.113 (0.112)	Data 0.021 (0.021)	Loss 0.0983 (0.1016)	MAE 0.392 (0.414)
Epoch: [11][106/114]	Time 0.111 (0.112)	Data 0.020 (0.021)	Loss 0.0720 (0.1014)	MAE 0.351 (0.413)
Epoch: [11][107/114]	Time 0.114 (0.112)	Data 0.019 (0.021)	Loss 0.0760 (0.1011)	MAE 0.341 (0.412)
Epoch: [11][108/114]	Time 0.113 (0.112)	Data 0.017 (0.020)	Loss 0.0825 (0.1010)	MAE 0.375 (0.412)
Epoch: [11][109/114]	Time 0.105 (0.112)	Data 0.012 (0.020)	Loss 0.0996 (0.1010)	MAE 0.410 (0.412)
Epoch: [11][110/114]	Time 0.108 (0.112)	Data 0.019 (0.020)	Loss 0.0731 (0.1007)	MAE 0.382 (0.412)
Epoch: [11][111/114]	Time 0.108 (0.112)	Data 0.014 (0.020)	Loss 0.0597 (0.1003)	MAE 0.331 (0.411)
Epoch: [11][112/114]	Time 0.115 (0.112)	Data 0.020 (0.020)	Loss 0.0677 (0.1000)	MAE 0.354 (0.410)
Epoch: [11][113/114]	Time 0.106 (0.112)	Data 0.042 (0.021)	Loss 0.1080 (0.1001)	MAE 0.410 (0.410)
Test: [0/15]	Time 0.058 (0.058)	Loss 0.1030 (0.1030)	MAE 0.388 (0.388)
Test: [1/15]	Time 0.044 (0.051)	Loss 0.1001 (0.1015)	MAE 0.375 (0.382)
Test: [2/15]	Time 0.046 (0.049)	Loss 0.1134 (0.1055)	MAE 0.399 (0.387)
Test: [3/15]	Time 0.049 (0.049)	Loss 0.1399 (0.1141)	MAE 0.436 (0.400)
Test: [4/15]	Time 0.101 (0.060)	Loss 0.0945 (0.1102)	MAE 0.391 (0.398)
Test: [5/15]	Time 0.053 (0.058)	Loss 0.1320 (0.1138)	MAE 0.410 (0.400)
Test: [6/15]	Time 0.049 (0.057)	Loss 0.1188 (0.1145)	MAE 0.418 (0.403)
Test: [7/15]	Time 0.051 (0.056)	Loss 0.0836 (0.1107)	MAE 0.377 (0.399)
Test: [8/15]	Time 0.043 (0.055)	Loss 0.1132 (0.1109)	MAE 0.405 (0.400)
Test: [9/15]	Time 0.049 (0.054)	Loss 0.1221 (0.1121)	MAE 0.406 (0.401)
Test: [10/15]	Time 0.044 (0.053)	Loss 0.1159 (0.1124)	MAE 0.411 (0.401)
Test: [11/15]	Time 0.047 (0.053)	Loss 0.0842 (0.1101)	MAE 0.376 (0.399)
Test: [12/15]	Time 0.045 (0.052)	Loss 0.1399 (0.1124)	MAE 0.427 (0.402)
Test: [13/15]	Time 0.045 (0.052)	Loss 0.0932 (0.1110)	MAE 0.394 (0.401)
Test: [14/15]	Time 0.015 (0.049)	Loss 0.1152 (0.1110)	MAE 0.401 (0.401)
 * MAE 0.401
Epoch: [12][0/114]	Time 0.152 (0.152)	Data 0.063 (0.063)	Loss 0.1065 (0.1065)	MAE 0.391 (0.391)
Epoch: [12][1/114]	Time 0.113 (0.133)	Data 0.019 (0.041)	Loss 0.0959 (0.1012)	MAE 0.398 (0.395)
Epoch: [12][2/114]	Time 0.120 (0.129)	Data 0.030 (0.037)	Loss 0.0799 (0.0941)	MAE 0.360 (0.383)
Epoch: [12][3/114]	Time 0.110 (0.124)	Data 0.021 (0.033)	Loss 0.0833 (0.0914)	MAE 0.380 (0.383)
Epoch: [12][4/114]	Time 0.112 (0.122)	Data 0.022 (0.031)	Loss 0.0991 (0.0929)	MAE 0.396 (0.385)
Epoch: [12][5/114]	Time 0.120 (0.121)	Data 0.020 (0.029)	Loss 0.0958 (0.0934)	MAE 0.381 (0.385)
Epoch: [12][6/114]	Time 0.107 (0.119)	Data 0.019 (0.028)	Loss 0.1148 (0.0965)	MAE 0.457 (0.395)
Epoch: [12][7/114]	Time 0.108 (0.118)	Data 0.013 (0.026)	Loss 0.0851 (0.0950)	MAE 0.394 (0.395)
Epoch: [12][8/114]	Time 0.113 (0.117)	Data 0.021 (0.025)	Loss 0.1051 (0.0961)	MAE 0.411 (0.396)
Epoch: [12][9/114]	Time 0.108 (0.116)	Data 0.014 (0.024)	Loss 0.1119 (0.0977)	MAE 0.377 (0.395)
Epoch: [12][10/114]	Time 0.112 (0.116)	Data 0.020 (0.024)	Loss 0.0792 (0.0960)	MAE 0.379 (0.393)
Epoch: [12][11/114]	Time 0.122 (0.117)	Data 0.022 (0.024)	Loss 0.0953 (0.0960)	MAE 0.378 (0.392)
Epoch: [12][12/114]	Time 0.131 (0.118)	Data 0.032 (0.024)	Loss 0.1054 (0.0967)	MAE 0.421 (0.394)
Epoch: [12][13/114]	Time 0.106 (0.117)	Data 0.014 (0.024)	Loss 0.1067 (0.0974)	MAE 0.415 (0.396)
Epoch: [12][14/114]	Time 0.111 (0.116)	Data 0.020 (0.023)	Loss 0.0852 (0.0966)	MAE 0.377 (0.394)
Epoch: [12][15/114]	Time 0.103 (0.116)	Data 0.013 (0.023)	Loss 0.0784 (0.0955)	MAE 0.370 (0.393)
Epoch: [12][16/114]	Time 0.113 (0.116)	Data 0.018 (0.022)	Loss 0.0923 (0.0953)	MAE 0.432 (0.395)
Epoch: [12][17/114]	Time 0.104 (0.115)	Data 0.014 (0.022)	Loss 0.0890 (0.0949)	MAE 0.405 (0.396)
Epoch: [12][18/114]	Time 0.111 (0.115)	Data 0.022 (0.022)	Loss 0.0924 (0.0948)	MAE 0.382 (0.395)
Epoch: [12][19/114]	Time 0.116 (0.115)	Data 0.018 (0.022)	Loss 0.0659 (0.0934)	MAE 0.341 (0.392)
Epoch: [12][20/114]	Time 0.109 (0.115)	Data 0.021 (0.022)	Loss 0.1288 (0.0950)	MAE 0.403 (0.393)
Epoch: [12][21/114]	Time 0.119 (0.115)	Data 0.026 (0.022)	Loss 0.0705 (0.0939)	MAE 0.368 (0.392)
Epoch: [12][22/114]	Time 0.121 (0.115)	Data 0.025 (0.022)	Loss 0.0920 (0.0938)	MAE 0.414 (0.393)
Epoch: [12][23/114]	Time 0.116 (0.115)	Data 0.020 (0.022)	Loss 0.0916 (0.0937)	MAE 0.406 (0.393)
Epoch: [12][24/114]	Time 0.119 (0.115)	Data 0.030 (0.022)	Loss 0.0840 (0.0934)	MAE 0.372 (0.392)
Epoch: [12][25/114]	Time 0.113 (0.115)	Data 0.020 (0.022)	Loss 0.1208 (0.0944)	MAE 0.424 (0.393)
Epoch: [12][26/114]	Time 0.111 (0.115)	Data 0.020 (0.022)	Loss 0.1050 (0.0948)	MAE 0.358 (0.392)
Epoch: [12][27/114]	Time 0.110 (0.115)	Data 0.016 (0.022)	Loss 0.0824 (0.0944)	MAE 0.373 (0.392)
Epoch: [12][28/114]	Time 0.107 (0.115)	Data 0.019 (0.022)	Loss 0.0827 (0.0940)	MAE 0.360 (0.390)
Epoch: [12][29/114]	Time 0.121 (0.115)	Data 0.023 (0.022)	Loss 0.0978 (0.0941)	MAE 0.412 (0.391)
Epoch: [12][30/114]	Time 0.123 (0.115)	Data 0.024 (0.022)	Loss 0.0845 (0.0938)	MAE 0.377 (0.391)
Epoch: [12][31/114]	Time 0.135 (0.116)	Data 0.033 (0.022)	Loss 0.0878 (0.0936)	MAE 0.408 (0.391)
Epoch: [12][32/114]	Time 0.120 (0.116)	Data 0.026 (0.022)	Loss 0.1273 (0.0946)	MAE 0.505 (0.395)
Epoch: [12][33/114]	Time 0.122 (0.116)	Data 0.022 (0.022)	Loss 0.1199 (0.0954)	MAE 0.519 (0.398)
Epoch: [12][34/114]	Time 0.122 (0.116)	Data 0.019 (0.022)	Loss 0.0845 (0.0950)	MAE 0.365 (0.397)
Epoch: [12][35/114]	Time 0.121 (0.116)	Data 0.019 (0.022)	Loss 0.0964 (0.0951)	MAE 0.417 (0.398)
Epoch: [12][36/114]	Time 0.128 (0.117)	Data 0.024 (0.022)	Loss 0.1042 (0.0953)	MAE 0.402 (0.398)
Epoch: [12][37/114]	Time 0.118 (0.117)	Data 0.019 (0.022)	Loss 0.0983 (0.0954)	MAE 0.416 (0.399)
Epoch: [12][38/114]	Time 0.129 (0.117)	Data 0.017 (0.022)	Loss 0.1188 (0.0960)	MAE 0.404 (0.399)
Epoch: [12][39/114]	Time 0.139 (0.118)	Data 0.032 (0.022)	Loss 0.0981 (0.0961)	MAE 0.412 (0.399)
Epoch: [12][40/114]	Time 0.122 (0.118)	Data 0.020 (0.022)	Loss 0.1018 (0.0962)	MAE 0.420 (0.400)
Epoch: [12][41/114]	Time 0.123 (0.118)	Data 0.026 (0.022)	Loss 0.0889 (0.0960)	MAE 0.382 (0.399)
Epoch: [12][42/114]	Time 0.119 (0.118)	Data 0.024 (0.022)	Loss 0.0738 (0.0955)	MAE 0.378 (0.399)
Epoch: [12][43/114]	Time 0.119 (0.118)	Data 0.022 (0.022)	Loss 0.0840 (0.0953)	MAE 0.372 (0.398)
Epoch: [12][44/114]	Time 0.123 (0.118)	Data 0.021 (0.022)	Loss 0.0729 (0.0948)	MAE 0.350 (0.397)
Epoch: [12][45/114]	Time 0.124 (0.118)	Data 0.024 (0.022)	Loss 0.0730 (0.0943)	MAE 0.349 (0.396)
Epoch: [12][46/114]	Time 0.120 (0.118)	Data 0.021 (0.022)	Loss 0.0999 (0.0944)	MAE 0.389 (0.396)
Epoch: [12][47/114]	Time 0.124 (0.118)	Data 0.018 (0.022)	Loss 0.1061 (0.0946)	MAE 0.389 (0.396)
Epoch: [12][48/114]	Time 0.132 (0.119)	Data 0.029 (0.022)	Loss 0.0919 (0.0946)	MAE 0.382 (0.395)
Epoch: [12][49/114]	Time 0.123 (0.119)	Data 0.027 (0.022)	Loss 0.0916 (0.0945)	MAE 0.369 (0.395)
Epoch: [12][50/114]	Time 0.132 (0.119)	Data 0.030 (0.023)	Loss 0.0873 (0.0944)	MAE 0.372 (0.394)
Epoch: [12][51/114]	Time 0.116 (0.119)	Data 0.019 (0.023)	Loss 0.1066 (0.0946)	MAE 0.412 (0.395)
Epoch: [12][52/114]	Time 0.118 (0.119)	Data 0.023 (0.023)	Loss 0.0876 (0.0945)	MAE 0.402 (0.395)
Epoch: [12][53/114]	Time 0.124 (0.119)	Data 0.018 (0.022)	Loss 0.0928 (0.0945)	MAE 0.391 (0.395)
Epoch: [12][54/114]	Time 0.126 (0.119)	Data 0.023 (0.023)	Loss 0.0714 (0.0940)	MAE 0.342 (0.394)
Epoch: [12][55/114]	Time 0.119 (0.119)	Data 0.021 (0.022)	Loss 0.0617 (0.0935)	MAE 0.334 (0.393)
Epoch: [12][56/114]	Time 0.123 (0.119)	Data 0.020 (0.022)	Loss 0.0998 (0.0936)	MAE 0.400 (0.393)
Epoch: [12][57/114]	Time 0.123 (0.119)	Data 0.023 (0.022)	Loss 0.0888 (0.0935)	MAE 0.390 (0.393)
Epoch: [12][58/114]	Time 0.114 (0.119)	Data 0.019 (0.022)	Loss 0.0864 (0.0934)	MAE 0.424 (0.393)
Epoch: [12][59/114]	Time 0.125 (0.119)	Data 0.022 (0.022)	Loss 0.0889 (0.0933)	MAE 0.396 (0.393)
Epoch: [12][60/114]	Time 0.121 (0.119)	Data 0.023 (0.022)	Loss 0.0878 (0.0932)	MAE 0.411 (0.394)
Epoch: [12][61/114]	Time 0.119 (0.119)	Data 0.022 (0.022)	Loss 0.0998 (0.0933)	MAE 0.412 (0.394)
Epoch: [12][62/114]	Time 0.117 (0.119)	Data 0.022 (0.022)	Loss 0.1051 (0.0935)	MAE 0.408 (0.394)
Epoch: [12][63/114]	Time 0.119 (0.119)	Data 0.022 (0.022)	Loss 0.1104 (0.0938)	MAE 0.443 (0.395)
Epoch: [12][64/114]	Time 0.127 (0.119)	Data 0.024 (0.022)	Loss 0.0878 (0.0937)	MAE 0.382 (0.395)
Epoch: [12][65/114]	Time 0.124 (0.119)	Data 0.019 (0.022)	Loss 0.1073 (0.0939)	MAE 0.442 (0.395)
Epoch: [12][66/114]	Time 0.120 (0.119)	Data 0.021 (0.022)	Loss 0.0922 (0.0939)	MAE 0.419 (0.396)
Epoch: [12][67/114]	Time 0.126 (0.119)	Data 0.026 (0.022)	Loss 0.0874 (0.0938)	MAE 0.382 (0.396)
Epoch: [12][68/114]	Time 0.127 (0.120)	Data 0.029 (0.022)	Loss 0.0969 (0.0938)	MAE 0.403 (0.396)
Epoch: [12][69/114]	Time 0.119 (0.120)	Data 0.017 (0.022)	Loss 0.1027 (0.0939)	MAE 0.418 (0.396)
Epoch: [12][70/114]	Time 0.115 (0.120)	Data 0.017 (0.022)	Loss 0.0964 (0.0940)	MAE 0.412 (0.396)
Epoch: [12][71/114]	Time 0.116 (0.119)	Data 0.015 (0.022)	Loss 0.1310 (0.0945)	MAE 0.465 (0.397)
Epoch: [12][72/114]	Time 0.120 (0.119)	Data 0.021 (0.022)	Loss 0.1118 (0.0947)	MAE 0.468 (0.398)
Epoch: [12][73/114]	Time 0.117 (0.119)	Data 0.019 (0.022)	Loss 0.0850 (0.0946)	MAE 0.391 (0.398)
Epoch: [12][74/114]	Time 0.123 (0.120)	Data 0.020 (0.022)	Loss 0.1000 (0.0947)	MAE 0.420 (0.398)
Epoch: [12][75/114]	Time 0.129 (0.120)	Data 0.024 (0.022)	Loss 0.0880 (0.0946)	MAE 0.377 (0.398)
Epoch: [12][76/114]	Time 0.132 (0.120)	Data 0.035 (0.022)	Loss 0.0748 (0.0943)	MAE 0.374 (0.398)
Epoch: [12][77/114]	Time 0.119 (0.120)	Data 0.020 (0.022)	Loss 0.0652 (0.0939)	MAE 0.344 (0.397)
Epoch: [12][78/114]	Time 0.106 (0.120)	Data 0.018 (0.022)	Loss 0.1007 (0.0940)	MAE 0.405 (0.397)
Epoch: [12][79/114]	Time 0.106 (0.119)	Data 0.018 (0.022)	Loss 0.1042 (0.0942)	MAE 0.437 (0.398)
Epoch: [12][80/114]	Time 0.103 (0.119)	Data 0.016 (0.022)	Loss 0.0950 (0.0942)	MAE 0.402 (0.398)
Epoch: [12][81/114]	Time 0.109 (0.119)	Data 0.020 (0.022)	Loss 0.1054 (0.0943)	MAE 0.431 (0.398)
Epoch: [12][82/114]	Time 0.112 (0.119)	Data 0.023 (0.022)	Loss 0.0757 (0.0941)	MAE 0.365 (0.398)
Epoch: [12][83/114]	Time 0.107 (0.119)	Data 0.018 (0.022)	Loss 0.0725 (0.0938)	MAE 0.353 (0.397)
Epoch: [12][84/114]	Time 0.117 (0.119)	Data 0.021 (0.022)	Loss 0.0770 (0.0936)	MAE 0.370 (0.397)
Epoch: [12][85/114]	Time 0.108 (0.119)	Data 0.013 (0.022)	Loss 0.0865 (0.0935)	MAE 0.397 (0.397)
Epoch: [12][86/114]	Time 0.112 (0.119)	Data 0.018 (0.022)	Loss 0.0797 (0.0934)	MAE 0.363 (0.397)
Epoch: [12][87/114]	Time 0.124 (0.119)	Data 0.029 (0.022)	Loss 0.1153 (0.0936)	MAE 0.450 (0.397)
Epoch: [12][88/114]	Time 0.111 (0.119)	Data 0.018 (0.022)	Loss 0.0975 (0.0937)	MAE 0.402 (0.397)
Epoch: [12][89/114]	Time 0.110 (0.119)	Data 0.014 (0.022)	Loss 0.1048 (0.0938)	MAE 0.403 (0.397)
Epoch: [12][90/114]	Time 0.116 (0.119)	Data 0.020 (0.022)	Loss 0.0902 (0.0938)	MAE 0.394 (0.397)
Epoch: [12][91/114]	Time 0.107 (0.118)	Data 0.015 (0.022)	Loss 0.1245 (0.0941)	MAE 0.429 (0.398)
Epoch: [12][92/114]	Time 0.105 (0.118)	Data 0.014 (0.022)	Loss 0.0876 (0.0940)	MAE 0.366 (0.397)
Epoch: [12][93/114]	Time 0.108 (0.118)	Data 0.017 (0.022)	Loss 0.1029 (0.0941)	MAE 0.457 (0.398)
Epoch: [12][94/114]	Time 0.110 (0.118)	Data 0.017 (0.022)	Loss 0.0978 (0.0942)	MAE 0.400 (0.398)
Epoch: [12][95/114]	Time 0.111 (0.118)	Data 0.018 (0.022)	Loss 0.1391 (0.0946)	MAE 0.468 (0.399)
Epoch: [12][96/114]	Time 0.119 (0.118)	Data 0.026 (0.022)	Loss 0.0822 (0.0945)	MAE 0.351 (0.398)
Epoch: [12][97/114]	Time 0.110 (0.118)	Data 0.019 (0.022)	Loss 0.0929 (0.0945)	MAE 0.395 (0.398)
Epoch: [12][98/114]	Time 0.123 (0.118)	Data 0.029 (0.022)	Loss 0.1130 (0.0947)	MAE 0.419 (0.398)
Epoch: [12][99/114]	Time 0.108 (0.118)	Data 0.013 (0.022)	Loss 0.1152 (0.0949)	MAE 0.483 (0.399)
Epoch: [12][100/114]	Time 0.120 (0.118)	Data 0.025 (0.022)	Loss 0.1234 (0.0952)	MAE 0.466 (0.400)
Epoch: [12][101/114]	Time 0.109 (0.118)	Data 0.018 (0.022)	Loss 0.0906 (0.0951)	MAE 0.399 (0.400)
Epoch: [12][102/114]	Time 0.112 (0.118)	Data 0.017 (0.021)	Loss 0.0940 (0.0951)	MAE 0.374 (0.400)
Epoch: [12][103/114]	Time 0.107 (0.118)	Data 0.015 (0.021)	Loss 0.0894 (0.0950)	MAE 0.408 (0.400)
Epoch: [12][104/114]	Time 0.105 (0.118)	Data 0.019 (0.021)	Loss 0.1067 (0.0952)	MAE 0.421 (0.400)
Epoch: [12][105/114]	Time 0.109 (0.117)	Data 0.017 (0.021)	Loss 0.1228 (0.0954)	MAE 0.434 (0.400)
Epoch: [12][106/114]	Time 0.130 (0.118)	Data 0.035 (0.022)	Loss 0.1003 (0.0955)	MAE 0.410 (0.400)
Epoch: [12][107/114]	Time 0.123 (0.118)	Data 0.031 (0.022)	Loss 0.1005 (0.0955)	MAE 0.439 (0.401)
Epoch: [12][108/114]	Time 0.116 (0.118)	Data 0.024 (0.022)	Loss 0.0826 (0.0954)	MAE 0.375 (0.400)
Epoch: [12][109/114]	Time 0.108 (0.118)	Data 0.015 (0.022)	Loss 0.1029 (0.0955)	MAE 0.422 (0.401)
Epoch: [12][110/114]	Time 0.114 (0.117)	Data 0.024 (0.022)	Loss 0.0912 (0.0954)	MAE 0.397 (0.401)
Epoch: [12][111/114]	Time 0.117 (0.117)	Data 0.014 (0.022)	Loss 0.0980 (0.0954)	MAE 0.446 (0.401)
Epoch: [12][112/114]	Time 0.113 (0.117)	Data 0.024 (0.022)	Loss 0.1169 (0.0956)	MAE 0.506 (0.402)
Epoch: [12][113/114]	Time 0.092 (0.117)	Data 0.029 (0.022)	Loss 0.0984 (0.0956)	MAE 0.379 (0.402)
Test: [0/15]	Time 0.044 (0.044)	Loss 0.0944 (0.0944)	MAE 0.387 (0.387)
Test: [1/15]	Time 0.052 (0.048)	Loss 0.0942 (0.0943)	MAE 0.393 (0.390)
Test: [2/15]	Time 0.042 (0.046)	Loss 0.0871 (0.0919)	MAE 0.368 (0.383)
Test: [3/15]	Time 0.056 (0.049)	Loss 0.0832 (0.0897)	MAE 0.365 (0.378)
Test: [4/15]	Time 0.048 (0.048)	Loss 0.0894 (0.0897)	MAE 0.377 (0.378)
Test: [5/15]	Time 0.043 (0.048)	Loss 0.1076 (0.0927)	MAE 0.428 (0.386)
Test: [6/15]	Time 0.064 (0.050)	Loss 0.0865 (0.0918)	MAE 0.381 (0.385)
Test: [7/15]	Time 0.043 (0.049)	Loss 0.1059 (0.0935)	MAE 0.395 (0.387)
Test: [8/15]	Time 0.051 (0.049)	Loss 0.1014 (0.0944)	MAE 0.379 (0.386)
Test: [9/15]	Time 0.047 (0.049)	Loss 0.1180 (0.0968)	MAE 0.373 (0.385)
Test: [10/15]	Time 0.042 (0.048)	Loss 0.0870 (0.0959)	MAE 0.358 (0.382)
Test: [11/15]	Time 0.044 (0.048)	Loss 0.0822 (0.0947)	MAE 0.367 (0.381)
Test: [12/15]	Time 0.041 (0.048)	Loss 0.0764 (0.0933)	MAE 0.355 (0.379)
Test: [13/15]	Time 0.049 (0.048)	Loss 0.0677 (0.0915)	MAE 0.346 (0.376)
Test: [14/15]	Time 0.016 (0.046)	Loss 0.1142 (0.0918)	MAE 0.442 (0.377)
 * MAE 0.377
Epoch: [13][0/114]	Time 0.155 (0.155)	Data 0.060 (0.060)	Loss 0.0902 (0.0902)	MAE 0.383 (0.383)
Epoch: [13][1/114]	Time 0.108 (0.131)	Data 0.017 (0.039)	Loss 0.1275 (0.1089)	MAE 0.393 (0.388)
Epoch: [13][2/114]	Time 0.114 (0.126)	Data 0.022 (0.033)	Loss 0.1099 (0.1092)	MAE 0.425 (0.400)
Epoch: [13][3/114]	Time 0.104 (0.120)	Data 0.013 (0.028)	Loss 0.0886 (0.1041)	MAE 0.385 (0.396)
Epoch: [13][4/114]	Time 0.110 (0.118)	Data 0.021 (0.027)	Loss 0.1053 (0.1043)	MAE 0.375 (0.392)
Epoch: [13][5/114]	Time 0.120 (0.118)	Data 0.021 (0.026)	Loss 0.0890 (0.1018)	MAE 0.377 (0.390)
Epoch: [13][6/114]	Time 0.127 (0.120)	Data 0.028 (0.026)	Loss 0.0916 (0.1003)	MAE 0.383 (0.389)
Epoch: [13][7/114]	Time 0.118 (0.119)	Data 0.014 (0.025)	Loss 0.0980 (0.1000)	MAE 0.418 (0.392)
Epoch: [13][8/114]	Time 0.111 (0.118)	Data 0.019 (0.024)	Loss 0.1019 (0.1002)	MAE 0.418 (0.395)
Epoch: [13][9/114]	Time 0.106 (0.117)	Data 0.016 (0.023)	Loss 0.0860 (0.0988)	MAE 0.371 (0.393)
Epoch: [13][10/114]	Time 0.108 (0.116)	Data 0.018 (0.023)	Loss 0.0825 (0.0973)	MAE 0.383 (0.392)
Epoch: [13][11/114]	Time 0.117 (0.116)	Data 0.017 (0.022)	Loss 0.0821 (0.0960)	MAE 0.369 (0.390)
Epoch: [13][12/114]	Time 0.108 (0.116)	Data 0.017 (0.022)	Loss 0.0910 (0.0957)	MAE 0.388 (0.390)
Epoch: [13][13/114]	Time 0.107 (0.115)	Data 0.017 (0.021)	Loss 0.0911 (0.0953)	MAE 0.388 (0.390)
Epoch: [13][14/114]	Time 0.117 (0.115)	Data 0.023 (0.022)	Loss 0.0897 (0.0950)	MAE 0.405 (0.391)
Epoch: [13][15/114]	Time 0.111 (0.115)	Data 0.014 (0.021)	Loss 0.0801 (0.0940)	MAE 0.365 (0.389)
Epoch: [13][16/114]	Time 0.121 (0.115)	Data 0.027 (0.021)	Loss 0.1084 (0.0949)	MAE 0.396 (0.389)
Epoch: [13][17/114]	Time 0.104 (0.115)	Data 0.015 (0.021)	Loss 0.0694 (0.0935)	MAE 0.345 (0.387)
Epoch: [13][18/114]	Time 0.109 (0.114)	Data 0.021 (0.021)	Loss 0.1075 (0.0942)	MAE 0.433 (0.389)
Epoch: [13][19/114]	Time 0.108 (0.114)	Data 0.018 (0.021)	Loss 0.1072 (0.0948)	MAE 0.427 (0.391)
Epoch: [13][20/114]	Time 0.115 (0.114)	Data 0.024 (0.021)	Loss 0.0835 (0.0943)	MAE 0.382 (0.391)
Epoch: [13][21/114]	Time 0.113 (0.114)	Data 0.018 (0.021)	Loss 0.0966 (0.0944)	MAE 0.397 (0.391)
Epoch: [13][22/114]	Time 0.112 (0.114)	Data 0.019 (0.021)	Loss 0.1174 (0.0954)	MAE 0.490 (0.395)
Epoch: [13][23/114]	Time 0.104 (0.114)	Data 0.013 (0.021)	Loss 0.0773 (0.0947)	MAE 0.375 (0.395)
Epoch: [13][24/114]	Time 0.114 (0.114)	Data 0.022 (0.021)	Loss 0.1049 (0.0951)	MAE 0.480 (0.398)
Epoch: [13][25/114]	Time 0.132 (0.114)	Data 0.040 (0.021)	Loss 0.0859 (0.0947)	MAE 0.382 (0.397)
Epoch: [13][26/114]	Time 0.116 (0.114)	Data 0.029 (0.022)	Loss 0.0667 (0.0937)	MAE 0.356 (0.396)
Epoch: [13][27/114]	Time 0.113 (0.114)	Data 0.021 (0.022)	Loss 0.0991 (0.0939)	MAE 0.388 (0.396)
Epoch: [13][28/114]	Time 0.118 (0.114)	Data 0.017 (0.021)	Loss 0.1106 (0.0944)	MAE 0.405 (0.396)
Epoch: [13][29/114]	Time 0.106 (0.114)	Data 0.016 (0.021)	Loss 0.0856 (0.0942)	MAE 0.361 (0.395)
Epoch: [13][30/114]	Time 0.111 (0.114)	Data 0.023 (0.021)	Loss 0.1030 (0.0944)	MAE 0.441 (0.396)
Epoch: [13][31/114]	Time 0.102 (0.114)	Data 0.012 (0.021)	Loss 0.0987 (0.0946)	MAE 0.400 (0.396)
Epoch: [13][32/114]	Time 0.105 (0.113)	Data 0.023 (0.021)	Loss 0.0842 (0.0943)	MAE 0.376 (0.396)
Epoch: [13][33/114]	Time 0.110 (0.113)	Data 0.020 (0.021)	Loss 0.1058 (0.0946)	MAE 0.403 (0.396)
Epoch: [13][34/114]	Time 0.118 (0.113)	Data 0.026 (0.021)	Loss 0.0907 (0.0945)	MAE 0.397 (0.396)
Epoch: [13][35/114]	Time 0.117 (0.114)	Data 0.020 (0.021)	Loss 0.0811 (0.0941)	MAE 0.378 (0.395)
Epoch: [13][36/114]	Time 0.112 (0.114)	Data 0.024 (0.021)	Loss 0.1047 (0.0944)	MAE 0.409 (0.396)
Epoch: [13][37/114]	Time 0.100 (0.113)	Data 0.013 (0.021)	Loss 0.0807 (0.0940)	MAE 0.386 (0.396)
Epoch: [13][38/114]	Time 0.110 (0.113)	Data 0.021 (0.021)	Loss 0.1338 (0.0951)	MAE 0.512 (0.399)
Epoch: [13][39/114]	Time 0.115 (0.113)	Data 0.021 (0.021)	Loss 0.0814 (0.0947)	MAE 0.389 (0.398)
Epoch: [13][40/114]	Time 0.107 (0.113)	Data 0.018 (0.021)	Loss 0.0855 (0.0945)	MAE 0.407 (0.398)
Epoch: [13][41/114]	Time 0.108 (0.113)	Data 0.018 (0.021)	Loss 0.0951 (0.0945)	MAE 0.396 (0.398)
Epoch: [13][42/114]	Time 0.115 (0.113)	Data 0.024 (0.021)	Loss 0.0906 (0.0944)	MAE 0.374 (0.398)
Epoch: [13][43/114]	Time 0.113 (0.113)	Data 0.017 (0.021)	Loss 0.1084 (0.0947)	MAE 0.437 (0.399)
Epoch: [13][44/114]	Time 0.119 (0.113)	Data 0.020 (0.021)	Loss 0.1470 (0.0959)	MAE 0.493 (0.401)
Epoch: [13][45/114]	Time 0.120 (0.113)	Data 0.022 (0.021)	Loss 0.0862 (0.0957)	MAE 0.367 (0.400)
Epoch: [13][46/114]	Time 0.114 (0.113)	Data 0.021 (0.021)	Loss 0.0847 (0.0954)	MAE 0.385 (0.400)
Epoch: [13][47/114]	Time 0.111 (0.113)	Data 0.016 (0.021)	Loss 0.0862 (0.0953)	MAE 0.367 (0.399)
Epoch: [13][48/114]	Time 0.105 (0.113)	Data 0.015 (0.021)	Loss 0.0913 (0.0952)	MAE 0.375 (0.399)
Epoch: [13][49/114]	Time 0.106 (0.113)	Data 0.016 (0.021)	Loss 0.0844 (0.0950)	MAE 0.363 (0.398)
Epoch: [13][50/114]	Time 0.114 (0.113)	Data 0.024 (0.021)	Loss 0.0888 (0.0948)	MAE 0.407 (0.398)
Epoch: [13][51/114]	Time 0.111 (0.113)	Data 0.022 (0.021)	Loss 0.0907 (0.0948)	MAE 0.372 (0.398)
Epoch: [13][52/114]	Time 0.116 (0.113)	Data 0.021 (0.021)	Loss 0.0955 (0.0948)	MAE 0.402 (0.398)
Epoch: [13][53/114]	Time 0.108 (0.113)	Data 0.016 (0.021)	Loss 0.0950 (0.0948)	MAE 0.415 (0.398)
Epoch: [13][54/114]	Time 0.111 (0.113)	Data 0.015 (0.020)	Loss 0.0840 (0.0946)	MAE 0.394 (0.398)
Epoch: [13][55/114]	Time 0.155 (0.114)	Data 0.030 (0.021)	Loss 0.1257 (0.0951)	MAE 0.467 (0.399)
Epoch: [13][56/114]	Time 0.120 (0.114)	Data 0.030 (0.021)	Loss 0.0883 (0.0950)	MAE 0.402 (0.399)
Epoch: [13][57/114]	Time 0.117 (0.114)	Data 0.021 (0.021)	Loss 0.0913 (0.0950)	MAE 0.379 (0.399)
Epoch: [13][58/114]	Time 0.117 (0.114)	Data 0.024 (0.021)	Loss 0.1022 (0.0951)	MAE 0.456 (0.400)
Epoch: [13][59/114]	Time 0.109 (0.114)	Data 0.019 (0.021)	Loss 0.0956 (0.0951)	MAE 0.415 (0.400)
Epoch: [13][60/114]	Time 0.117 (0.114)	Data 0.025 (0.021)	Loss 0.1031 (0.0952)	MAE 0.413 (0.400)
Epoch: [13][61/114]	Time 0.106 (0.114)	Data 0.015 (0.021)	Loss 0.1305 (0.0958)	MAE 0.472 (0.401)
Epoch: [13][62/114]	Time 0.110 (0.114)	Data 0.021 (0.021)	Loss 0.0876 (0.0957)	MAE 0.438 (0.402)
Epoch: [13][63/114]	Time 0.124 (0.114)	Data 0.028 (0.021)	Loss 0.0871 (0.0955)	MAE 0.403 (0.402)
Epoch: [13][64/114]	Time 0.136 (0.114)	Data 0.042 (0.021)	Loss 0.0852 (0.0954)	MAE 0.394 (0.402)
Epoch: [13][65/114]	Time 0.112 (0.114)	Data 0.021 (0.021)	Loss 0.0978 (0.0954)	MAE 0.407 (0.402)
Epoch: [13][66/114]	Time 0.114 (0.114)	Data 0.022 (0.021)	Loss 0.0711 (0.0950)	MAE 0.353 (0.401)
Epoch: [13][67/114]	Time 0.106 (0.114)	Data 0.016 (0.021)	Loss 0.0666 (0.0946)	MAE 0.338 (0.400)
Epoch: [13][68/114]	Time 0.110 (0.114)	Data 0.020 (0.021)	Loss 0.0776 (0.0944)	MAE 0.362 (0.400)
Epoch: [13][69/114]	Time 0.108 (0.114)	Data 0.015 (0.021)	Loss 0.0927 (0.0943)	MAE 0.403 (0.400)
Epoch: [13][70/114]	Time 0.119 (0.114)	Data 0.025 (0.021)	Loss 0.0978 (0.0944)	MAE 0.400 (0.400)
Epoch: [13][71/114]	Time 0.103 (0.114)	Data 0.016 (0.021)	Loss 0.1114 (0.0946)	MAE 0.430 (0.400)
Epoch: [13][72/114]	Time 0.114 (0.114)	Data 0.025 (0.021)	Loss 0.0783 (0.0944)	MAE 0.361 (0.400)
Epoch: [13][73/114]	Time 0.101 (0.114)	Data 0.014 (0.021)	Loss 0.0747 (0.0941)	MAE 0.339 (0.399)
Epoch: [13][74/114]	Time 0.123 (0.114)	Data 0.029 (0.021)	Loss 0.1232 (0.0945)	MAE 0.394 (0.399)
Epoch: [13][75/114]	Time 0.119 (0.114)	Data 0.025 (0.021)	Loss 0.1011 (0.0946)	MAE 0.440 (0.399)
Epoch: [13][76/114]	Time 0.111 (0.114)	Data 0.023 (0.021)	Loss 0.1105 (0.0948)	MAE 0.421 (0.400)
Epoch: [13][77/114]	Time 0.105 (0.114)	Data 0.018 (0.021)	Loss 0.0884 (0.0947)	MAE 0.406 (0.400)
Epoch: [13][78/114]	Time 0.110 (0.114)	Data 0.021 (0.021)	Loss 0.0960 (0.0948)	MAE 0.429 (0.400)
Epoch: [13][79/114]	Time 0.108 (0.114)	Data 0.017 (0.021)	Loss 0.0851 (0.0946)	MAE 0.384 (0.400)
Epoch: [13][80/114]	Time 0.113 (0.114)	Data 0.023 (0.021)	Loss 0.1173 (0.0949)	MAE 0.408 (0.400)
Epoch: [13][81/114]	Time 0.114 (0.114)	Data 0.020 (0.021)	Loss 0.0829 (0.0948)	MAE 0.385 (0.400)
Epoch: [13][82/114]	Time 0.109 (0.113)	Data 0.020 (0.021)	Loss 0.0901 (0.0947)	MAE 0.394 (0.400)
Epoch: [13][83/114]	Time 0.126 (0.114)	Data 0.029 (0.021)	Loss 0.0763 (0.0945)	MAE 0.377 (0.399)
Epoch: [13][84/114]	Time 0.155 (0.114)	Data 0.054 (0.022)	Loss 0.1229 (0.0948)	MAE 0.438 (0.400)
Epoch: [13][85/114]	Time 0.109 (0.114)	Data 0.020 (0.022)	Loss 0.0764 (0.0946)	MAE 0.369 (0.400)
Epoch: [13][86/114]	Time 0.110 (0.114)	Data 0.020 (0.022)	Loss 0.1043 (0.0947)	MAE 0.433 (0.400)
Epoch: [13][87/114]	Time 0.106 (0.114)	Data 0.019 (0.022)	Loss 0.0930 (0.0947)	MAE 0.387 (0.400)
Epoch: [13][88/114]	Time 0.112 (0.114)	Data 0.021 (0.022)	Loss 0.0945 (0.0947)	MAE 0.409 (0.400)
Epoch: [13][89/114]	Time 0.109 (0.114)	Data 0.016 (0.021)	Loss 0.1156 (0.0949)	MAE 0.431 (0.400)
Epoch: [13][90/114]	Time 0.112 (0.114)	Data 0.023 (0.021)	Loss 0.0893 (0.0949)	MAE 0.398 (0.400)
Epoch: [13][91/114]	Time 0.104 (0.114)	Data 0.014 (0.021)	Loss 0.0827 (0.0947)	MAE 0.378 (0.400)
Epoch: [13][92/114]	Time 0.121 (0.114)	Data 0.028 (0.021)	Loss 0.0910 (0.0947)	MAE 0.379 (0.400)
Epoch: [13][93/114]	Time 0.111 (0.114)	Data 0.019 (0.021)	Loss 0.1050 (0.0948)	MAE 0.373 (0.399)
Epoch: [13][94/114]	Time 0.121 (0.114)	Data 0.031 (0.022)	Loss 0.0896 (0.0948)	MAE 0.376 (0.399)
Epoch: [13][95/114]	Time 0.103 (0.114)	Data 0.013 (0.021)	Loss 0.0960 (0.0948)	MAE 0.392 (0.399)
Epoch: [13][96/114]	Time 0.108 (0.114)	Data 0.021 (0.021)	Loss 0.0699 (0.0945)	MAE 0.352 (0.399)
Epoch: [13][97/114]	Time 0.112 (0.114)	Data 0.023 (0.021)	Loss 0.0991 (0.0946)	MAE 0.381 (0.398)
Epoch: [13][98/114]	Time 0.116 (0.114)	Data 0.019 (0.021)	Loss 0.0858 (0.0945)	MAE 0.372 (0.398)
Epoch: [13][99/114]	Time 0.102 (0.114)	Data 0.014 (0.021)	Loss 0.0794 (0.0943)	MAE 0.373 (0.398)
Epoch: [13][100/114]	Time 0.114 (0.114)	Data 0.024 (0.021)	Loss 0.1191 (0.0946)	MAE 0.437 (0.398)
Epoch: [13][101/114]	Time 0.109 (0.114)	Data 0.017 (0.021)	Loss 0.0849 (0.0945)	MAE 0.378 (0.398)
Epoch: [13][102/114]	Time 0.106 (0.113)	Data 0.018 (0.021)	Loss 0.0667 (0.0942)	MAE 0.349 (0.398)
Epoch: [13][103/114]	Time 0.135 (0.114)	Data 0.035 (0.021)	Loss 0.0903 (0.0942)	MAE 0.429 (0.398)
Epoch: [13][104/114]	Time 0.129 (0.114)	Data 0.031 (0.022)	Loss 0.0846 (0.0941)	MAE 0.377 (0.398)
Epoch: [13][105/114]	Time 0.106 (0.114)	Data 0.017 (0.021)	Loss 0.0942 (0.0941)	MAE 0.391 (0.398)
Epoch: [13][106/114]	Time 0.112 (0.114)	Data 0.019 (0.021)	Loss 0.0795 (0.0939)	MAE 0.377 (0.398)
Epoch: [13][107/114]	Time 0.105 (0.114)	Data 0.016 (0.021)	Loss 0.0780 (0.0938)	MAE 0.349 (0.397)
Epoch: [13][108/114]	Time 0.109 (0.114)	Data 0.018 (0.021)	Loss 0.0908 (0.0938)	MAE 0.362 (0.397)
Epoch: [13][109/114]	Time 0.099 (0.113)	Data 0.013 (0.021)	Loss 0.1224 (0.0940)	MAE 0.438 (0.397)
Epoch: [13][110/114]	Time 0.116 (0.113)	Data 0.022 (0.021)	Loss 0.0781 (0.0939)	MAE 0.368 (0.397)
Epoch: [13][111/114]	Time 0.106 (0.113)	Data 0.018 (0.021)	Loss 0.1107 (0.0940)	MAE 0.431 (0.397)
Epoch: [13][112/114]	Time 0.112 (0.113)	Data 0.021 (0.021)	Loss 0.0830 (0.0939)	MAE 0.358 (0.397)
Epoch: [13][113/114]	Time 0.094 (0.113)	Data 0.030 (0.021)	Loss 0.0712 (0.0938)	MAE 0.357 (0.397)
Test: [0/15]	Time 0.045 (0.045)	Loss 0.0625 (0.0625)	MAE 0.340 (0.340)
Test: [1/15]	Time 0.046 (0.046)	Loss 0.0794 (0.0710)	MAE 0.366 (0.353)
Test: [2/15]	Time 0.046 (0.046)	Loss 0.0798 (0.0739)	MAE 0.353 (0.353)
Test: [3/15]	Time 0.048 (0.046)	Loss 0.0806 (0.0756)	MAE 0.373 (0.358)
Test: [4/15]	Time 0.042 (0.046)	Loss 0.0826 (0.0770)	MAE 0.355 (0.357)
Test: [5/15]	Time 0.047 (0.046)	Loss 0.0671 (0.0753)	MAE 0.328 (0.353)
Test: [6/15]	Time 0.053 (0.047)	Loss 0.0833 (0.0765)	MAE 0.385 (0.357)
Test: [7/15]	Time 0.048 (0.047)	Loss 0.0928 (0.0785)	MAE 0.392 (0.362)
Test: [8/15]	Time 0.042 (0.046)	Loss 0.1061 (0.0816)	MAE 0.406 (0.366)
Test: [9/15]	Time 0.046 (0.046)	Loss 0.1273 (0.0862)	MAE 0.394 (0.369)
Test: [10/15]	Time 0.045 (0.046)	Loss 0.1059 (0.0880)	MAE 0.404 (0.372)
Test: [11/15]	Time 0.049 (0.046)	Loss 0.0907 (0.0882)	MAE 0.382 (0.373)
Test: [12/15]	Time 0.047 (0.047)	Loss 0.1092 (0.0898)	MAE 0.400 (0.375)
Test: [13/15]	Time 0.045 (0.046)	Loss 0.1005 (0.0906)	MAE 0.400 (0.377)
Test: [14/15]	Time 0.016 (0.044)	Loss 0.0606 (0.0901)	MAE 0.328 (0.376)
 * MAE 0.376
Epoch: [14][0/114]	Time 0.155 (0.155)	Data 0.062 (0.062)	Loss 0.0852 (0.0852)	MAE 0.406 (0.406)
Epoch: [14][1/114]	Time 0.117 (0.136)	Data 0.021 (0.041)	Loss 0.0813 (0.0832)	MAE 0.397 (0.401)
Epoch: [14][2/114]	Time 0.117 (0.130)	Data 0.023 (0.035)	Loss 0.1026 (0.0897)	MAE 0.399 (0.401)
Epoch: [14][3/114]	Time 0.146 (0.134)	Data 0.049 (0.039)	Loss 0.0864 (0.0889)	MAE 0.366 (0.392)
Epoch: [14][4/114]	Time 0.105 (0.128)	Data 0.017 (0.034)	Loss 0.0903 (0.0892)	MAE 0.409 (0.395)
Epoch: [14][5/114]	Time 0.109 (0.125)	Data 0.019 (0.032)	Loss 0.0856 (0.0886)	MAE 0.370 (0.391)
Epoch: [14][6/114]	Time 0.112 (0.123)	Data 0.017 (0.030)	Loss 0.0896 (0.0887)	MAE 0.397 (0.392)
Epoch: [14][7/114]	Time 0.109 (0.121)	Data 0.019 (0.028)	Loss 0.0849 (0.0882)	MAE 0.363 (0.388)
Epoch: [14][8/114]	Time 0.108 (0.120)	Data 0.016 (0.027)	Loss 0.0869 (0.0881)	MAE 0.383 (0.388)
Epoch: [14][9/114]	Time 0.118 (0.120)	Data 0.019 (0.026)	Loss 0.0836 (0.0876)	MAE 0.376 (0.387)
Epoch: [14][10/114]	Time 0.104 (0.118)	Data 0.016 (0.025)	Loss 0.1109 (0.0898)	MAE 0.422 (0.390)
Epoch: [14][11/114]	Time 0.112 (0.118)	Data 0.020 (0.025)	Loss 0.0896 (0.0897)	MAE 0.397 (0.390)
Epoch: [14][12/114]	Time 0.115 (0.117)	Data 0.024 (0.025)	Loss 0.1026 (0.0907)	MAE 0.413 (0.392)
Epoch: [14][13/114]	Time 0.127 (0.118)	Data 0.030 (0.025)	Loss 0.0848 (0.0903)	MAE 0.382 (0.391)
Epoch: [14][14/114]	Time 0.112 (0.118)	Data 0.019 (0.025)	Loss 0.1001 (0.0910)	MAE 0.400 (0.392)
Epoch: [14][15/114]	Time 0.112 (0.117)	Data 0.021 (0.025)	Loss 0.0819 (0.0904)	MAE 0.362 (0.390)
Epoch: [14][16/114]	Time 0.099 (0.116)	Data 0.015 (0.024)	Loss 0.0860 (0.0901)	MAE 0.378 (0.389)
Epoch: [14][17/114]	Time 0.112 (0.116)	Data 0.020 (0.024)	Loss 0.0995 (0.0907)	MAE 0.418 (0.391)
Epoch: [14][18/114]	Time 0.110 (0.116)	Data 0.022 (0.024)	Loss 0.0759 (0.0899)	MAE 0.368 (0.390)
Epoch: [14][19/114]	Time 0.111 (0.116)	Data 0.023 (0.024)	Loss 0.0884 (0.0898)	MAE 0.390 (0.390)
Epoch: [14][20/114]	Time 0.111 (0.115)	Data 0.018 (0.023)	Loss 0.0749 (0.0891)	MAE 0.366 (0.389)
Epoch: [14][21/114]	Time 0.114 (0.115)	Data 0.021 (0.023)	Loss 0.1003 (0.0896)	MAE 0.390 (0.389)
Epoch: [14][22/114]	Time 0.128 (0.116)	Data 0.030 (0.024)	Loss 0.0998 (0.0900)	MAE 0.413 (0.390)
Epoch: [14][23/114]	Time 0.127 (0.116)	Data 0.033 (0.024)	Loss 0.0915 (0.0901)	MAE 0.376 (0.389)
Epoch: [14][24/114]	Time 0.105 (0.116)	Data 0.015 (0.024)	Loss 0.0722 (0.0894)	MAE 0.350 (0.388)
Epoch: [14][25/114]	Time 0.112 (0.116)	Data 0.020 (0.023)	Loss 0.0622 (0.0883)	MAE 0.337 (0.386)
Epoch: [14][26/114]	Time 0.102 (0.115)	Data 0.016 (0.023)	Loss 0.1077 (0.0891)	MAE 0.419 (0.387)
Epoch: [14][27/114]	Time 0.116 (0.115)	Data 0.025 (0.023)	Loss 0.0843 (0.0889)	MAE 0.367 (0.386)
Epoch: [14][28/114]	Time 0.111 (0.115)	Data 0.018 (0.023)	Loss 0.0837 (0.0887)	MAE 0.374 (0.386)
Epoch: [14][29/114]	Time 0.118 (0.115)	Data 0.021 (0.023)	Loss 0.0681 (0.0880)	MAE 0.346 (0.384)
Epoch: [14][30/114]	Time 0.108 (0.115)	Data 0.017 (0.023)	Loss 0.1044 (0.0886)	MAE 0.429 (0.386)
Epoch: [14][31/114]	Time 0.113 (0.115)	Data 0.021 (0.023)	Loss 0.1016 (0.0890)	MAE 0.390 (0.386)
Epoch: [14][32/114]	Time 0.114 (0.115)	Data 0.023 (0.023)	Loss 0.0706 (0.0884)	MAE 0.358 (0.385)
Epoch: [14][33/114]	Time 0.112 (0.115)	Data 0.022 (0.023)	Loss 0.1052 (0.0889)	MAE 0.423 (0.386)
Epoch: [14][34/114]	Time 0.105 (0.114)	Data 0.018 (0.023)	Loss 0.0864 (0.0888)	MAE 0.397 (0.387)
Epoch: [14][35/114]	Time 0.117 (0.115)	Data 0.022 (0.023)	Loss 0.0886 (0.0888)	MAE 0.390 (0.387)
Epoch: [14][36/114]	Time 0.109 (0.114)	Data 0.018 (0.022)	Loss 0.0742 (0.0884)	MAE 0.342 (0.385)
Epoch: [14][37/114]	Time 0.112 (0.114)	Data 0.022 (0.022)	Loss 0.0942 (0.0886)	MAE 0.386 (0.385)
Epoch: [14][38/114]	Time 0.111 (0.114)	Data 0.017 (0.022)	Loss 0.1102 (0.0891)	MAE 0.403 (0.386)
Epoch: [14][39/114]	Time 0.111 (0.114)	Data 0.019 (0.022)	Loss 0.0711 (0.0887)	MAE 0.344 (0.385)
Epoch: [14][40/114]	Time 0.103 (0.114)	Data 0.013 (0.022)	Loss 0.0735 (0.0883)	MAE 0.352 (0.384)
Epoch: [14][41/114]	Time 0.110 (0.114)	Data 0.018 (0.022)	Loss 0.0912 (0.0884)	MAE 0.382 (0.384)
Epoch: [14][42/114]	Time 0.131 (0.114)	Data 0.032 (0.022)	Loss 0.1026 (0.0887)	MAE 0.432 (0.385)
Epoch: [14][43/114]	Time 0.124 (0.114)	Data 0.030 (0.022)	Loss 0.1064 (0.0891)	MAE 0.401 (0.386)
Epoch: [14][44/114]	Time 0.111 (0.114)	Data 0.018 (0.022)	Loss 0.0831 (0.0890)	MAE 0.393 (0.386)
Epoch: [14][45/114]	Time 0.113 (0.114)	Data 0.021 (0.022)	Loss 0.0662 (0.0885)	MAE 0.348 (0.385)
Epoch: [14][46/114]	Time 0.103 (0.114)	Data 0.012 (0.022)	Loss 0.0934 (0.0886)	MAE 0.391 (0.385)
Epoch: [14][47/114]	Time 0.110 (0.114)	Data 0.019 (0.022)	Loss 0.0797 (0.0884)	MAE 0.387 (0.385)
Epoch: [14][48/114]	Time 0.107 (0.114)	Data 0.019 (0.022)	Loss 0.0875 (0.0884)	MAE 0.389 (0.385)
Epoch: [14][49/114]	Time 0.111 (0.114)	Data 0.017 (0.022)	Loss 0.1062 (0.0887)	MAE 0.414 (0.386)
Epoch: [14][50/114]	Time 0.123 (0.114)	Data 0.026 (0.022)	Loss 0.1102 (0.0892)	MAE 0.452 (0.387)
Epoch: [14][51/114]	Time 0.122 (0.114)	Data 0.023 (0.022)	Loss 0.1046 (0.0895)	MAE 0.392 (0.387)
Epoch: [14][52/114]	Time 0.111 (0.114)	Data 0.019 (0.022)	Loss 0.0885 (0.0894)	MAE 0.380 (0.387)
Epoch: [14][53/114]	Time 0.112 (0.114)	Data 0.022 (0.022)	Loss 0.1085 (0.0898)	MAE 0.405 (0.387)
Epoch: [14][54/114]	Time 0.119 (0.114)	Data 0.020 (0.022)	Loss 0.0947 (0.0899)	MAE 0.393 (0.387)
Epoch: [14][55/114]	Time 0.116 (0.114)	Data 0.020 (0.022)	Loss 0.0962 (0.0900)	MAE 0.437 (0.388)
Epoch: [14][56/114]	Time 0.107 (0.114)	Data 0.016 (0.022)	Loss 0.1148 (0.0904)	MAE 0.452 (0.389)
Epoch: [14][57/114]	Time 0.112 (0.114)	Data 0.021 (0.022)	Loss 0.1001 (0.0906)	MAE 0.372 (0.389)
Epoch: [14][58/114]	Time 0.102 (0.114)	Data 0.013 (0.022)	Loss 0.0785 (0.0904)	MAE 0.366 (0.389)
Epoch: [14][59/114]	Time 0.107 (0.114)	Data 0.020 (0.021)	Loss 0.0973 (0.0905)	MAE 0.407 (0.389)
Epoch: [14][60/114]	Time 0.107 (0.114)	Data 0.014 (0.021)	Loss 0.0893 (0.0905)	MAE 0.375 (0.389)
Epoch: [14][61/114]	Time 0.126 (0.114)	Data 0.030 (0.022)	Loss 0.1077 (0.0908)	MAE 0.419 (0.389)
Epoch: [14][62/114]	Time 0.131 (0.114)	Data 0.037 (0.022)	Loss 0.0844 (0.0907)	MAE 0.387 (0.389)
Epoch: [14][63/114]	Time 0.112 (0.114)	Data 0.019 (0.022)	Loss 0.1059 (0.0909)	MAE 0.414 (0.390)
Epoch: [14][64/114]	Time 0.109 (0.114)	Data 0.019 (0.022)	Loss 0.0758 (0.0907)	MAE 0.365 (0.389)
Epoch: [14][65/114]	Time 0.108 (0.114)	Data 0.020 (0.022)	Loss 0.0782 (0.0905)	MAE 0.364 (0.389)
Epoch: [14][66/114]	Time 0.114 (0.114)	Data 0.021 (0.022)	Loss 0.1106 (0.0908)	MAE 0.401 (0.389)
Epoch: [14][67/114]	Time 0.108 (0.114)	Data 0.017 (0.022)	Loss 0.0875 (0.0907)	MAE 0.376 (0.389)
Epoch: [14][68/114]	Time 0.107 (0.114)	Data 0.019 (0.022)	Loss 0.0788 (0.0906)	MAE 0.357 (0.388)
Epoch: [14][69/114]	Time 0.110 (0.114)	Data 0.019 (0.021)	Loss 0.0900 (0.0906)	MAE 0.366 (0.388)
Epoch: [14][70/114]	Time 0.111 (0.114)	Data 0.022 (0.022)	Loss 0.0829 (0.0904)	MAE 0.365 (0.388)
Epoch: [14][71/114]	Time 0.110 (0.114)	Data 0.019 (0.021)	Loss 0.0766 (0.0903)	MAE 0.359 (0.387)
Epoch: [14][72/114]	Time 0.121 (0.114)	Data 0.033 (0.022)	Loss 0.0665 (0.0899)	MAE 0.328 (0.386)
Epoch: [14][73/114]	Time 0.127 (0.114)	Data 0.034 (0.022)	Loss 0.1055 (0.0901)	MAE 0.428 (0.387)
Epoch: [14][74/114]	Time 0.116 (0.114)	Data 0.018 (0.022)	Loss 0.0783 (0.0900)	MAE 0.396 (0.387)
Epoch: [14][75/114]	Time 0.100 (0.114)	Data 0.013 (0.022)	Loss 0.0629 (0.0896)	MAE 0.335 (0.386)
Epoch: [14][76/114]	Time 0.110 (0.114)	Data 0.021 (0.022)	Loss 0.1001 (0.0898)	MAE 0.424 (0.387)
Epoch: [14][77/114]	Time 0.109 (0.114)	Data 0.018 (0.022)	Loss 0.0876 (0.0897)	MAE 0.380 (0.387)
Epoch: [14][78/114]	Time 0.111 (0.114)	Data 0.020 (0.022)	Loss 0.0697 (0.0895)	MAE 0.351 (0.386)
Epoch: [14][79/114]	Time 0.108 (0.113)	Data 0.016 (0.021)	Loss 0.0801 (0.0894)	MAE 0.370 (0.386)
Epoch: [14][80/114]	Time 0.115 (0.113)	Data 0.021 (0.021)	Loss 0.0979 (0.0895)	MAE 0.386 (0.386)
Epoch: [14][81/114]	Time 0.120 (0.114)	Data 0.023 (0.022)	Loss 0.0864 (0.0894)	MAE 0.377 (0.386)
Epoch: [14][82/114]	Time 0.115 (0.114)	Data 0.025 (0.022)	Loss 0.0919 (0.0895)	MAE 0.386 (0.386)
Epoch: [14][83/114]	Time 0.105 (0.113)	Data 0.015 (0.021)	Loss 0.0878 (0.0894)	MAE 0.351 (0.386)
Epoch: [14][84/114]	Time 0.112 (0.113)	Data 0.021 (0.021)	Loss 0.0971 (0.0895)	MAE 0.422 (0.386)
Epoch: [14][85/114]	Time 0.108 (0.113)	Data 0.016 (0.021)	Loss 0.0691 (0.0893)	MAE 0.351 (0.386)
Epoch: [14][86/114]	Time 0.110 (0.113)	Data 0.019 (0.021)	Loss 0.0876 (0.0893)	MAE 0.370 (0.386)
Epoch: [14][87/114]	Time 0.109 (0.113)	Data 0.019 (0.021)	Loss 0.0898 (0.0893)	MAE 0.390 (0.386)
Epoch: [14][88/114]	Time 0.111 (0.113)	Data 0.020 (0.021)	Loss 0.0781 (0.0892)	MAE 0.350 (0.385)
Epoch: [14][89/114]	Time 0.119 (0.113)	Data 0.028 (0.021)	Loss 0.0957 (0.0892)	MAE 0.374 (0.385)
Epoch: [14][90/114]	Time 0.115 (0.113)	Data 0.025 (0.021)	Loss 0.0820 (0.0891)	MAE 0.381 (0.385)
Epoch: [14][91/114]	Time 0.110 (0.113)	Data 0.022 (0.021)	Loss 0.0843 (0.0891)	MAE 0.400 (0.385)
Epoch: [14][92/114]	Time 0.125 (0.113)	Data 0.033 (0.022)	Loss 0.0824 (0.0890)	MAE 0.368 (0.385)
Epoch: [14][93/114]	Time 0.117 (0.113)	Data 0.021 (0.022)	Loss 0.0752 (0.0889)	MAE 0.355 (0.385)
Epoch: [14][94/114]	Time 0.113 (0.113)	Data 0.022 (0.022)	Loss 0.0861 (0.0888)	MAE 0.379 (0.385)
Epoch: [14][95/114]	Time 0.105 (0.113)	Data 0.014 (0.022)	Loss 0.1334 (0.0893)	MAE 0.428 (0.385)
Epoch: [14][96/114]	Time 0.109 (0.113)	Data 0.022 (0.022)	Loss 0.0765 (0.0892)	MAE 0.358 (0.385)
Epoch: [14][97/114]	Time 0.111 (0.113)	Data 0.018 (0.021)	Loss 0.0950 (0.0892)	MAE 0.397 (0.385)
Epoch: [14][98/114]	Time 0.112 (0.113)	Data 0.019 (0.021)	Loss 0.0700 (0.0890)	MAE 0.332 (0.384)
Epoch: [14][99/114]	Time 0.107 (0.113)	Data 0.016 (0.021)	Loss 0.1213 (0.0894)	MAE 0.413 (0.385)
Epoch: [14][100/114]	Time 0.113 (0.113)	Data 0.022 (0.021)	Loss 0.0872 (0.0893)	MAE 0.372 (0.385)
Epoch: [14][101/114]	Time 0.115 (0.113)	Data 0.020 (0.021)	Loss 0.0775 (0.0892)	MAE 0.371 (0.384)
Epoch: [14][102/114]	Time 0.122 (0.113)	Data 0.032 (0.021)	Loss 0.0829 (0.0892)	MAE 0.387 (0.384)
Epoch: [14][103/114]	Time 0.105 (0.113)	Data 0.014 (0.021)	Loss 0.1266 (0.0895)	MAE 0.509 (0.386)
Epoch: [14][104/114]	Time 0.110 (0.113)	Data 0.021 (0.021)	Loss 0.1163 (0.0898)	MAE 0.466 (0.386)
Epoch: [14][105/114]	Time 0.112 (0.113)	Data 0.021 (0.021)	Loss 0.0993 (0.0899)	MAE 0.429 (0.387)
Epoch: [14][106/114]	Time 0.108 (0.113)	Data 0.019 (0.021)	Loss 0.0896 (0.0899)	MAE 0.380 (0.387)
Epoch: [14][107/114]	Time 0.110 (0.113)	Data 0.018 (0.021)	Loss 0.0807 (0.0898)	MAE 0.359 (0.386)
Epoch: [14][108/114]	Time 0.120 (0.113)	Data 0.026 (0.021)	Loss 0.1261 (0.0901)	MAE 0.396 (0.387)
Epoch: [14][109/114]	Time 0.113 (0.113)	Data 0.019 (0.021)	Loss 0.1305 (0.0905)	MAE 0.466 (0.387)
Epoch: [14][110/114]	Time 0.109 (0.113)	Data 0.022 (0.021)	Loss 0.1170 (0.0907)	MAE 0.456 (0.388)
Epoch: [14][111/114]	Time 0.112 (0.113)	Data 0.020 (0.021)	Loss 0.0874 (0.0907)	MAE 0.391 (0.388)
Epoch: [14][112/114]	Time 0.121 (0.113)	Data 0.030 (0.021)	Loss 0.0698 (0.0905)	MAE 0.342 (0.388)
Epoch: [14][113/114]	Time 0.105 (0.113)	Data 0.044 (0.022)	Loss 0.0887 (0.0905)	MAE 0.368 (0.387)
Test: [0/15]	Time 0.053 (0.053)	Loss 0.1069 (0.1069)	MAE 0.421 (0.421)
Test: [1/15]	Time 0.041 (0.047)	Loss 0.1122 (0.1096)	MAE 0.432 (0.427)
Test: [2/15]	Time 0.040 (0.045)	Loss 0.0935 (0.1042)	MAE 0.373 (0.409)
Test: [3/15]	Time 0.049 (0.046)	Loss 0.1362 (0.1122)	MAE 0.459 (0.421)
Test: [4/15]	Time 0.043 (0.045)	Loss 0.0797 (0.1057)	MAE 0.379 (0.413)
Test: [5/15]	Time 0.047 (0.046)	Loss 0.0844 (0.1022)	MAE 0.393 (0.409)
Test: [6/15]	Time 0.049 (0.046)	Loss 0.0978 (0.1015)	MAE 0.384 (0.406)
Test: [7/15]	Time 0.041 (0.045)	Loss 0.1009 (0.1014)	MAE 0.424 (0.408)
Test: [8/15]	Time 0.043 (0.045)	Loss 0.0942 (0.1006)	MAE 0.394 (0.407)
Test: [9/15]	Time 0.042 (0.045)	Loss 0.1062 (0.1012)	MAE 0.429 (0.409)
Test: [10/15]	Time 0.044 (0.045)	Loss 0.0932 (0.1005)	MAE 0.404 (0.408)
Test: [11/15]	Time 0.044 (0.045)	Loss 0.0891 (0.0995)	MAE 0.381 (0.406)
Test: [12/15]	Time 0.040 (0.044)	Loss 0.0901 (0.0988)	MAE 0.400 (0.406)
Test: [13/15]	Time 0.043 (0.044)	Loss 0.0973 (0.0987)	MAE 0.408 (0.406)
Test: [14/15]	Time 0.017 (0.042)	Loss 0.1032 (0.0988)	MAE 0.378 (0.405)
 * MAE 0.405
Epoch: [15][0/114]	Time 0.163 (0.163)	Data 0.074 (0.074)	Loss 0.0748 (0.0748)	MAE 0.390 (0.390)
Epoch: [15][1/114]	Time 0.131 (0.147)	Data 0.034 (0.054)	Loss 0.0828 (0.0788)	MAE 0.375 (0.382)
Epoch: [15][2/114]	Time 0.114 (0.136)	Data 0.018 (0.042)	Loss 0.0938 (0.0838)	MAE 0.432 (0.399)
Epoch: [15][3/114]	Time 0.111 (0.130)	Data 0.018 (0.036)	Loss 0.0799 (0.0828)	MAE 0.367 (0.391)
Epoch: [15][4/114]	Time 0.114 (0.127)	Data 0.019 (0.033)	Loss 0.0975 (0.0858)	MAE 0.424 (0.398)
Epoch: [15][5/114]	Time 0.118 (0.125)	Data 0.026 (0.032)	Loss 0.0812 (0.0850)	MAE 0.357 (0.391)
Epoch: [15][6/114]	Time 0.104 (0.122)	Data 0.013 (0.029)	Loss 0.0954 (0.0865)	MAE 0.430 (0.396)
Epoch: [15][7/114]	Time 0.112 (0.121)	Data 0.020 (0.028)	Loss 0.0867 (0.0865)	MAE 0.375 (0.394)
Epoch: [15][8/114]	Time 0.103 (0.119)	Data 0.016 (0.027)	Loss 0.1135 (0.0895)	MAE 0.396 (0.394)
Epoch: [15][9/114]	Time 0.131 (0.120)	Data 0.040 (0.028)	Loss 0.1408 (0.0946)	MAE 0.463 (0.401)
Epoch: [15][10/114]	Time 0.120 (0.120)	Data 0.024 (0.027)	Loss 0.0911 (0.0943)	MAE 0.391 (0.400)
Epoch: [15][11/114]	Time 0.133 (0.121)	Data 0.039 (0.028)	Loss 0.0778 (0.0929)	MAE 0.380 (0.398)
Epoch: [15][12/114]	Time 0.114 (0.121)	Data 0.014 (0.027)	Loss 0.0861 (0.0924)	MAE 0.365 (0.396)
Epoch: [15][13/114]	Time 0.125 (0.121)	Data 0.026 (0.027)	Loss 0.1059 (0.0934)	MAE 0.389 (0.395)
Epoch: [15][14/114]	Time 0.111 (0.120)	Data 0.017 (0.027)	Loss 0.0721 (0.0920)	MAE 0.326 (0.391)
Epoch: [15][15/114]	Time 0.121 (0.120)	Data 0.029 (0.027)	Loss 0.0722 (0.0907)	MAE 0.366 (0.389)
Epoch: [15][16/114]	Time 0.107 (0.120)	Data 0.017 (0.026)	Loss 0.1182 (0.0923)	MAE 0.453 (0.393)
Epoch: [15][17/114]	Time 0.113 (0.119)	Data 0.018 (0.026)	Loss 0.0892 (0.0922)	MAE 0.372 (0.392)
Epoch: [15][18/114]	Time 0.103 (0.118)	Data 0.015 (0.025)	Loss 0.1102 (0.0931)	MAE 0.461 (0.395)
Epoch: [15][19/114]	Time 0.116 (0.118)	Data 0.024 (0.025)	Loss 0.0776 (0.0923)	MAE 0.351 (0.393)
Epoch: [15][20/114]	Time 0.144 (0.119)	Data 0.045 (0.026)	Loss 0.0665 (0.0911)	MAE 0.350 (0.391)
Epoch: [15][21/114]	Time 0.124 (0.120)	Data 0.030 (0.026)	Loss 0.0830 (0.0907)	MAE 0.397 (0.391)
Epoch: [15][22/114]	Time 0.115 (0.119)	Data 0.020 (0.026)	Loss 0.0745 (0.0900)	MAE 0.360 (0.390)
Epoch: [15][23/114]	Time 0.126 (0.120)	Data 0.023 (0.026)	Loss 0.0682 (0.0891)	MAE 0.345 (0.388)
Epoch: [15][24/114]	Time 0.110 (0.119)	Data 0.019 (0.025)	Loss 0.0816 (0.0888)	MAE 0.368 (0.387)
Epoch: [15][25/114]	Time 0.114 (0.119)	Data 0.022 (0.025)	Loss 0.1009 (0.0893)	MAE 0.389 (0.387)
Epoch: [15][26/114]	Time 0.106 (0.119)	Data 0.017 (0.025)	Loss 0.0815 (0.0890)	MAE 0.372 (0.387)
Epoch: [15][27/114]	Time 0.125 (0.119)	Data 0.026 (0.025)	Loss 0.0820 (0.0887)	MAE 0.372 (0.386)
Epoch: [15][28/114]	Time 0.108 (0.118)	Data 0.017 (0.025)	Loss 0.0804 (0.0885)	MAE 0.386 (0.386)
Epoch: [15][29/114]	Time 0.119 (0.118)	Data 0.026 (0.025)	Loss 0.0939 (0.0886)	MAE 0.385 (0.386)
Epoch: [15][30/114]	Time 0.109 (0.118)	Data 0.015 (0.025)	Loss 0.0832 (0.0885)	MAE 0.376 (0.386)
Epoch: [15][31/114]	Time 0.110 (0.118)	Data 0.019 (0.024)	Loss 0.0874 (0.0884)	MAE 0.402 (0.386)
Epoch: [15][32/114]	Time 0.144 (0.119)	Data 0.016 (0.024)	Loss 0.0980 (0.0887)	MAE 0.383 (0.386)
Epoch: [15][33/114]	Time 0.109 (0.118)	Data 0.022 (0.024)	Loss 0.0887 (0.0887)	MAE 0.366 (0.386)
Epoch: [15][34/114]	Time 0.100 (0.118)	Data 0.014 (0.024)	Loss 0.0856 (0.0886)	MAE 0.398 (0.386)
Epoch: [15][35/114]	Time 0.111 (0.118)	Data 0.022 (0.024)	Loss 0.0718 (0.0882)	MAE 0.341 (0.385)
Epoch: [15][36/114]	Time 0.111 (0.118)	Data 0.018 (0.024)	Loss 0.0848 (0.0881)	MAE 0.375 (0.385)
Epoch: [15][37/114]	Time 0.111 (0.117)	Data 0.020 (0.023)	Loss 0.0631 (0.0874)	MAE 0.336 (0.383)
Epoch: [15][38/114]	Time 0.113 (0.117)	Data 0.018 (0.023)	Loss 0.0765 (0.0871)	MAE 0.366 (0.383)
Epoch: [15][39/114]	Time 0.134 (0.118)	Data 0.037 (0.024)	Loss 0.0908 (0.0872)	MAE 0.410 (0.384)
Epoch: [15][40/114]	Time 0.124 (0.118)	Data 0.029 (0.024)	Loss 0.0890 (0.0873)	MAE 0.375 (0.383)
Epoch: [15][41/114]	Time 0.117 (0.118)	Data 0.022 (0.024)	Loss 0.0650 (0.0867)	MAE 0.345 (0.382)
Epoch: [15][42/114]	Time 0.110 (0.118)	Data 0.016 (0.024)	Loss 0.0888 (0.0868)	MAE 0.409 (0.383)
Epoch: [15][43/114]	Time 0.101 (0.117)	Data 0.017 (0.023)	Loss 0.0917 (0.0869)	MAE 0.391 (0.383)
Epoch: [15][44/114]	Time 0.106 (0.117)	Data 0.015 (0.023)	Loss 0.0760 (0.0867)	MAE 0.387 (0.383)
Epoch: [15][45/114]	Time 0.113 (0.117)	Data 0.022 (0.023)	Loss 0.1056 (0.0871)	MAE 0.405 (0.384)
Epoch: [15][46/114]	Time 0.112 (0.117)	Data 0.023 (0.023)	Loss 0.1070 (0.0875)	MAE 0.394 (0.384)
Epoch: [15][47/114]	Time 0.116 (0.117)	Data 0.021 (0.023)	Loss 0.0747 (0.0872)	MAE 0.347 (0.383)
Epoch: [15][48/114]	Time 0.110 (0.117)	Data 0.017 (0.023)	Loss 0.0891 (0.0873)	MAE 0.385 (0.383)
Epoch: [15][49/114]	Time 0.119 (0.117)	Data 0.025 (0.023)	Loss 0.1076 (0.0877)	MAE 0.396 (0.384)
Epoch: [15][50/114]	Time 0.115 (0.117)	Data 0.021 (0.023)	Loss 0.0887 (0.0877)	MAE 0.368 (0.383)
Epoch: [15][51/114]	Time 0.118 (0.117)	Data 0.023 (0.023)	Loss 0.0950 (0.0878)	MAE 0.386 (0.383)
Epoch: [15][52/114]	Time 0.105 (0.116)	Data 0.015 (0.023)	Loss 0.0916 (0.0879)	MAE 0.397 (0.384)
Epoch: [15][53/114]	Time 0.108 (0.116)	Data 0.022 (0.023)	Loss 0.0947 (0.0880)	MAE 0.406 (0.384)
Epoch: [15][54/114]	Time 0.104 (0.116)	Data 0.013 (0.023)	Loss 0.0955 (0.0882)	MAE 0.395 (0.384)
Epoch: [15][55/114]	Time 0.109 (0.116)	Data 0.023 (0.023)	Loss 0.0975 (0.0883)	MAE 0.417 (0.385)
Epoch: [15][56/114]	Time 0.110 (0.116)	Data 0.019 (0.023)	Loss 0.0827 (0.0882)	MAE 0.361 (0.384)
Epoch: [15][57/114]	Time 0.112 (0.116)	Data 0.021 (0.023)	Loss 0.1148 (0.0887)	MAE 0.489 (0.386)
Epoch: [15][58/114]	Time 0.117 (0.116)	Data 0.022 (0.023)	Loss 0.0964 (0.0888)	MAE 0.419 (0.387)
Epoch: [15][59/114]	Time 0.120 (0.116)	Data 0.025 (0.023)	Loss 0.1005 (0.0890)	MAE 0.424 (0.387)
Epoch: [15][60/114]	Time 0.110 (0.116)	Data 0.021 (0.023)	Loss 0.0685 (0.0887)	MAE 0.355 (0.387)
Epoch: [15][61/114]	Time 0.110 (0.116)	Data 0.019 (0.023)	Loss 0.0779 (0.0885)	MAE 0.382 (0.387)
Epoch: [15][62/114]	Time 0.151 (0.116)	Data 0.016 (0.022)	Loss 0.0792 (0.0884)	MAE 0.373 (0.386)
Epoch: [15][63/114]	Time 0.116 (0.116)	Data 0.022 (0.022)	Loss 0.0761 (0.0882)	MAE 0.368 (0.386)
Epoch: [15][64/114]	Time 0.106 (0.116)	Data 0.015 (0.022)	Loss 0.0776 (0.0880)	MAE 0.401 (0.386)
Epoch: [15][65/114]	Time 0.109 (0.116)	Data 0.019 (0.022)	Loss 0.0758 (0.0878)	MAE 0.369 (0.386)
Epoch: [15][66/114]	Time 0.110 (0.116)	Data 0.020 (0.022)	Loss 0.0812 (0.0877)	MAE 0.360 (0.386)
Epoch: [15][67/114]	Time 0.113 (0.116)	Data 0.020 (0.022)	Loss 0.0660 (0.0874)	MAE 0.332 (0.385)
Epoch: [15][68/114]	Time 0.108 (0.116)	Data 0.016 (0.022)	Loss 0.0987 (0.0876)	MAE 0.379 (0.385)
Epoch: [15][69/114]	Time 0.123 (0.116)	Data 0.033 (0.022)	Loss 0.0659 (0.0873)	MAE 0.333 (0.384)
Epoch: [15][70/114]	Time 0.106 (0.116)	Data 0.018 (0.022)	Loss 0.0967 (0.0874)	MAE 0.445 (0.385)
Epoch: [15][71/114]	Time 0.107 (0.116)	Data 0.022 (0.022)	Loss 0.0805 (0.0873)	MAE 0.378 (0.385)
Epoch: [15][72/114]	Time 0.109 (0.116)	Data 0.016 (0.022)	Loss 0.1072 (0.0876)	MAE 0.394 (0.385)
Epoch: [15][73/114]	Time 0.111 (0.115)	Data 0.023 (0.022)	Loss 0.0609 (0.0872)	MAE 0.324 (0.384)
Epoch: [15][74/114]	Time 0.105 (0.115)	Data 0.016 (0.022)	Loss 0.0806 (0.0871)	MAE 0.363 (0.384)
Epoch: [15][75/114]	Time 0.115 (0.115)	Data 0.021 (0.022)	Loss 0.1030 (0.0873)	MAE 0.386 (0.384)
Epoch: [15][76/114]	Time 0.115 (0.115)	Data 0.018 (0.022)	Loss 0.1120 (0.0876)	MAE 0.417 (0.384)
Epoch: [15][77/114]	Time 0.119 (0.115)	Data 0.025 (0.022)	Loss 0.1041 (0.0879)	MAE 0.422 (0.385)
Epoch: [15][78/114]	Time 0.132 (0.116)	Data 0.040 (0.022)	Loss 0.0805 (0.0878)	MAE 0.382 (0.385)
Epoch: [15][79/114]	Time 0.116 (0.116)	Data 0.025 (0.022)	Loss 0.0730 (0.0876)	MAE 0.348 (0.384)
Epoch: [15][80/114]	Time 0.119 (0.116)	Data 0.026 (0.022)	Loss 0.0999 (0.0877)	MAE 0.398 (0.385)
Epoch: [15][81/114]	Time 0.116 (0.116)	Data 0.012 (0.022)	Loss 0.1205 (0.0881)	MAE 0.432 (0.385)
Epoch: [15][82/114]	Time 0.106 (0.116)	Data 0.017 (0.022)	Loss 0.0823 (0.0881)	MAE 0.362 (0.385)
Epoch: [15][83/114]	Time 0.103 (0.115)	Data 0.016 (0.022)	Loss 0.0773 (0.0879)	MAE 0.362 (0.385)
Epoch: [15][84/114]	Time 0.116 (0.115)	Data 0.019 (0.022)	Loss 0.0888 (0.0879)	MAE 0.386 (0.385)
Epoch: [15][85/114]	Time 0.108 (0.115)	Data 0.018 (0.022)	Loss 0.0948 (0.0880)	MAE 0.409 (0.385)
Epoch: [15][86/114]	Time 0.121 (0.115)	Data 0.031 (0.022)	Loss 0.0830 (0.0880)	MAE 0.409 (0.385)
Epoch: [15][87/114]	Time 0.109 (0.115)	Data 0.014 (0.022)	Loss 0.0845 (0.0879)	MAE 0.351 (0.385)
Epoch: [15][88/114]	Time 0.125 (0.115)	Data 0.030 (0.022)	Loss 0.0697 (0.0877)	MAE 0.340 (0.384)
Epoch: [15][89/114]	Time 0.111 (0.115)	Data 0.020 (0.022)	Loss 0.0859 (0.0877)	MAE 0.379 (0.384)
Epoch: [15][90/114]	Time 0.114 (0.115)	Data 0.021 (0.022)	Loss 0.1049 (0.0879)	MAE 0.392 (0.384)
Epoch: [15][91/114]	Time 0.105 (0.115)	Data 0.018 (0.022)	Loss 0.1091 (0.0881)	MAE 0.450 (0.385)
Epoch: [15][92/114]	Time 0.107 (0.115)	Data 0.020 (0.022)	Loss 0.0886 (0.0881)	MAE 0.355 (0.385)
Epoch: [15][93/114]	Time 0.106 (0.115)	Data 0.014 (0.022)	Loss 0.0755 (0.0880)	MAE 0.366 (0.384)
Epoch: [15][94/114]	Time 0.103 (0.115)	Data 0.017 (0.022)	Loss 0.0791 (0.0879)	MAE 0.360 (0.384)
Epoch: [15][95/114]	Time 0.110 (0.115)	Data 0.022 (0.022)	Loss 0.1022 (0.0880)	MAE 0.466 (0.385)
Epoch: [15][96/114]	Time 0.122 (0.115)	Data 0.024 (0.022)	Loss 0.0987 (0.0882)	MAE 0.377 (0.385)
Epoch: [15][97/114]	Time 0.111 (0.115)	Data 0.016 (0.022)	Loss 0.1022 (0.0883)	MAE 0.393 (0.385)
Epoch: [15][98/114]	Time 0.143 (0.115)	Data 0.039 (0.022)	Loss 0.1093 (0.0885)	MAE 0.401 (0.385)
Epoch: [15][99/114]	Time 0.131 (0.115)	Data 0.038 (0.022)	Loss 0.0871 (0.0885)	MAE 0.383 (0.385)
Epoch: [15][100/114]	Time 0.103 (0.115)	Data 0.016 (0.022)	Loss 0.0858 (0.0885)	MAE 0.402 (0.385)
Epoch: [15][101/114]	Time 0.112 (0.115)	Data 0.021 (0.022)	Loss 0.0841 (0.0884)	MAE 0.365 (0.385)
Epoch: [15][102/114]	Time 0.105 (0.115)	Data 0.014 (0.022)	Loss 0.1112 (0.0886)	MAE 0.397 (0.385)
Epoch: [15][103/114]	Time 0.107 (0.115)	Data 0.019 (0.022)	Loss 0.0650 (0.0884)	MAE 0.357 (0.385)
Epoch: [15][104/114]	Time 0.111 (0.115)	Data 0.021 (0.022)	Loss 0.0596 (0.0881)	MAE 0.317 (0.384)
Epoch: [15][105/114]	Time 0.118 (0.115)	Data 0.023 (0.022)	Loss 0.0717 (0.0880)	MAE 0.368 (0.384)
Epoch: [15][106/114]	Time 0.104 (0.115)	Data 0.016 (0.022)	Loss 0.0771 (0.0879)	MAE 0.376 (0.384)
Epoch: [15][107/114]	Time 0.128 (0.115)	Data 0.031 (0.022)	Loss 0.0722 (0.0877)	MAE 0.348 (0.384)
Epoch: [15][108/114]	Time 0.109 (0.115)	Data 0.018 (0.022)	Loss 0.0891 (0.0878)	MAE 0.392 (0.384)
Epoch: [15][109/114]	Time 0.112 (0.115)	Data 0.020 (0.022)	Loss 0.0965 (0.0878)	MAE 0.412 (0.384)
Epoch: [15][110/114]	Time 0.103 (0.115)	Data 0.015 (0.022)	Loss 0.1103 (0.0880)	MAE 0.415 (0.384)
Epoch: [15][111/114]	Time 0.106 (0.115)	Data 0.017 (0.022)	Loss 0.0940 (0.0881)	MAE 0.415 (0.385)
Epoch: [15][112/114]	Time 0.113 (0.115)	Data 0.022 (0.022)	Loss 0.1260 (0.0884)	MAE 0.438 (0.385)
Epoch: [15][113/114]	Time 0.090 (0.115)	Data 0.029 (0.022)	Loss 0.1022 (0.0885)	MAE 0.429 (0.385)
Test: [0/15]	Time 0.048 (0.048)	Loss 0.0723 (0.0723)	MAE 0.347 (0.347)
Test: [1/15]	Time 0.045 (0.047)	Loss 0.0857 (0.0790)	MAE 0.378 (0.362)
Test: [2/15]	Time 0.048 (0.047)	Loss 0.0810 (0.0797)	MAE 0.372 (0.365)
Test: [3/15]	Time 0.046 (0.047)	Loss 0.0934 (0.0831)	MAE 0.375 (0.368)
Test: [4/15]	Time 0.047 (0.047)	Loss 0.0883 (0.0842)	MAE 0.361 (0.367)
Test: [5/15]	Time 0.042 (0.046)	Loss 0.0834 (0.0840)	MAE 0.370 (0.367)
Test: [6/15]	Time 0.040 (0.045)	Loss 0.0950 (0.0856)	MAE 0.385 (0.370)
Test: [7/15]	Time 0.048 (0.046)	Loss 0.0821 (0.0851)	MAE 0.351 (0.367)
Test: [8/15]	Time 0.054 (0.047)	Loss 0.0874 (0.0854)	MAE 0.378 (0.369)
Test: [9/15]	Time 0.054 (0.047)	Loss 0.0756 (0.0844)	MAE 0.353 (0.367)
Test: [10/15]	Time 0.047 (0.047)	Loss 0.0883 (0.0848)	MAE 0.380 (0.368)
Test: [11/15]	Time 0.048 (0.047)	Loss 0.1038 (0.0864)	MAE 0.372 (0.368)
Test: [12/15]	Time 0.046 (0.047)	Loss 0.0932 (0.0869)	MAE 0.381 (0.369)
Test: [13/15]	Time 0.042 (0.047)	Loss 0.1167 (0.0890)	MAE 0.419 (0.373)
Test: [14/15]	Time 0.013 (0.045)	Loss 0.0659 (0.0887)	MAE 0.303 (0.372)
 * MAE 0.372
Epoch: [16][0/114]	Time 0.492 (0.492)	Data 0.402 (0.402)	Loss 0.0734 (0.0734)	MAE 0.346 (0.346)
Epoch: [16][1/114]	Time 0.118 (0.305)	Data 0.022 (0.212)	Loss 0.0975 (0.0855)	MAE 0.389 (0.367)
Epoch: [16][2/114]	Time 0.110 (0.240)	Data 0.022 (0.149)	Loss 0.1050 (0.0920)	MAE 0.425 (0.387)
Epoch: [16][3/114]	Time 0.105 (0.206)	Data 0.015 (0.115)	Loss 0.0661 (0.0855)	MAE 0.344 (0.376)
Epoch: [16][4/114]	Time 0.127 (0.190)	Data 0.026 (0.097)	Loss 0.0862 (0.0857)	MAE 0.373 (0.376)
Epoch: [16][5/114]	Time 0.113 (0.178)	Data 0.020 (0.085)	Loss 0.1170 (0.0909)	MAE 0.474 (0.392)
Epoch: [16][6/114]	Time 0.106 (0.167)	Data 0.018 (0.075)	Loss 0.0942 (0.0914)	MAE 0.393 (0.392)
Epoch: [16][7/114]	Time 0.108 (0.160)	Data 0.015 (0.068)	Loss 0.0819 (0.0902)	MAE 0.385 (0.391)
Epoch: [16][8/114]	Time 0.100 (0.153)	Data 0.012 (0.061)	Loss 0.0791 (0.0889)	MAE 0.360 (0.388)
Epoch: [16][9/114]	Time 0.115 (0.149)	Data 0.020 (0.057)	Loss 0.0817 (0.0882)	MAE 0.376 (0.387)
Epoch: [16][10/114]	Time 0.111 (0.146)	Data 0.020 (0.054)	Loss 0.1454 (0.0934)	MAE 0.443 (0.392)
Epoch: [16][11/114]	Time 0.107 (0.143)	Data 0.013 (0.050)	Loss 0.0830 (0.0925)	MAE 0.369 (0.390)
Epoch: [16][12/114]	Time 0.111 (0.140)	Data 0.021 (0.048)	Loss 0.0840 (0.0919)	MAE 0.369 (0.388)
Epoch: [16][13/114]	Time 0.108 (0.138)	Data 0.014 (0.046)	Loss 0.0906 (0.0918)	MAE 0.381 (0.388)
Epoch: [16][14/114]	Time 0.121 (0.137)	Data 0.026 (0.044)	Loss 0.0792 (0.0910)	MAE 0.372 (0.387)
Epoch: [16][15/114]	Time 0.114 (0.136)	Data 0.020 (0.043)	Loss 0.0739 (0.0899)	MAE 0.363 (0.385)
Epoch: [16][16/114]	Time 0.105 (0.134)	Data 0.017 (0.041)	Loss 0.0618 (0.0882)	MAE 0.331 (0.382)
Epoch: [16][17/114]	Time 0.116 (0.133)	Data 0.019 (0.040)	Loss 0.0902 (0.0883)	MAE 0.443 (0.385)
Epoch: [16][18/114]	Time 0.113 (0.132)	Data 0.025 (0.039)	Loss 0.0699 (0.0874)	MAE 0.351 (0.384)
Epoch: [16][19/114]	Time 0.105 (0.130)	Data 0.016 (0.038)	Loss 0.0932 (0.0877)	MAE 0.397 (0.384)
Epoch: [16][20/114]	Time 0.122 (0.130)	Data 0.023 (0.037)	Loss 0.0896 (0.0878)	MAE 0.382 (0.384)
Epoch: [16][21/114]	Time 0.112 (0.129)	Data 0.017 (0.037)	Loss 0.0751 (0.0872)	MAE 0.383 (0.384)
Epoch: [16][22/114]	Time 0.109 (0.128)	Data 0.019 (0.036)	Loss 0.1356 (0.0893)	MAE 0.462 (0.387)
Epoch: [16][23/114]	Time 0.109 (0.127)	Data 0.019 (0.035)	Loss 0.1081 (0.0901)	MAE 0.396 (0.388)
Epoch: [16][24/114]	Time 0.115 (0.127)	Data 0.020 (0.034)	Loss 0.1067 (0.0907)	MAE 0.410 (0.389)
Epoch: [16][25/114]	Time 0.115 (0.126)	Data 0.018 (0.034)	Loss 0.0953 (0.0909)	MAE 0.385 (0.389)
Epoch: [16][26/114]	Time 0.121 (0.126)	Data 0.025 (0.033)	Loss 0.0800 (0.0905)	MAE 0.380 (0.388)
Epoch: [16][27/114]	Time 0.108 (0.126)	Data 0.016 (0.033)	Loss 0.0715 (0.0898)	MAE 0.349 (0.387)
Epoch: [16][28/114]	Time 0.107 (0.125)	Data 0.019 (0.032)	Loss 0.0858 (0.0897)	MAE 0.379 (0.387)
Epoch: [16][29/114]	Time 0.116 (0.125)	Data 0.020 (0.032)	Loss 0.1138 (0.0905)	MAE 0.436 (0.388)
Epoch: [16][30/114]	Time 0.119 (0.124)	Data 0.020 (0.032)	Loss 0.0612 (0.0895)	MAE 0.321 (0.386)
Epoch: [16][31/114]	Time 0.114 (0.124)	Data 0.020 (0.031)	Loss 0.0833 (0.0894)	MAE 0.380 (0.386)
Epoch: [16][32/114]	Time 0.119 (0.124)	Data 0.030 (0.031)	Loss 0.0688 (0.0887)	MAE 0.339 (0.384)
Epoch: [16][33/114]	Time 0.108 (0.124)	Data 0.013 (0.031)	Loss 0.0668 (0.0881)	MAE 0.343 (0.383)
Epoch: [16][34/114]	Time 0.125 (0.124)	Data 0.025 (0.030)	Loss 0.0806 (0.0879)	MAE 0.373 (0.383)
Epoch: [16][35/114]	Time 0.110 (0.123)	Data 0.016 (0.030)	Loss 0.0841 (0.0878)	MAE 0.374 (0.383)
Epoch: [16][36/114]	Time 0.124 (0.123)	Data 0.032 (0.030)	Loss 0.0768 (0.0875)	MAE 0.369 (0.382)
Epoch: [16][37/114]	Time 0.104 (0.123)	Data 0.015 (0.030)	Loss 0.0953 (0.0877)	MAE 0.404 (0.383)
Epoch: [16][38/114]	Time 0.116 (0.123)	Data 0.022 (0.030)	Loss 0.0886 (0.0877)	MAE 0.387 (0.383)
Epoch: [16][39/114]	Time 0.109 (0.122)	Data 0.016 (0.029)	Loss 0.0906 (0.0878)	MAE 0.399 (0.383)
Epoch: [16][40/114]	Time 0.112 (0.122)	Data 0.023 (0.029)	Loss 0.0574 (0.0870)	MAE 0.322 (0.382)
Epoch: [16][41/114]	Time 0.112 (0.122)	Data 0.016 (0.029)	Loss 0.0893 (0.0871)	MAE 0.397 (0.382)
Epoch: [16][42/114]	Time 0.108 (0.121)	Data 0.020 (0.029)	Loss 0.1058 (0.0875)	MAE 0.394 (0.383)
Epoch: [16][43/114]	Time 0.115 (0.121)	Data 0.019 (0.028)	Loss 0.0845 (0.0874)	MAE 0.387 (0.383)
Epoch: [16][44/114]	Time 0.124 (0.121)	Data 0.028 (0.028)	Loss 0.0720 (0.0871)	MAE 0.339 (0.382)
Epoch: [16][45/114]	Time 0.114 (0.121)	Data 0.021 (0.028)	Loss 0.1017 (0.0874)	MAE 0.447 (0.383)
Epoch: [16][46/114]	Time 0.112 (0.121)	Data 0.024 (0.028)	Loss 0.0979 (0.0876)	MAE 0.408 (0.384)
Epoch: [16][47/114]	Time 0.116 (0.121)	Data 0.019 (0.028)	Loss 0.1090 (0.0881)	MAE 0.400 (0.384)
Epoch: [16][48/114]	Time 0.111 (0.121)	Data 0.019 (0.028)	Loss 0.0923 (0.0882)	MAE 0.401 (0.384)
Epoch: [16][49/114]	Time 0.105 (0.120)	Data 0.015 (0.027)	Loss 0.0865 (0.0881)	MAE 0.377 (0.384)
Epoch: [16][50/114]	Time 0.119 (0.120)	Data 0.024 (0.027)	Loss 0.0794 (0.0880)	MAE 0.361 (0.384)
Epoch: [16][51/114]	Time 0.103 (0.120)	Data 0.013 (0.027)	Loss 0.0886 (0.0880)	MAE 0.380 (0.384)
Epoch: [16][52/114]	Time 0.111 (0.120)	Data 0.021 (0.027)	Loss 0.0744 (0.0877)	MAE 0.335 (0.383)
Epoch: [16][53/114]	Time 0.112 (0.120)	Data 0.019 (0.027)	Loss 0.0926 (0.0878)	MAE 0.391 (0.383)
Epoch: [16][54/114]	Time 0.120 (0.120)	Data 0.025 (0.027)	Loss 0.0727 (0.0875)	MAE 0.390 (0.383)
Epoch: [16][55/114]	Time 0.111 (0.120)	Data 0.019 (0.027)	Loss 0.0798 (0.0874)	MAE 0.344 (0.382)
Epoch: [16][56/114]	Time 0.108 (0.119)	Data 0.021 (0.027)	Loss 0.0932 (0.0875)	MAE 0.401 (0.383)
Epoch: [16][57/114]	Time 0.104 (0.119)	Data 0.017 (0.026)	Loss 0.0957 (0.0876)	MAE 0.398 (0.383)
Epoch: [16][58/114]	Time 0.109 (0.119)	Data 0.020 (0.026)	Loss 0.0910 (0.0877)	MAE 0.364 (0.383)
Epoch: [16][59/114]	Time 0.104 (0.119)	Data 0.014 (0.026)	Loss 0.0906 (0.0878)	MAE 0.383 (0.383)
Epoch: [16][60/114]	Time 0.122 (0.119)	Data 0.028 (0.026)	Loss 0.0769 (0.0876)	MAE 0.350 (0.382)
Epoch: [16][61/114]	Time 0.107 (0.119)	Data 0.014 (0.026)	Loss 0.1329 (0.0883)	MAE 0.466 (0.383)
Epoch: [16][62/114]	Time 0.115 (0.118)	Data 0.025 (0.026)	Loss 0.0839 (0.0882)	MAE 0.371 (0.383)
Epoch: [16][63/114]	Time 0.122 (0.119)	Data 0.021 (0.026)	Loss 0.1031 (0.0885)	MAE 0.430 (0.384)
Epoch: [16][64/114]	Time 0.132 (0.119)	Data 0.039 (0.026)	Loss 0.1050 (0.0887)	MAE 0.404 (0.384)
Epoch: [16][65/114]	Time 0.112 (0.119)	Data 0.020 (0.026)	Loss 0.1064 (0.0890)	MAE 0.402 (0.385)
Epoch: [16][66/114]	Time 0.115 (0.119)	Data 0.020 (0.026)	Loss 0.1122 (0.0893)	MAE 0.444 (0.385)
Epoch: [16][67/114]	Time 0.104 (0.118)	Data 0.013 (0.026)	Loss 0.0987 (0.0895)	MAE 0.400 (0.386)
Epoch: [16][68/114]	Time 0.115 (0.118)	Data 0.021 (0.026)	Loss 0.0857 (0.0894)	MAE 0.407 (0.386)
Epoch: [16][69/114]	Time 0.106 (0.118)	Data 0.017 (0.026)	Loss 0.0852 (0.0894)	MAE 0.388 (0.386)
Epoch: [16][70/114]	Time 0.110 (0.118)	Data 0.019 (0.025)	Loss 0.0885 (0.0893)	MAE 0.381 (0.386)
Epoch: [16][71/114]	Time 0.121 (0.118)	Data 0.024 (0.025)	Loss 0.1018 (0.0895)	MAE 0.399 (0.386)
Epoch: [16][72/114]	Time 0.120 (0.118)	Data 0.023 (0.025)	Loss 0.1317 (0.0901)	MAE 0.450 (0.387)
Epoch: [16][73/114]	Time 0.118 (0.118)	Data 0.022 (0.025)	Loss 0.0916 (0.0901)	MAE 0.383 (0.387)
Epoch: [16][74/114]	Time 0.119 (0.118)	Data 0.023 (0.025)	Loss 0.0781 (0.0900)	MAE 0.348 (0.386)
Epoch: [16][75/114]	Time 0.103 (0.118)	Data 0.013 (0.025)	Loss 0.0830 (0.0899)	MAE 0.372 (0.386)
Epoch: [16][76/114]	Time 0.112 (0.118)	Data 0.023 (0.025)	Loss 0.0803 (0.0897)	MAE 0.364 (0.386)
Epoch: [16][77/114]	Time 0.106 (0.118)	Data 0.016 (0.025)	Loss 0.0674 (0.0895)	MAE 0.356 (0.386)
Epoch: [16][78/114]	Time 0.110 (0.118)	Data 0.021 (0.025)	Loss 0.0933 (0.0895)	MAE 0.392 (0.386)
Epoch: [16][79/114]	Time 0.116 (0.118)	Data 0.021 (0.025)	Loss 0.0754 (0.0893)	MAE 0.370 (0.385)
Epoch: [16][80/114]	Time 0.114 (0.118)	Data 0.020 (0.025)	Loss 0.0847 (0.0893)	MAE 0.393 (0.386)
Epoch: [16][81/114]	Time 0.104 (0.117)	Data 0.014 (0.025)	Loss 0.0988 (0.0894)	MAE 0.426 (0.386)
Epoch: [16][82/114]	Time 0.113 (0.117)	Data 0.018 (0.025)	Loss 0.0819 (0.0893)	MAE 0.399 (0.386)
Epoch: [16][83/114]	Time 0.104 (0.117)	Data 0.013 (0.024)	Loss 0.0764 (0.0891)	MAE 0.366 (0.386)
Epoch: [16][84/114]	Time 0.111 (0.117)	Data 0.018 (0.024)	Loss 0.0669 (0.0889)	MAE 0.359 (0.386)
Epoch: [16][85/114]	Time 0.113 (0.117)	Data 0.018 (0.024)	Loss 0.0929 (0.0889)	MAE 0.396 (0.386)
Epoch: [16][86/114]	Time 0.110 (0.117)	Data 0.020 (0.024)	Loss 0.0933 (0.0890)	MAE 0.402 (0.386)
Epoch: [16][87/114]	Time 0.104 (0.117)	Data 0.014 (0.024)	Loss 0.0913 (0.0890)	MAE 0.401 (0.386)
Epoch: [16][88/114]	Time 0.112 (0.117)	Data 0.020 (0.024)	Loss 0.0924 (0.0890)	MAE 0.396 (0.386)
Epoch: [16][89/114]	Time 0.109 (0.117)	Data 0.016 (0.024)	Loss 0.0708 (0.0888)	MAE 0.355 (0.386)
Epoch: [16][90/114]	Time 0.113 (0.117)	Data 0.024 (0.024)	Loss 0.0728 (0.0887)	MAE 0.342 (0.385)
Epoch: [16][91/114]	Time 0.106 (0.117)	Data 0.016 (0.024)	Loss 0.0941 (0.0887)	MAE 0.399 (0.386)
Epoch: [16][92/114]	Time 0.110 (0.116)	Data 0.019 (0.024)	Loss 0.0845 (0.0887)	MAE 0.410 (0.386)
Epoch: [16][93/114]	Time 0.126 (0.117)	Data 0.034 (0.024)	Loss 0.1129 (0.0889)	MAE 0.420 (0.386)
Epoch: [16][94/114]	Time 0.124 (0.117)	Data 0.025 (0.024)	Loss 0.0754 (0.0888)	MAE 0.371 (0.386)
Epoch: [16][95/114]	Time 0.104 (0.116)	Data 0.013 (0.024)	Loss 0.1044 (0.0890)	MAE 0.412 (0.386)
Epoch: [16][96/114]	Time 0.116 (0.116)	Data 0.023 (0.024)	Loss 0.0794 (0.0889)	MAE 0.357 (0.386)
Epoch: [16][97/114]	Time 0.100 (0.116)	Data 0.012 (0.024)	Loss 0.0690 (0.0887)	MAE 0.345 (0.386)
Epoch: [16][98/114]	Time 0.128 (0.116)	Data 0.024 (0.024)	Loss 0.0760 (0.0885)	MAE 0.367 (0.385)
Epoch: [16][99/114]	Time 0.127 (0.117)	Data 0.028 (0.024)	Loss 0.1112 (0.0888)	MAE 0.422 (0.386)
Epoch: [16][100/114]	Time 0.118 (0.117)	Data 0.026 (0.024)	Loss 0.0988 (0.0889)	MAE 0.394 (0.386)
Epoch: [16][101/114]	Time 0.113 (0.117)	Data 0.025 (0.024)	Loss 0.1005 (0.0890)	MAE 0.410 (0.386)
Epoch: [16][102/114]	Time 0.119 (0.117)	Data 0.023 (0.024)	Loss 0.1157 (0.0892)	MAE 0.464 (0.387)
Epoch: [16][103/114]	Time 0.106 (0.116)	Data 0.013 (0.024)	Loss 0.0699 (0.0890)	MAE 0.337 (0.386)
Epoch: [16][104/114]	Time 0.120 (0.116)	Data 0.028 (0.024)	Loss 0.1190 (0.0893)	MAE 0.393 (0.386)
Epoch: [16][105/114]	Time 0.109 (0.116)	Data 0.018 (0.024)	Loss 0.0975 (0.0894)	MAE 0.398 (0.386)
Epoch: [16][106/114]	Time 0.126 (0.117)	Data 0.029 (0.024)	Loss 0.0807 (0.0893)	MAE 0.367 (0.386)
Epoch: [16][107/114]	Time 0.113 (0.116)	Data 0.017 (0.024)	Loss 0.0913 (0.0893)	MAE 0.386 (0.386)
Epoch: [16][108/114]	Time 0.123 (0.117)	Data 0.030 (0.024)	Loss 0.0914 (0.0894)	MAE 0.350 (0.386)
Epoch: [16][109/114]	Time 0.108 (0.116)	Data 0.016 (0.024)	Loss 0.0906 (0.0894)	MAE 0.394 (0.386)
Epoch: [16][110/114]	Time 0.115 (0.116)	Data 0.020 (0.024)	Loss 0.0694 (0.0892)	MAE 0.348 (0.386)
Epoch: [16][111/114]	Time 0.107 (0.116)	Data 0.013 (0.024)	Loss 0.0879 (0.0892)	MAE 0.370 (0.386)
Epoch: [16][112/114]	Time 0.115 (0.116)	Data 0.017 (0.024)	Loss 0.0662 (0.0890)	MAE 0.337 (0.385)
Epoch: [16][113/114]	Time 0.092 (0.116)	Data 0.029 (0.024)	Loss 0.0960 (0.0890)	MAE 0.417 (0.385)
Test: [0/15]	Time 0.065 (0.065)	Loss 0.0935 (0.0935)	MAE 0.389 (0.389)
Test: [1/15]	Time 0.045 (0.055)	Loss 0.1245 (0.1090)	MAE 0.366 (0.378)
Test: [2/15]	Time 0.046 (0.052)	Loss 0.1472 (0.1217)	MAE 0.425 (0.393)
Test: [3/15]	Time 0.040 (0.049)	Loss 0.0885 (0.1134)	MAE 0.379 (0.390)
Test: [4/15]	Time 0.052 (0.050)	Loss 0.1013 (0.1110)	MAE 0.401 (0.392)
Test: [5/15]	Time 0.046 (0.049)	Loss 0.0817 (0.1061)	MAE 0.369 (0.388)
Test: [6/15]	Time 0.044 (0.048)	Loss 0.0887 (0.1036)	MAE 0.378 (0.387)
Test: [7/15]	Time 0.045 (0.048)	Loss 0.0895 (0.1019)	MAE 0.369 (0.384)
Test: [8/15]	Time 0.049 (0.048)	Loss 0.1288 (0.1048)	MAE 0.425 (0.389)
Test: [9/15]	Time 0.048 (0.048)	Loss 0.0943 (0.1038)	MAE 0.381 (0.388)
Test: [10/15]	Time 0.059 (0.049)	Loss 0.0874 (0.1023)	MAE 0.367 (0.386)
Test: [11/15]	Time 0.051 (0.049)	Loss 0.0908 (0.1013)	MAE 0.373 (0.385)
Test: [12/15]	Time 0.041 (0.049)	Loss 0.1006 (0.1013)	MAE 0.387 (0.385)
Test: [13/15]	Time 0.053 (0.049)	Loss 0.1099 (0.1019)	MAE 0.406 (0.387)
Test: [14/15]	Time 0.015 (0.047)	Loss 0.1030 (0.1019)	MAE 0.429 (0.387)
 * MAE 0.387
Epoch: [17][0/114]	Time 0.146 (0.146)	Data 0.058 (0.058)	Loss 0.0737 (0.0737)	MAE 0.354 (0.354)
Epoch: [17][1/114]	Time 0.112 (0.129)	Data 0.023 (0.041)	Loss 0.0684 (0.0711)	MAE 0.325 (0.340)
Epoch: [17][2/114]	Time 0.112 (0.123)	Data 0.020 (0.034)	Loss 0.0653 (0.0691)	MAE 0.318 (0.332)
Epoch: [17][3/114]	Time 0.122 (0.123)	Data 0.029 (0.033)	Loss 0.0846 (0.0730)	MAE 0.356 (0.338)
Epoch: [17][4/114]	Time 0.113 (0.121)	Data 0.019 (0.030)	Loss 0.0775 (0.0739)	MAE 0.353 (0.341)
Epoch: [17][5/114]	Time 0.115 (0.120)	Data 0.019 (0.028)	Loss 0.0887 (0.0764)	MAE 0.390 (0.349)
Epoch: [17][6/114]	Time 0.106 (0.118)	Data 0.016 (0.026)	Loss 0.0876 (0.0780)	MAE 0.389 (0.355)
Epoch: [17][7/114]	Time 0.111 (0.117)	Data 0.017 (0.025)	Loss 0.0853 (0.0789)	MAE 0.405 (0.361)
Epoch: [17][8/114]	Time 0.109 (0.116)	Data 0.018 (0.024)	Loss 0.0973 (0.0809)	MAE 0.430 (0.369)
Epoch: [17][9/114]	Time 0.104 (0.115)	Data 0.017 (0.024)	Loss 0.0783 (0.0807)	MAE 0.355 (0.367)
Epoch: [17][10/114]	Time 0.104 (0.114)	Data 0.020 (0.023)	Loss 0.0927 (0.0818)	MAE 0.407 (0.371)
Epoch: [17][11/114]	Time 0.119 (0.114)	Data 0.023 (0.023)	Loss 0.1174 (0.0847)	MAE 0.449 (0.378)
Epoch: [17][12/114]	Time 0.142 (0.117)	Data 0.034 (0.024)	Loss 0.0848 (0.0847)	MAE 0.387 (0.378)
Epoch: [17][13/114]	Time 0.125 (0.117)	Data 0.030 (0.025)	Loss 0.0856 (0.0848)	MAE 0.371 (0.378)
Epoch: [17][14/114]	Time 0.113 (0.117)	Data 0.015 (0.024)	Loss 0.0746 (0.0841)	MAE 0.343 (0.375)
Epoch: [17][15/114]	Time 0.113 (0.117)	Data 0.021 (0.024)	Loss 0.0767 (0.0837)	MAE 0.377 (0.376)
Epoch: [17][16/114]	Time 0.105 (0.116)	Data 0.014 (0.023)	Loss 0.0719 (0.0830)	MAE 0.373 (0.375)
Epoch: [17][17/114]	Time 0.118 (0.116)	Data 0.026 (0.023)	Loss 0.0956 (0.0837)	MAE 0.433 (0.379)
Epoch: [17][18/114]	Time 0.112 (0.116)	Data 0.021 (0.023)	Loss 0.0856 (0.0838)	MAE 0.405 (0.380)
Epoch: [17][19/114]	Time 0.108 (0.115)	Data 0.020 (0.023)	Loss 0.1055 (0.0849)	MAE 0.386 (0.380)
Epoch: [17][20/114]	Time 0.112 (0.115)	Data 0.022 (0.023)	Loss 0.0637 (0.0839)	MAE 0.346 (0.379)
Epoch: [17][21/114]	Time 0.116 (0.115)	Data 0.019 (0.023)	Loss 0.0704 (0.0832)	MAE 0.373 (0.378)
Epoch: [17][22/114]	Time 0.117 (0.115)	Data 0.021 (0.023)	Loss 0.0864 (0.0834)	MAE 0.375 (0.378)
Epoch: [17][23/114]	Time 0.116 (0.115)	Data 0.023 (0.023)	Loss 0.1206 (0.0849)	MAE 0.390 (0.379)
Epoch: [17][24/114]	Time 0.107 (0.115)	Data 0.015 (0.022)	Loss 0.0677 (0.0842)	MAE 0.354 (0.378)
Epoch: [17][25/114]	Time 0.123 (0.115)	Data 0.027 (0.023)	Loss 0.0826 (0.0842)	MAE 0.358 (0.377)
Epoch: [17][26/114]	Time 0.110 (0.115)	Data 0.017 (0.022)	Loss 0.0820 (0.0841)	MAE 0.398 (0.378)
Epoch: [17][27/114]	Time 0.115 (0.115)	Data 0.022 (0.022)	Loss 0.1200 (0.0854)	MAE 0.373 (0.378)
Epoch: [17][28/114]	Time 0.110 (0.115)	Data 0.017 (0.022)	Loss 0.0750 (0.0850)	MAE 0.359 (0.377)
Epoch: [17][29/114]	Time 0.111 (0.115)	Data 0.022 (0.022)	Loss 0.0969 (0.0854)	MAE 0.411 (0.378)
Epoch: [17][30/114]	Time 0.108 (0.115)	Data 0.016 (0.022)	Loss 0.0841 (0.0854)	MAE 0.389 (0.378)
Epoch: [17][31/114]	Time 0.128 (0.115)	Data 0.034 (0.022)	Loss 0.0802 (0.0852)	MAE 0.366 (0.378)
Epoch: [17][32/114]	Time 0.130 (0.116)	Data 0.028 (0.023)	Loss 0.0723 (0.0848)	MAE 0.340 (0.377)
Epoch: [17][33/114]	Time 0.117 (0.116)	Data 0.023 (0.023)	Loss 0.0953 (0.0851)	MAE 0.393 (0.377)
Epoch: [17][34/114]	Time 0.110 (0.115)	Data 0.018 (0.022)	Loss 0.0690 (0.0847)	MAE 0.319 (0.376)
Epoch: [17][35/114]	Time 0.111 (0.115)	Data 0.020 (0.022)	Loss 0.0851 (0.0847)	MAE 0.354 (0.375)
Epoch: [17][36/114]	Time 0.111 (0.115)	Data 0.018 (0.022)	Loss 0.0783 (0.0845)	MAE 0.367 (0.375)
Epoch: [17][37/114]	Time 0.121 (0.115)	Data 0.029 (0.022)	Loss 0.0758 (0.0843)	MAE 0.352 (0.374)
Epoch: [17][38/114]	Time 0.115 (0.115)	Data 0.021 (0.022)	Loss 0.0761 (0.0841)	MAE 0.377 (0.374)
Epoch: [17][39/114]	Time 0.113 (0.115)	Data 0.021 (0.022)	Loss 0.0719 (0.0838)	MAE 0.359 (0.374)
Epoch: [17][40/114]	Time 0.120 (0.115)	Data 0.021 (0.022)	Loss 0.0929 (0.0840)	MAE 0.399 (0.375)
Epoch: [17][41/114]	Time 0.123 (0.116)	Data 0.026 (0.022)	Loss 0.1017 (0.0844)	MAE 0.356 (0.374)
Epoch: [17][42/114]	Time 0.113 (0.116)	Data 0.019 (0.022)	Loss 0.0770 (0.0842)	MAE 0.385 (0.374)
Epoch: [17][43/114]	Time 0.115 (0.115)	Data 0.024 (0.022)	Loss 0.0774 (0.0841)	MAE 0.353 (0.374)
Epoch: [17][44/114]	Time 0.105 (0.115)	Data 0.014 (0.022)	Loss 0.0702 (0.0838)	MAE 0.329 (0.373)
Epoch: [17][45/114]	Time 0.112 (0.115)	Data 0.020 (0.022)	Loss 0.0832 (0.0838)	MAE 0.347 (0.372)
Epoch: [17][46/114]	Time 0.104 (0.115)	Data 0.014 (0.022)	Loss 0.1076 (0.0843)	MAE 0.397 (0.373)
Epoch: [17][47/114]	Time 0.108 (0.115)	Data 0.018 (0.022)	Loss 0.0858 (0.0843)	MAE 0.391 (0.373)
Epoch: [17][48/114]	Time 0.107 (0.115)	Data 0.017 (0.022)	Loss 0.0940 (0.0845)	MAE 0.382 (0.373)
Epoch: [17][49/114]	Time 0.108 (0.115)	Data 0.021 (0.022)	Loss 0.0837 (0.0845)	MAE 0.369 (0.373)
Epoch: [17][50/114]	Time 0.113 (0.114)	Data 0.018 (0.022)	Loss 0.0885 (0.0846)	MAE 0.394 (0.374)
Epoch: [17][51/114]	Time 0.125 (0.115)	Data 0.030 (0.022)	Loss 0.0905 (0.0847)	MAE 0.366 (0.374)
Epoch: [17][52/114]	Time 0.114 (0.115)	Data 0.026 (0.022)	Loss 0.0894 (0.0848)	MAE 0.410 (0.374)
Epoch: [17][53/114]	Time 0.112 (0.115)	Data 0.020 (0.022)	Loss 0.0898 (0.0849)	MAE 0.373 (0.374)
Epoch: [17][54/114]	Time 0.102 (0.114)	Data 0.011 (0.022)	Loss 0.0581 (0.0844)	MAE 0.323 (0.373)
Epoch: [17][55/114]	Time 0.129 (0.115)	Data 0.030 (0.022)	Loss 0.1069 (0.0848)	MAE 0.389 (0.374)
Epoch: [17][56/114]	Time 0.114 (0.115)	Data 0.017 (0.022)	Loss 0.0690 (0.0845)	MAE 0.350 (0.373)
Epoch: [17][57/114]	Time 0.109 (0.115)	Data 0.017 (0.022)	Loss 0.0772 (0.0844)	MAE 0.350 (0.373)
Epoch: [17][58/114]	Time 0.111 (0.115)	Data 0.015 (0.022)	Loss 0.0949 (0.0845)	MAE 0.398 (0.373)
Epoch: [17][59/114]	Time 0.115 (0.115)	Data 0.022 (0.022)	Loss 0.0677 (0.0843)	MAE 0.335 (0.373)
Epoch: [17][60/114]	Time 0.113 (0.114)	Data 0.023 (0.022)	Loss 0.0744 (0.0841)	MAE 0.354 (0.372)
Epoch: [17][61/114]	Time 0.119 (0.115)	Data 0.021 (0.022)	Loss 0.0983 (0.0843)	MAE 0.417 (0.373)
Epoch: [17][62/114]	Time 0.114 (0.115)	Data 0.014 (0.021)	Loss 0.0915 (0.0844)	MAE 0.377 (0.373)
Epoch: [17][63/114]	Time 0.113 (0.115)	Data 0.022 (0.021)	Loss 0.1017 (0.0847)	MAE 0.377 (0.373)
Epoch: [17][64/114]	Time 0.106 (0.114)	Data 0.014 (0.021)	Loss 0.0830 (0.0847)	MAE 0.378 (0.373)
Epoch: [17][65/114]	Time 0.116 (0.114)	Data 0.023 (0.021)	Loss 0.0819 (0.0846)	MAE 0.348 (0.373)
Epoch: [17][66/114]	Time 0.105 (0.114)	Data 0.015 (0.021)	Loss 0.0981 (0.0848)	MAE 0.405 (0.373)
Epoch: [17][67/114]	Time 0.109 (0.114)	Data 0.018 (0.021)	Loss 0.1029 (0.0851)	MAE 0.421 (0.374)
Epoch: [17][68/114]	Time 0.103 (0.114)	Data 0.014 (0.021)	Loss 0.0912 (0.0852)	MAE 0.386 (0.374)
Epoch: [17][69/114]	Time 0.117 (0.114)	Data 0.022 (0.021)	Loss 0.0815 (0.0851)	MAE 0.362 (0.374)
Epoch: [17][70/114]	Time 0.113 (0.114)	Data 0.014 (0.021)	Loss 0.0847 (0.0851)	MAE 0.367 (0.374)
Epoch: [17][71/114]	Time 0.136 (0.114)	Data 0.034 (0.021)	Loss 0.0847 (0.0851)	MAE 0.379 (0.374)
Epoch: [17][72/114]	Time 0.104 (0.114)	Data 0.014 (0.021)	Loss 0.0894 (0.0852)	MAE 0.384 (0.374)
Epoch: [17][73/114]	Time 0.113 (0.114)	Data 0.020 (0.021)	Loss 0.0875 (0.0852)	MAE 0.409 (0.375)
Epoch: [17][74/114]	Time 0.113 (0.114)	Data 0.016 (0.021)	Loss 0.0917 (0.0853)	MAE 0.412 (0.375)
Epoch: [17][75/114]	Time 0.121 (0.114)	Data 0.026 (0.021)	Loss 0.0786 (0.0852)	MAE 0.359 (0.375)
Epoch: [17][76/114]	Time 0.111 (0.114)	Data 0.020 (0.021)	Loss 0.0777 (0.0851)	MAE 0.349 (0.375)
Epoch: [17][77/114]	Time 0.111 (0.114)	Data 0.020 (0.021)	Loss 0.0825 (0.0851)	MAE 0.377 (0.375)
Epoch: [17][78/114]	Time 0.111 (0.114)	Data 0.018 (0.021)	Loss 0.0908 (0.0852)	MAE 0.356 (0.374)
Epoch: [17][79/114]	Time 0.115 (0.114)	Data 0.020 (0.021)	Loss 0.1104 (0.0855)	MAE 0.433 (0.375)
Epoch: [17][80/114]	Time 0.107 (0.114)	Data 0.014 (0.021)	Loss 0.0796 (0.0854)	MAE 0.346 (0.375)
Epoch: [17][81/114]	Time 0.119 (0.114)	Data 0.025 (0.021)	Loss 0.0825 (0.0854)	MAE 0.344 (0.374)
Epoch: [17][82/114]	Time 0.107 (0.114)	Data 0.017 (0.021)	Loss 0.0642 (0.0851)	MAE 0.336 (0.374)
Epoch: [17][83/114]	Time 0.117 (0.114)	Data 0.029 (0.021)	Loss 0.0754 (0.0850)	MAE 0.366 (0.374)
Epoch: [17][84/114]	Time 0.109 (0.114)	Data 0.016 (0.021)	Loss 0.0825 (0.0850)	MAE 0.358 (0.374)
Epoch: [17][85/114]	Time 0.108 (0.114)	Data 0.022 (0.021)	Loss 0.0828 (0.0849)	MAE 0.409 (0.374)
Epoch: [17][86/114]	Time 0.108 (0.114)	Data 0.015 (0.021)	Loss 0.1015 (0.0851)	MAE 0.368 (0.374)
Epoch: [17][87/114]	Time 0.124 (0.114)	Data 0.024 (0.021)	Loss 0.0966 (0.0853)	MAE 0.369 (0.374)
Epoch: [17][88/114]	Time 0.105 (0.114)	Data 0.014 (0.021)	Loss 0.0736 (0.0851)	MAE 0.369 (0.374)
Epoch: [17][89/114]	Time 0.115 (0.114)	Data 0.022 (0.021)	Loss 0.0853 (0.0851)	MAE 0.421 (0.374)
Epoch: [17][90/114]	Time 0.118 (0.114)	Data 0.017 (0.021)	Loss 0.0934 (0.0852)	MAE 0.362 (0.374)
Epoch: [17][91/114]	Time 0.132 (0.114)	Data 0.039 (0.021)	Loss 0.0797 (0.0852)	MAE 0.365 (0.374)
Epoch: [17][92/114]	Time 0.107 (0.114)	Data 0.017 (0.021)	Loss 0.0793 (0.0851)	MAE 0.360 (0.374)
Epoch: [17][93/114]	Time 0.114 (0.114)	Data 0.023 (0.021)	Loss 0.0903 (0.0852)	MAE 0.372 (0.374)
Epoch: [17][94/114]	Time 0.104 (0.114)	Data 0.013 (0.021)	Loss 0.1151 (0.0855)	MAE 0.491 (0.375)
Epoch: [17][95/114]	Time 0.115 (0.114)	Data 0.025 (0.021)	Loss 0.0837 (0.0855)	MAE 0.357 (0.375)
Epoch: [17][96/114]	Time 0.106 (0.114)	Data 0.017 (0.021)	Loss 0.0896 (0.0855)	MAE 0.375 (0.375)
Epoch: [17][97/114]	Time 0.113 (0.114)	Data 0.018 (0.021)	Loss 0.0593 (0.0852)	MAE 0.323 (0.374)
Epoch: [17][98/114]	Time 0.106 (0.114)	Data 0.015 (0.021)	Loss 0.0794 (0.0852)	MAE 0.355 (0.374)
Epoch: [17][99/114]	Time 0.126 (0.114)	Data 0.032 (0.021)	Loss 0.1113 (0.0854)	MAE 0.507 (0.376)
Epoch: [17][100/114]	Time 0.121 (0.114)	Data 0.024 (0.021)	Loss 0.0852 (0.0854)	MAE 0.411 (0.376)
Epoch: [17][101/114]	Time 0.112 (0.114)	Data 0.024 (0.021)	Loss 0.0710 (0.0853)	MAE 0.367 (0.376)
Epoch: [17][102/114]	Time 0.108 (0.114)	Data 0.012 (0.021)	Loss 0.0916 (0.0854)	MAE 0.379 (0.376)
Epoch: [17][103/114]	Time 0.117 (0.114)	Data 0.026 (0.021)	Loss 0.0751 (0.0853)	MAE 0.349 (0.376)
Epoch: [17][104/114]	Time 0.132 (0.114)	Data 0.019 (0.021)	Loss 0.0803 (0.0852)	MAE 0.363 (0.375)
Epoch: [17][105/114]	Time 0.107 (0.114)	Data 0.019 (0.021)	Loss 0.0895 (0.0852)	MAE 0.367 (0.375)
Epoch: [17][106/114]	Time 0.101 (0.114)	Data 0.015 (0.021)	Loss 0.0941 (0.0853)	MAE 0.412 (0.376)
Epoch: [17][107/114]	Time 0.134 (0.114)	Data 0.023 (0.021)	Loss 0.0788 (0.0853)	MAE 0.374 (0.376)
Epoch: [17][108/114]	Time 0.105 (0.114)	Data 0.015 (0.021)	Loss 0.0776 (0.0852)	MAE 0.355 (0.376)
Epoch: [17][109/114]	Time 0.117 (0.114)	Data 0.019 (0.021)	Loss 0.0756 (0.0851)	MAE 0.343 (0.375)
Epoch: [17][110/114]	Time 0.118 (0.114)	Data 0.020 (0.021)	Loss 0.0736 (0.0850)	MAE 0.373 (0.375)
Epoch: [17][111/114]	Time 0.112 (0.114)	Data 0.024 (0.021)	Loss 0.0847 (0.0850)	MAE 0.373 (0.375)
Epoch: [17][112/114]	Time 0.104 (0.114)	Data 0.014 (0.021)	Loss 0.0761 (0.0849)	MAE 0.383 (0.375)
Epoch: [17][113/114]	Time 0.098 (0.114)	Data 0.034 (0.021)	Loss 0.0995 (0.0850)	MAE 0.449 (0.376)
Test: [0/15]	Time 0.046 (0.046)	Loss 0.0974 (0.0974)	MAE 0.402 (0.402)
Test: [1/15]	Time 0.046 (0.046)	Loss 0.0895 (0.0934)	MAE 0.387 (0.394)
Test: [2/15]	Time 0.050 (0.047)	Loss 0.0971 (0.0946)	MAE 0.382 (0.390)
Test: [3/15]	Time 0.049 (0.048)	Loss 0.0948 (0.0947)	MAE 0.401 (0.393)
Test: [4/15]	Time 0.044 (0.047)	Loss 0.0668 (0.0891)	MAE 0.358 (0.386)
Test: [5/15]	Time 0.042 (0.046)	Loss 0.0942 (0.0900)	MAE 0.389 (0.386)
Test: [6/15]	Time 0.045 (0.046)	Loss 0.0719 (0.0874)	MAE 0.363 (0.383)
Test: [7/15]	Time 0.047 (0.046)	Loss 0.0806 (0.0865)	MAE 0.371 (0.381)
Test: [8/15]	Time 0.039 (0.045)	Loss 0.0973 (0.0877)	MAE 0.415 (0.385)
Test: [9/15]	Time 0.045 (0.045)	Loss 0.1125 (0.0902)	MAE 0.418 (0.389)
Test: [10/15]	Time 0.047 (0.046)	Loss 0.0741 (0.0887)	MAE 0.350 (0.385)
Test: [11/15]	Time 0.050 (0.046)	Loss 0.1001 (0.0897)	MAE 0.390 (0.385)
Test: [12/15]	Time 0.054 (0.047)	Loss 0.0926 (0.0899)	MAE 0.390 (0.386)
Test: [13/15]	Time 0.044 (0.046)	Loss 0.0779 (0.0891)	MAE 0.378 (0.385)
Test: [14/15]	Time 0.021 (0.045)	Loss 0.0890 (0.0891)	MAE 0.418 (0.386)
 * MAE 0.386
Epoch: [18][0/114]	Time 0.162 (0.162)	Data 0.069 (0.069)	Loss 0.0924 (0.0924)	MAE 0.403 (0.403)
Epoch: [18][1/114]	Time 0.103 (0.133)	Data 0.013 (0.041)	Loss 0.0821 (0.0872)	MAE 0.377 (0.390)
Epoch: [18][2/114]	Time 0.116 (0.127)	Data 0.023 (0.035)	Loss 0.0761 (0.0835)	MAE 0.358 (0.379)
Epoch: [18][3/114]	Time 0.107 (0.122)	Data 0.015 (0.030)	Loss 0.0878 (0.0846)	MAE 0.401 (0.385)
Epoch: [18][4/114]	Time 0.108 (0.119)	Data 0.019 (0.028)	Loss 0.1035 (0.0884)	MAE 0.447 (0.397)
Epoch: [18][5/114]	Time 0.109 (0.118)	Data 0.017 (0.026)	Loss 0.0912 (0.0888)	MAE 0.394 (0.397)
Epoch: [18][6/114]	Time 0.112 (0.117)	Data 0.021 (0.025)	Loss 0.0746 (0.0868)	MAE 0.367 (0.392)
Epoch: [18][7/114]	Time 0.111 (0.116)	Data 0.017 (0.024)	Loss 0.0889 (0.0871)	MAE 0.372 (0.390)
Epoch: [18][8/114]	Time 0.112 (0.116)	Data 0.021 (0.024)	Loss 0.0767 (0.0859)	MAE 0.381 (0.389)
Epoch: [18][9/114]	Time 0.120 (0.116)	Data 0.023 (0.024)	Loss 0.1094 (0.0883)	MAE 0.503 (0.400)
Epoch: [18][10/114]	Time 0.113 (0.116)	Data 0.019 (0.023)	Loss 0.0653 (0.0862)	MAE 0.371 (0.398)
Epoch: [18][11/114]	Time 0.108 (0.115)	Data 0.016 (0.023)	Loss 0.0862 (0.0862)	MAE 0.421 (0.400)
Epoch: [18][12/114]	Time 0.110 (0.115)	Data 0.021 (0.023)	Loss 0.0881 (0.0863)	MAE 0.374 (0.398)
Epoch: [18][13/114]	Time 0.109 (0.114)	Data 0.018 (0.022)	Loss 0.1263 (0.0892)	MAE 0.394 (0.397)
Epoch: [18][14/114]	Time 0.115 (0.114)	Data 0.023 (0.022)	Loss 0.0907 (0.0893)	MAE 0.392 (0.397)
Epoch: [18][15/114]	Time 0.115 (0.114)	Data 0.020 (0.022)	Loss 0.0813 (0.0888)	MAE 0.365 (0.395)
Epoch: [18][16/114]	Time 0.120 (0.115)	Data 0.023 (0.022)	Loss 0.0743 (0.0879)	MAE 0.350 (0.392)
Epoch: [18][17/114]	Time 0.110 (0.115)	Data 0.017 (0.022)	Loss 0.0855 (0.0878)	MAE 0.405 (0.393)
Epoch: [18][18/114]	Time 0.109 (0.114)	Data 0.019 (0.022)	Loss 0.0659 (0.0866)	MAE 0.344 (0.390)
Epoch: [18][19/114]	Time 0.112 (0.114)	Data 0.020 (0.022)	Loss 0.0762 (0.0861)	MAE 0.357 (0.389)
Epoch: [18][20/114]	Time 0.104 (0.114)	Data 0.016 (0.021)	Loss 0.0739 (0.0855)	MAE 0.339 (0.386)
Epoch: [18][21/114]	Time 0.115 (0.114)	Data 0.022 (0.021)	Loss 0.0843 (0.0855)	MAE 0.400 (0.387)
Epoch: [18][22/114]	Time 0.116 (0.114)	Data 0.020 (0.021)	Loss 0.0948 (0.0859)	MAE 0.438 (0.389)
Epoch: [18][23/114]	Time 0.105 (0.113)	Data 0.013 (0.021)	Loss 0.0696 (0.0852)	MAE 0.348 (0.388)
Epoch: [18][24/114]	Time 0.112 (0.113)	Data 0.018 (0.021)	Loss 0.1166 (0.0865)	MAE 0.410 (0.388)
Epoch: [18][25/114]	Time 0.103 (0.113)	Data 0.014 (0.021)	Loss 0.0928 (0.0867)	MAE 0.420 (0.390)
Epoch: [18][26/114]	Time 0.117 (0.113)	Data 0.021 (0.021)	Loss 0.0727 (0.0862)	MAE 0.365 (0.389)
Epoch: [18][27/114]	Time 0.104 (0.113)	Data 0.014 (0.020)	Loss 0.0860 (0.0862)	MAE 0.370 (0.388)
Epoch: [18][28/114]	Time 0.150 (0.114)	Data 0.021 (0.020)	Loss 0.0796 (0.0860)	MAE 0.385 (0.388)
Epoch: [18][29/114]	Time 0.122 (0.114)	Data 0.028 (0.021)	Loss 0.0569 (0.0850)	MAE 0.326 (0.386)
Epoch: [18][30/114]	Time 0.104 (0.114)	Data 0.016 (0.021)	Loss 0.0919 (0.0852)	MAE 0.399 (0.386)
Epoch: [18][31/114]	Time 0.109 (0.114)	Data 0.018 (0.020)	Loss 0.0722 (0.0848)	MAE 0.334 (0.385)
Epoch: [18][32/114]	Time 0.111 (0.114)	Data 0.017 (0.020)	Loss 0.1283 (0.0861)	MAE 0.458 (0.387)
Epoch: [18][33/114]	Time 0.107 (0.114)	Data 0.017 (0.020)	Loss 0.0683 (0.0856)	MAE 0.349 (0.386)
Epoch: [18][34/114]	Time 0.117 (0.114)	Data 0.021 (0.020)	Loss 0.0615 (0.0849)	MAE 0.326 (0.384)
Epoch: [18][35/114]	Time 0.109 (0.114)	Data 0.019 (0.020)	Loss 0.0731 (0.0846)	MAE 0.385 (0.384)
Epoch: [18][36/114]	Time 0.101 (0.113)	Data 0.014 (0.020)	Loss 0.1033 (0.0851)	MAE 0.454 (0.386)
Epoch: [18][37/114]	Time 0.115 (0.113)	Data 0.023 (0.020)	Loss 0.0881 (0.0852)	MAE 0.406 (0.387)
Epoch: [18][38/114]	Time 0.117 (0.113)	Data 0.022 (0.020)	Loss 0.0777 (0.0850)	MAE 0.383 (0.386)
Epoch: [18][39/114]	Time 0.108 (0.113)	Data 0.020 (0.020)	Loss 0.0805 (0.0849)	MAE 0.347 (0.386)
Epoch: [18][40/114]	Time 0.107 (0.113)	Data 0.016 (0.020)	Loss 0.0817 (0.0848)	MAE 0.363 (0.385)
Epoch: [18][41/114]	Time 0.110 (0.113)	Data 0.021 (0.020)	Loss 0.0939 (0.0850)	MAE 0.391 (0.385)
Epoch: [18][42/114]	Time 0.107 (0.113)	Data 0.016 (0.020)	Loss 0.1171 (0.0858)	MAE 0.458 (0.387)
Epoch: [18][43/114]	Time 0.117 (0.113)	Data 0.023 (0.020)	Loss 0.1058 (0.0862)	MAE 0.396 (0.387)
Epoch: [18][44/114]	Time 0.101 (0.113)	Data 0.014 (0.020)	Loss 0.0764 (0.0860)	MAE 0.374 (0.387)
Epoch: [18][45/114]	Time 0.116 (0.113)	Data 0.022 (0.020)	Loss 0.0865 (0.0860)	MAE 0.379 (0.387)
Epoch: [18][46/114]	Time 0.106 (0.113)	Data 0.020 (0.020)	Loss 0.0946 (0.0862)	MAE 0.399 (0.387)
Epoch: [18][47/114]	Time 0.113 (0.113)	Data 0.023 (0.020)	Loss 0.1022 (0.0865)	MAE 0.402 (0.387)
Epoch: [18][48/114]	Time 0.119 (0.113)	Data 0.021 (0.020)	Loss 0.1256 (0.0873)	MAE 0.482 (0.389)
Epoch: [18][49/114]	Time 0.119 (0.113)	Data 0.029 (0.020)	Loss 0.0809 (0.0872)	MAE 0.385 (0.389)
Epoch: [18][50/114]	Time 0.108 (0.113)	Data 0.018 (0.020)	Loss 0.0655 (0.0868)	MAE 0.351 (0.388)
Epoch: [18][51/114]	Time 0.112 (0.113)	Data 0.023 (0.020)	Loss 0.0819 (0.0867)	MAE 0.376 (0.388)
Epoch: [18][52/114]	Time 0.112 (0.113)	Data 0.016 (0.020)	Loss 0.0772 (0.0865)	MAE 0.365 (0.388)
Epoch: [18][53/114]	Time 0.120 (0.113)	Data 0.026 (0.020)	Loss 0.0934 (0.0866)	MAE 0.430 (0.388)
Epoch: [18][54/114]	Time 0.114 (0.113)	Data 0.026 (0.020)	Loss 0.0914 (0.0867)	MAE 0.389 (0.388)
Epoch: [18][55/114]	Time 0.112 (0.113)	Data 0.023 (0.020)	Loss 0.1189 (0.0873)	MAE 0.435 (0.389)
Epoch: [18][56/114]	Time 0.109 (0.113)	Data 0.015 (0.020)	Loss 0.1067 (0.0876)	MAE 0.436 (0.390)
Epoch: [18][57/114]	Time 0.118 (0.113)	Data 0.021 (0.020)	Loss 0.0692 (0.0873)	MAE 0.370 (0.390)
Epoch: [18][58/114]	Time 0.117 (0.113)	Data 0.024 (0.020)	Loss 0.0803 (0.0872)	MAE 0.377 (0.389)
Epoch: [18][59/114]	Time 0.114 (0.113)	Data 0.022 (0.020)	Loss 0.1096 (0.0876)	MAE 0.384 (0.389)
Epoch: [18][60/114]	Time 0.104 (0.113)	Data 0.012 (0.020)	Loss 0.0867 (0.0875)	MAE 0.377 (0.389)
Epoch: [18][61/114]	Time 0.109 (0.113)	Data 0.020 (0.020)	Loss 0.0761 (0.0874)	MAE 0.352 (0.389)
Epoch: [18][62/114]	Time 0.114 (0.113)	Data 0.019 (0.020)	Loss 0.0939 (0.0875)	MAE 0.379 (0.388)
Epoch: [18][63/114]	Time 0.104 (0.113)	Data 0.015 (0.020)	Loss 0.1065 (0.0878)	MAE 0.424 (0.389)
Epoch: [18][64/114]	Time 0.102 (0.113)	Data 0.012 (0.020)	Loss 0.1326 (0.0885)	MAE 0.500 (0.391)
Epoch: [18][65/114]	Time 0.110 (0.113)	Data 0.018 (0.020)	Loss 0.0857 (0.0884)	MAE 0.389 (0.391)
Epoch: [18][66/114]	Time 0.112 (0.113)	Data 0.017 (0.020)	Loss 0.1168 (0.0888)	MAE 0.461 (0.392)
Epoch: [18][67/114]	Time 0.112 (0.112)	Data 0.022 (0.020)	Loss 0.0881 (0.0888)	MAE 0.371 (0.391)
Epoch: [18][68/114]	Time 0.111 (0.112)	Data 0.015 (0.020)	Loss 0.0957 (0.0889)	MAE 0.400 (0.392)
Epoch: [18][69/114]	Time 0.122 (0.113)	Data 0.027 (0.020)	Loss 0.0641 (0.0886)	MAE 0.329 (0.391)
Epoch: [18][70/114]	Time 0.107 (0.113)	Data 0.016 (0.020)	Loss 0.0571 (0.0881)	MAE 0.316 (0.390)
Epoch: [18][71/114]	Time 0.114 (0.113)	Data 0.023 (0.020)	Loss 0.0851 (0.0881)	MAE 0.388 (0.390)
Epoch: [18][72/114]	Time 0.103 (0.112)	Data 0.010 (0.020)	Loss 0.0738 (0.0879)	MAE 0.365 (0.389)
Epoch: [18][73/114]	Time 0.111 (0.112)	Data 0.018 (0.020)	Loss 0.1069 (0.0881)	MAE 0.419 (0.390)
Epoch: [18][74/114]	Time 0.109 (0.112)	Data 0.019 (0.020)	Loss 0.0996 (0.0883)	MAE 0.421 (0.390)
Epoch: [18][75/114]	Time 0.122 (0.112)	Data 0.025 (0.020)	Loss 0.0659 (0.0880)	MAE 0.341 (0.389)
Epoch: [18][76/114]	Time 0.106 (0.112)	Data 0.015 (0.020)	Loss 0.0956 (0.0881)	MAE 0.363 (0.389)
Epoch: [18][77/114]	Time 0.119 (0.112)	Data 0.020 (0.020)	Loss 0.0843 (0.0880)	MAE 0.369 (0.389)
Epoch: [18][78/114]	Time 0.131 (0.113)	Data 0.036 (0.020)	Loss 0.0846 (0.0880)	MAE 0.354 (0.388)
Epoch: [18][79/114]	Time 0.106 (0.113)	Data 0.018 (0.020)	Loss 0.0920 (0.0881)	MAE 0.409 (0.389)
Epoch: [18][80/114]	Time 0.120 (0.113)	Data 0.027 (0.020)	Loss 0.1123 (0.0884)	MAE 0.484 (0.390)
Epoch: [18][81/114]	Time 0.105 (0.113)	Data 0.014 (0.020)	Loss 0.1235 (0.0888)	MAE 0.528 (0.391)
Epoch: [18][82/114]	Time 0.110 (0.113)	Data 0.017 (0.020)	Loss 0.0753 (0.0886)	MAE 0.365 (0.391)
Epoch: [18][83/114]	Time 0.105 (0.113)	Data 0.018 (0.020)	Loss 0.0903 (0.0886)	MAE 0.416 (0.391)
Epoch: [18][84/114]	Time 0.111 (0.112)	Data 0.025 (0.020)	Loss 0.0824 (0.0886)	MAE 0.365 (0.391)
Epoch: [18][85/114]	Time 0.106 (0.112)	Data 0.016 (0.020)	Loss 0.1000 (0.0887)	MAE 0.390 (0.391)
Epoch: [18][86/114]	Time 0.113 (0.112)	Data 0.024 (0.020)	Loss 0.0989 (0.0888)	MAE 0.470 (0.392)
Epoch: [18][87/114]	Time 0.107 (0.112)	Data 0.018 (0.020)	Loss 0.0928 (0.0889)	MAE 0.430 (0.392)
Epoch: [18][88/114]	Time 0.130 (0.113)	Data 0.024 (0.020)	Loss 0.0755 (0.0887)	MAE 0.356 (0.392)
Epoch: [18][89/114]	Time 0.121 (0.113)	Data 0.025 (0.020)	Loss 0.0893 (0.0887)	MAE 0.399 (0.392)
Epoch: [18][90/114]	Time 0.117 (0.113)	Data 0.026 (0.020)	Loss 0.0855 (0.0887)	MAE 0.352 (0.392)
Epoch: [18][91/114]	Time 0.111 (0.113)	Data 0.022 (0.020)	Loss 0.0873 (0.0887)	MAE 0.404 (0.392)
Epoch: [18][92/114]	Time 0.108 (0.113)	Data 0.018 (0.020)	Loss 0.0738 (0.0885)	MAE 0.376 (0.392)
Epoch: [18][93/114]	Time 0.115 (0.113)	Data 0.022 (0.020)	Loss 0.1046 (0.0887)	MAE 0.444 (0.392)
Epoch: [18][94/114]	Time 0.111 (0.113)	Data 0.020 (0.020)	Loss 0.1296 (0.0891)	MAE 0.507 (0.393)
Epoch: [18][95/114]	Time 0.101 (0.113)	Data 0.013 (0.020)	Loss 0.1212 (0.0894)	MAE 0.430 (0.394)
Epoch: [18][96/114]	Time 0.115 (0.113)	Data 0.023 (0.020)	Loss 0.0679 (0.0892)	MAE 0.362 (0.393)
Epoch: [18][97/114]	Time 0.110 (0.113)	Data 0.020 (0.020)	Loss 0.0799 (0.0891)	MAE 0.364 (0.393)
Epoch: [18][98/114]	Time 0.118 (0.113)	Data 0.027 (0.020)	Loss 0.1106 (0.0893)	MAE 0.408 (0.393)
Epoch: [18][99/114]	Time 0.107 (0.113)	Data 0.016 (0.020)	Loss 0.1226 (0.0897)	MAE 0.461 (0.394)
Epoch: [18][100/114]	Time 0.118 (0.113)	Data 0.023 (0.020)	Loss 0.0886 (0.0897)	MAE 0.366 (0.394)
Epoch: [18][101/114]	Time 0.101 (0.112)	Data 0.016 (0.020)	Loss 0.0740 (0.0895)	MAE 0.350 (0.393)
Epoch: [18][102/114]	Time 0.108 (0.112)	Data 0.020 (0.020)	Loss 0.0984 (0.0896)	MAE 0.402 (0.393)
Epoch: [18][103/114]	Time 0.098 (0.112)	Data 0.013 (0.020)	Loss 0.0786 (0.0895)	MAE 0.354 (0.393)
Epoch: [18][104/114]	Time 0.109 (0.112)	Data 0.019 (0.020)	Loss 0.0748 (0.0894)	MAE 0.347 (0.393)
Epoch: [18][105/114]	Time 0.103 (0.112)	Data 0.013 (0.020)	Loss 0.0962 (0.0894)	MAE 0.415 (0.393)
Epoch: [18][106/114]	Time 0.112 (0.112)	Data 0.020 (0.020)	Loss 0.1115 (0.0896)	MAE 0.453 (0.393)
Epoch: [18][107/114]	Time 0.103 (0.112)	Data 0.015 (0.020)	Loss 0.0999 (0.0897)	MAE 0.399 (0.393)
Epoch: [18][108/114]	Time 0.121 (0.112)	Data 0.022 (0.020)	Loss 0.0922 (0.0897)	MAE 0.419 (0.394)
Epoch: [18][109/114]	Time 0.115 (0.112)	Data 0.021 (0.020)	Loss 0.0740 (0.0896)	MAE 0.346 (0.393)
Epoch: [18][110/114]	Time 0.116 (0.112)	Data 0.025 (0.020)	Loss 0.0662 (0.0894)	MAE 0.339 (0.393)
Epoch: [18][111/114]	Time 0.105 (0.112)	Data 0.016 (0.020)	Loss 0.0849 (0.0893)	MAE 0.353 (0.392)
Epoch: [18][112/114]	Time 0.119 (0.112)	Data 0.021 (0.020)	Loss 0.1181 (0.0896)	MAE 0.399 (0.392)
Epoch: [18][113/114]	Time 0.089 (0.112)	Data 0.028 (0.020)	Loss 0.0907 (0.0896)	MAE 0.417 (0.393)
Test: [0/15]	Time 0.053 (0.053)	Loss 0.0717 (0.0717)	MAE 0.351 (0.351)
Test: [1/15]	Time 0.041 (0.047)	Loss 0.1070 (0.0894)	MAE 0.391 (0.371)
Test: [2/15]	Time 0.047 (0.047)	Loss 0.1003 (0.0930)	MAE 0.388 (0.377)
Test: [3/15]	Time 0.044 (0.046)	Loss 0.0811 (0.0900)	MAE 0.352 (0.370)
Test: [4/15]	Time 0.044 (0.046)	Loss 0.0928 (0.0906)	MAE 0.367 (0.370)
Test: [5/15]	Time 0.041 (0.045)	Loss 0.0880 (0.0901)	MAE 0.370 (0.370)
Test: [6/15]	Time 0.048 (0.046)	Loss 0.0734 (0.0878)	MAE 0.355 (0.368)
Test: [7/15]	Time 0.047 (0.046)	Loss 0.0859 (0.0875)	MAE 0.358 (0.366)
Test: [8/15]	Time 0.051 (0.046)	Loss 0.0908 (0.0879)	MAE 0.371 (0.367)
Test: [9/15]	Time 0.050 (0.047)	Loss 0.1096 (0.0901)	MAE 0.389 (0.369)
Test: [10/15]	Time 0.049 (0.047)	Loss 0.0808 (0.0892)	MAE 0.368 (0.369)
Test: [11/15]	Time 0.054 (0.047)	Loss 0.0791 (0.0884)	MAE 0.362 (0.368)
Test: [12/15]	Time 0.040 (0.047)	Loss 0.0723 (0.0871)	MAE 0.349 (0.367)
Test: [13/15]	Time 0.049 (0.047)	Loss 0.0854 (0.0870)	MAE 0.363 (0.367)
Test: [14/15]	Time 0.015 (0.045)	Loss 0.1343 (0.0877)	MAE 0.435 (0.368)
 * MAE 0.368
Epoch: [19][0/114]	Time 0.152 (0.152)	Data 0.060 (0.060)	Loss 0.0770 (0.0770)	MAE 0.364 (0.364)
Epoch: [19][1/114]	Time 0.107 (0.130)	Data 0.018 (0.039)	Loss 0.0797 (0.0783)	MAE 0.364 (0.364)
Epoch: [19][2/114]	Time 0.104 (0.121)	Data 0.013 (0.030)	Loss 0.0908 (0.0825)	MAE 0.377 (0.369)
Epoch: [19][3/114]	Time 0.115 (0.119)	Data 0.019 (0.028)	Loss 0.0888 (0.0841)	MAE 0.412 (0.379)
Epoch: [19][4/114]	Time 0.098 (0.115)	Data 0.013 (0.025)	Loss 0.0815 (0.0835)	MAE 0.384 (0.380)
Epoch: [19][5/114]	Time 0.115 (0.115)	Data 0.022 (0.024)	Loss 0.0955 (0.0855)	MAE 0.401 (0.384)
Epoch: [19][6/114]	Time 0.106 (0.114)	Data 0.016 (0.023)	Loss 0.1027 (0.0880)	MAE 0.388 (0.384)
Epoch: [19][7/114]	Time 0.118 (0.114)	Data 0.022 (0.023)	Loss 0.0774 (0.0867)	MAE 0.333 (0.378)
Epoch: [19][8/114]	Time 0.115 (0.114)	Data 0.017 (0.022)	Loss 0.0831 (0.0863)	MAE 0.374 (0.377)
Epoch: [19][9/114]	Time 0.123 (0.115)	Data 0.026 (0.023)	Loss 0.0756 (0.0852)	MAE 0.355 (0.375)
Epoch: [19][10/114]	Time 0.108 (0.115)	Data 0.014 (0.022)	Loss 0.0853 (0.0852)	MAE 0.378 (0.375)
Epoch: [19][11/114]	Time 0.113 (0.115)	Data 0.018 (0.022)	Loss 0.0970 (0.0862)	MAE 0.381 (0.376)
Epoch: [19][12/114]	Time 0.108 (0.114)	Data 0.015 (0.021)	Loss 0.0843 (0.0860)	MAE 0.365 (0.375)
Epoch: [19][13/114]	Time 0.110 (0.114)	Data 0.019 (0.021)	Loss 0.0831 (0.0858)	MAE 0.380 (0.375)
Epoch: [19][14/114]	Time 0.110 (0.114)	Data 0.019 (0.021)	Loss 0.0937 (0.0864)	MAE 0.391 (0.376)
Epoch: [19][15/114]	Time 0.104 (0.113)	Data 0.014 (0.020)	Loss 0.0820 (0.0861)	MAE 0.354 (0.375)
Epoch: [19][16/114]	Time 0.116 (0.113)	Data 0.022 (0.020)	Loss 0.0960 (0.0867)	MAE 0.435 (0.379)
Epoch: [19][17/114]	Time 0.124 (0.114)	Data 0.026 (0.021)	Loss 0.0881 (0.0867)	MAE 0.369 (0.378)
Epoch: [19][18/114]	Time 0.118 (0.114)	Data 0.028 (0.021)	Loss 0.0698 (0.0859)	MAE 0.362 (0.377)
Epoch: [19][19/114]	Time 0.113 (0.114)	Data 0.022 (0.021)	Loss 0.0775 (0.0854)	MAE 0.349 (0.376)
Epoch: [19][20/114]	Time 0.105 (0.113)	Data 0.019 (0.021)	Loss 0.0847 (0.0854)	MAE 0.353 (0.375)
Epoch: [19][21/114]	Time 0.109 (0.113)	Data 0.021 (0.021)	Loss 0.0741 (0.0849)	MAE 0.350 (0.374)
Epoch: [19][22/114]	Time 0.110 (0.113)	Data 0.018 (0.021)	Loss 0.0801 (0.0847)	MAE 0.371 (0.373)
Epoch: [19][23/114]	Time 0.111 (0.113)	Data 0.023 (0.021)	Loss 0.0801 (0.0845)	MAE 0.360 (0.373)
Epoch: [19][24/114]	Time 0.125 (0.113)	Data 0.018 (0.021)	Loss 0.1003 (0.0851)	MAE 0.401 (0.374)
Epoch: [19][25/114]	Time 0.107 (0.113)	Data 0.019 (0.021)	Loss 0.0987 (0.0857)	MAE 0.392 (0.375)
Epoch: [19][26/114]	Time 0.109 (0.113)	Data 0.017 (0.021)	Loss 0.0732 (0.0852)	MAE 0.339 (0.373)
Epoch: [19][27/114]	Time 0.118 (0.113)	Data 0.025 (0.021)	Loss 0.0735 (0.0848)	MAE 0.353 (0.373)
Epoch: [19][28/114]	Time 0.114 (0.113)	Data 0.022 (0.021)	Loss 0.0660 (0.0841)	MAE 0.339 (0.372)
Epoch: [19][29/114]	Time 0.136 (0.114)	Data 0.043 (0.022)	Loss 0.0739 (0.0838)	MAE 0.355 (0.371)
Epoch: [19][30/114]	Time 0.104 (0.114)	Data 0.017 (0.021)	Loss 0.0839 (0.0838)	MAE 0.369 (0.371)
Epoch: [19][31/114]	Time 0.120 (0.114)	Data 0.025 (0.022)	Loss 0.0736 (0.0835)	MAE 0.369 (0.371)
Epoch: [19][32/114]	Time 0.114 (0.114)	Data 0.020 (0.022)	Loss 0.0942 (0.0838)	MAE 0.371 (0.371)
Epoch: [19][33/114]	Time 0.113 (0.114)	Data 0.024 (0.022)	Loss 0.0775 (0.0836)	MAE 0.355 (0.370)
Epoch: [19][34/114]	Time 0.107 (0.114)	Data 0.018 (0.022)	Loss 0.0611 (0.0830)	MAE 0.331 (0.369)
Epoch: [19][35/114]	Time 0.117 (0.114)	Data 0.021 (0.022)	Loss 0.0908 (0.0832)	MAE 0.381 (0.370)
Epoch: [19][36/114]	Time 0.114 (0.114)	Data 0.021 (0.021)	Loss 0.0776 (0.0830)	MAE 0.368 (0.370)
Epoch: [19][37/114]	Time 0.110 (0.114)	Data 0.020 (0.021)	Loss 0.0944 (0.0833)	MAE 0.393 (0.370)
Epoch: [19][38/114]	Time 0.108 (0.114)	Data 0.017 (0.021)	Loss 0.0911 (0.0835)	MAE 0.397 (0.371)
Epoch: [19][39/114]	Time 0.108 (0.113)	Data 0.020 (0.021)	Loss 0.0666 (0.0831)	MAE 0.328 (0.370)
Epoch: [19][40/114]	Time 0.108 (0.113)	Data 0.020 (0.021)	Loss 0.0753 (0.0829)	MAE 0.359 (0.370)
Epoch: [19][41/114]	Time 0.118 (0.113)	Data 0.021 (0.021)	Loss 0.0686 (0.0826)	MAE 0.331 (0.369)
Epoch: [19][42/114]	Time 0.106 (0.113)	Data 0.014 (0.021)	Loss 0.0814 (0.0825)	MAE 0.342 (0.368)
Epoch: [19][43/114]	Time 0.110 (0.113)	Data 0.019 (0.021)	Loss 0.1093 (0.0832)	MAE 0.446 (0.370)
Epoch: [19][44/114]	Time 0.107 (0.113)	Data 0.019 (0.021)	Loss 0.0877 (0.0833)	MAE 0.372 (0.370)
Epoch: [19][45/114]	Time 0.116 (0.113)	Data 0.023 (0.021)	Loss 0.0924 (0.0835)	MAE 0.398 (0.370)
Epoch: [19][46/114]	Time 0.103 (0.113)	Data 0.014 (0.021)	Loss 0.0758 (0.0833)	MAE 0.357 (0.370)
Epoch: [19][47/114]	Time 0.113 (0.113)	Data 0.020 (0.021)	Loss 0.0800 (0.0832)	MAE 0.365 (0.370)
Epoch: [19][48/114]	Time 0.115 (0.113)	Data 0.018 (0.021)	Loss 0.0783 (0.0831)	MAE 0.375 (0.370)
Epoch: [19][49/114]	Time 0.121 (0.113)	Data 0.031 (0.021)	Loss 0.0608 (0.0827)	MAE 0.334 (0.369)
Epoch: [19][50/114]	Time 0.108 (0.113)	Data 0.016 (0.021)	Loss 0.0938 (0.0829)	MAE 0.396 (0.370)
Epoch: [19][51/114]	Time 0.119 (0.113)	Data 0.024 (0.021)	Loss 0.0992 (0.0832)	MAE 0.438 (0.371)
Epoch: [19][52/114]	Time 0.112 (0.113)	Data 0.015 (0.021)	Loss 0.0975 (0.0835)	MAE 0.389 (0.372)
Epoch: [19][53/114]	Time 0.114 (0.113)	Data 0.023 (0.021)	Loss 0.0758 (0.0833)	MAE 0.339 (0.371)
Epoch: [19][54/114]	Time 0.109 (0.113)	Data 0.020 (0.021)	Loss 0.0780 (0.0832)	MAE 0.359 (0.371)
Epoch: [19][55/114]	Time 0.116 (0.113)	Data 0.022 (0.021)	Loss 0.0760 (0.0831)	MAE 0.355 (0.370)
Epoch: [19][56/114]	Time 0.145 (0.114)	Data 0.051 (0.021)	Loss 0.0918 (0.0833)	MAE 0.393 (0.371)
Epoch: [19][57/114]	Time 0.125 (0.114)	Data 0.038 (0.022)	Loss 0.0899 (0.0834)	MAE 0.401 (0.371)
Epoch: [19][58/114]	Time 0.118 (0.114)	Data 0.020 (0.022)	Loss 0.0896 (0.0835)	MAE 0.389 (0.372)
Epoch: [19][59/114]	Time 0.104 (0.114)	Data 0.017 (0.022)	Loss 0.0705 (0.0833)	MAE 0.364 (0.372)
Epoch: [19][60/114]	Time 0.106 (0.114)	Data 0.019 (0.022)	Loss 0.0988 (0.0835)	MAE 0.423 (0.372)
Epoch: [19][61/114]	Time 0.109 (0.113)	Data 0.023 (0.022)	Loss 0.0823 (0.0835)	MAE 0.378 (0.373)
Epoch: [19][62/114]	Time 0.099 (0.113)	Data 0.013 (0.021)	Loss 0.0880 (0.0836)	MAE 0.363 (0.372)
Epoch: [19][63/114]	Time 0.112 (0.113)	Data 0.021 (0.021)	Loss 0.1186 (0.0841)	MAE 0.459 (0.374)
Epoch: [19][64/114]	Time 0.105 (0.113)	Data 0.017 (0.021)	Loss 0.0905 (0.0842)	MAE 0.392 (0.374)
Epoch: [19][65/114]	Time 0.111 (0.113)	Data 0.022 (0.021)	Loss 0.0741 (0.0841)	MAE 0.335 (0.373)
Epoch: [19][66/114]	Time 0.109 (0.113)	Data 0.021 (0.021)	Loss 0.0706 (0.0839)	MAE 0.360 (0.373)
Epoch: [19][67/114]	Time 0.131 (0.113)	Data 0.030 (0.022)	Loss 0.0813 (0.0838)	MAE 0.390 (0.373)
Epoch: [19][68/114]	Time 0.117 (0.113)	Data 0.028 (0.022)	Loss 0.0736 (0.0837)	MAE 0.357 (0.373)
Epoch: [19][69/114]	Time 0.112 (0.113)	Data 0.021 (0.022)	Loss 0.0767 (0.0836)	MAE 0.367 (0.373)
Epoch: [19][70/114]	Time 0.114 (0.113)	Data 0.019 (0.022)	Loss 0.1043 (0.0839)	MAE 0.428 (0.374)
Epoch: [19][71/114]	Time 0.111 (0.113)	Data 0.019 (0.022)	Loss 0.0807 (0.0838)	MAE 0.359 (0.374)
Epoch: [19][72/114]	Time 0.107 (0.113)	Data 0.014 (0.021)	Loss 0.0844 (0.0838)	MAE 0.370 (0.374)
Epoch: [19][73/114]	Time 0.109 (0.113)	Data 0.018 (0.021)	Loss 0.0907 (0.0839)	MAE 0.398 (0.374)
Epoch: [19][74/114]	Time 0.107 (0.113)	Data 0.015 (0.021)	Loss 0.0749 (0.0838)	MAE 0.367 (0.374)
Epoch: [19][75/114]	Time 0.110 (0.113)	Data 0.019 (0.021)	Loss 0.0867 (0.0838)	MAE 0.412 (0.374)
Epoch: [19][76/114]	Time 0.123 (0.113)	Data 0.026 (0.021)	Loss 0.1306 (0.0845)	MAE 0.444 (0.375)
Epoch: [19][77/114]	Time 0.106 (0.113)	Data 0.021 (0.021)	Loss 0.0938 (0.0846)	MAE 0.423 (0.376)
Epoch: [19][78/114]	Time 0.102 (0.113)	Data 0.012 (0.021)	Loss 0.1034 (0.0848)	MAE 0.382 (0.376)
Epoch: [19][79/114]	Time 0.104 (0.113)	Data 0.020 (0.021)	Loss 0.1020 (0.0850)	MAE 0.405 (0.376)
Epoch: [19][80/114]	Time 0.104 (0.113)	Data 0.013 (0.021)	Loss 0.0909 (0.0851)	MAE 0.405 (0.377)
Epoch: [19][81/114]	Time 0.105 (0.113)	Data 0.019 (0.021)	Loss 0.0758 (0.0850)	MAE 0.358 (0.376)
Epoch: [19][82/114]	Time 0.105 (0.113)	Data 0.018 (0.021)	Loss 0.1135 (0.0853)	MAE 0.384 (0.377)
Epoch: [19][83/114]	Time 0.108 (0.112)	Data 0.021 (0.021)	Loss 0.0820 (0.0853)	MAE 0.372 (0.376)
Epoch: [19][84/114]	Time 0.103 (0.112)	Data 0.015 (0.021)	Loss 0.0927 (0.0854)	MAE 0.375 (0.376)
Epoch: [19][85/114]	Time 0.108 (0.112)	Data 0.017 (0.021)	Loss 0.1026 (0.0856)	MAE 0.400 (0.377)
Epoch: [19][86/114]	Time 0.102 (0.112)	Data 0.013 (0.021)	Loss 0.0944 (0.0857)	MAE 0.465 (0.378)
Epoch: [19][87/114]	Time 0.110 (0.112)	Data 0.019 (0.021)	Loss 0.0953 (0.0858)	MAE 0.440 (0.378)
Epoch: [19][88/114]	Time 0.135 (0.112)	Data 0.041 (0.021)	Loss 0.1069 (0.0860)	MAE 0.473 (0.380)
Epoch: [19][89/114]	Time 0.112 (0.112)	Data 0.021 (0.021)	Loss 0.0750 (0.0859)	MAE 0.374 (0.379)
Epoch: [19][90/114]	Time 0.105 (0.112)	Data 0.019 (0.021)	Loss 0.0724 (0.0858)	MAE 0.346 (0.379)
Epoch: [19][91/114]	Time 0.114 (0.112)	Data 0.016 (0.021)	Loss 0.1101 (0.0860)	MAE 0.437 (0.380)
Epoch: [19][92/114]	Time 0.122 (0.112)	Data 0.031 (0.021)	Loss 0.0730 (0.0859)	MAE 0.345 (0.379)
Epoch: [19][93/114]	Time 0.110 (0.112)	Data 0.020 (0.021)	Loss 0.1017 (0.0860)	MAE 0.411 (0.380)
Epoch: [19][94/114]	Time 0.114 (0.112)	Data 0.024 (0.021)	Loss 0.0962 (0.0862)	MAE 0.395 (0.380)
Epoch: [19][95/114]	Time 0.111 (0.112)	Data 0.017 (0.021)	Loss 0.1126 (0.0864)	MAE 0.454 (0.381)
Epoch: [19][96/114]	Time 0.118 (0.113)	Data 0.022 (0.021)	Loss 0.0816 (0.0864)	MAE 0.361 (0.380)
Epoch: [19][97/114]	Time 0.107 (0.112)	Data 0.017 (0.021)	Loss 0.0703 (0.0862)	MAE 0.336 (0.380)
Epoch: [19][98/114]	Time 0.103 (0.112)	Data 0.017 (0.021)	Loss 0.1004 (0.0864)	MAE 0.434 (0.381)
Epoch: [19][99/114]	Time 0.112 (0.112)	Data 0.021 (0.021)	Loss 0.0867 (0.0864)	MAE 0.401 (0.381)
Epoch: [19][100/114]	Time 0.107 (0.112)	Data 0.021 (0.021)	Loss 0.0736 (0.0862)	MAE 0.386 (0.381)
Epoch: [19][101/114]	Time 0.112 (0.112)	Data 0.020 (0.021)	Loss 0.0714 (0.0861)	MAE 0.394 (0.381)
Epoch: [19][102/114]	Time 0.113 (0.112)	Data 0.018 (0.021)	Loss 0.0757 (0.0860)	MAE 0.392 (0.381)
Epoch: [19][103/114]	Time 0.108 (0.112)	Data 0.018 (0.021)	Loss 0.0769 (0.0859)	MAE 0.390 (0.381)
Epoch: [19][104/114]	Time 0.108 (0.112)	Data 0.018 (0.021)	Loss 0.0784 (0.0858)	MAE 0.363 (0.381)
Epoch: [19][105/114]	Time 0.112 (0.112)	Data 0.018 (0.021)	Loss 0.1112 (0.0861)	MAE 0.428 (0.381)
Epoch: [19][106/114]	Time 0.114 (0.112)	Data 0.020 (0.021)	Loss 0.0776 (0.0860)	MAE 0.382 (0.381)
Epoch: [19][107/114]	Time 0.108 (0.112)	Data 0.012 (0.021)	Loss 0.0696 (0.0858)	MAE 0.354 (0.381)
Epoch: [19][108/114]	Time 0.125 (0.112)	Data 0.028 (0.021)	Loss 0.0965 (0.0859)	MAE 0.418 (0.381)
Epoch: [19][109/114]	Time 0.108 (0.112)	Data 0.014 (0.021)	Loss 0.1061 (0.0861)	MAE 0.470 (0.382)
Epoch: [19][110/114]	Time 0.115 (0.112)	Data 0.021 (0.021)	Loss 0.0920 (0.0862)	MAE 0.401 (0.382)
Epoch: [19][111/114]	Time 0.110 (0.112)	Data 0.016 (0.021)	Loss 0.0889 (0.0862)	MAE 0.382 (0.382)
Epoch: [19][112/114]	Time 0.123 (0.112)	Data 0.026 (0.021)	Loss 0.0643 (0.0860)	MAE 0.330 (0.382)
Epoch: [19][113/114]	Time 0.090 (0.112)	Data 0.029 (0.021)	Loss 0.1035 (0.0861)	MAE 0.386 (0.382)
Test: [0/15]	Time 0.058 (0.058)	Loss 0.0835 (0.0835)	MAE 0.376 (0.376)
Test: [1/15]	Time 0.049 (0.053)	Loss 0.0912 (0.0873)	MAE 0.414 (0.395)
Test: [2/15]	Time 0.045 (0.051)	Loss 0.0888 (0.0878)	MAE 0.389 (0.393)
Test: [3/15]	Time 0.064 (0.054)	Loss 0.0891 (0.0881)	MAE 0.411 (0.398)
Test: [4/15]	Time 0.047 (0.053)	Loss 0.0989 (0.0903)	MAE 0.403 (0.399)
Test: [5/15]	Time 0.059 (0.054)	Loss 0.0820 (0.0889)	MAE 0.394 (0.398)
Test: [6/15]	Time 0.046 (0.053)	Loss 0.0916 (0.0893)	MAE 0.403 (0.398)
Test: [7/15]	Time 0.046 (0.052)	Loss 0.0767 (0.0877)	MAE 0.388 (0.397)
Test: [8/15]	Time 0.048 (0.051)	Loss 0.0908 (0.0881)	MAE 0.412 (0.399)
Test: [9/15]	Time 0.045 (0.051)	Loss 0.0882 (0.0881)	MAE 0.398 (0.399)
Test: [10/15]	Time 0.051 (0.051)	Loss 0.0895 (0.0882)	MAE 0.406 (0.399)
Test: [11/15]	Time 0.044 (0.050)	Loss 0.0947 (0.0888)	MAE 0.379 (0.398)
Test: [12/15]	Time 0.049 (0.050)	Loss 0.0732 (0.0876)	MAE 0.373 (0.396)
Test: [13/15]	Time 0.043 (0.050)	Loss 0.0970 (0.0882)	MAE 0.403 (0.396)
Test: [14/15]	Time 0.015 (0.047)	Loss 0.1573 (0.0892)	MAE 0.397 (0.396)
 * MAE 0.396
Epoch: [20][0/114]	Time 0.154 (0.154)	Data 0.063 (0.063)	Loss 0.1061 (0.1061)	MAE 0.453 (0.453)
Epoch: [20][1/114]	Time 0.097 (0.126)	Data 0.016 (0.039)	Loss 0.0732 (0.0896)	MAE 0.377 (0.415)
Epoch: [20][2/114]	Time 0.113 (0.121)	Data 0.018 (0.032)	Loss 0.0820 (0.0871)	MAE 0.428 (0.419)
Epoch: [20][3/114]	Time 0.106 (0.118)	Data 0.014 (0.028)	Loss 0.0945 (0.0889)	MAE 0.408 (0.416)
Epoch: [20][4/114]	Time 0.111 (0.116)	Data 0.018 (0.026)	Loss 0.1146 (0.0941)	MAE 0.471 (0.427)
Epoch: [20][5/114]	Time 0.107 (0.115)	Data 0.018 (0.024)	Loss 0.0863 (0.0928)	MAE 0.401 (0.423)
Epoch: [20][6/114]	Time 0.111 (0.114)	Data 0.020 (0.024)	Loss 0.0921 (0.0927)	MAE 0.418 (0.422)
Epoch: [20][7/114]	Time 0.114 (0.114)	Data 0.019 (0.023)	Loss 0.0843 (0.0916)	MAE 0.386 (0.418)
Epoch: [20][8/114]	Time 0.117 (0.115)	Data 0.025 (0.023)	Loss 0.0895 (0.0914)	MAE 0.448 (0.421)
Epoch: [20][9/114]	Time 0.111 (0.114)	Data 0.019 (0.023)	Loss 0.0662 (0.0889)	MAE 0.350 (0.414)
Epoch: [20][10/114]	Time 0.112 (0.114)	Data 0.021 (0.023)	Loss 0.0708 (0.0872)	MAE 0.338 (0.407)
Epoch: [20][11/114]	Time 0.118 (0.114)	Data 0.028 (0.023)	Loss 0.0808 (0.0867)	MAE 0.370 (0.404)
Epoch: [20][12/114]	Time 0.109 (0.114)	Data 0.017 (0.023)	Loss 0.0714 (0.0855)	MAE 0.349 (0.400)
Epoch: [20][13/114]	Time 0.103 (0.113)	Data 0.015 (0.022)	Loss 0.0619 (0.0838)	MAE 0.326 (0.394)
Epoch: [20][14/114]	Time 0.120 (0.114)	Data 0.023 (0.022)	Loss 0.0820 (0.0837)	MAE 0.433 (0.397)
Epoch: [20][15/114]	Time 0.113 (0.114)	Data 0.020 (0.022)	Loss 0.0940 (0.0843)	MAE 0.424 (0.399)
Epoch: [20][16/114]	Time 0.109 (0.113)	Data 0.021 (0.022)	Loss 0.1064 (0.0856)	MAE 0.428 (0.400)
Epoch: [20][17/114]	Time 0.109 (0.113)	Data 0.020 (0.022)	Loss 0.0887 (0.0858)	MAE 0.387 (0.400)
Epoch: [20][18/114]	Time 0.112 (0.113)	Data 0.022 (0.022)	Loss 0.0695 (0.0850)	MAE 0.326 (0.396)
Epoch: [20][19/114]	Time 0.113 (0.113)	Data 0.021 (0.022)	Loss 0.0705 (0.0842)	MAE 0.357 (0.394)
Epoch: [20][20/114]	Time 0.106 (0.113)	Data 0.017 (0.022)	Loss 0.0781 (0.0839)	MAE 0.377 (0.393)
Epoch: [20][21/114]	Time 0.112 (0.113)	Data 0.019 (0.022)	Loss 0.0761 (0.0836)	MAE 0.371 (0.392)
Epoch: [20][22/114]	Time 0.120 (0.113)	Data 0.027 (0.022)	Loss 0.0607 (0.0826)	MAE 0.329 (0.389)
Epoch: [20][23/114]	Time 0.110 (0.113)	Data 0.020 (0.022)	Loss 0.1002 (0.0833)	MAE 0.350 (0.388)
Epoch: [20][24/114]	Time 0.120 (0.113)	Data 0.025 (0.022)	Loss 0.0683 (0.0827)	MAE 0.344 (0.386)
Epoch: [20][25/114]	Time 0.102 (0.113)	Data 0.011 (0.021)	Loss 0.0634 (0.0820)	MAE 0.319 (0.383)
Epoch: [20][26/114]	Time 0.129 (0.113)	Data 0.028 (0.022)	Loss 0.0948 (0.0825)	MAE 0.435 (0.385)
Epoch: [20][27/114]	Time 0.114 (0.113)	Data 0.016 (0.021)	Loss 0.0833 (0.0825)	MAE 0.379 (0.385)
Epoch: [20][28/114]	Time 0.129 (0.114)	Data 0.037 (0.022)	Loss 0.0803 (0.0824)	MAE 0.383 (0.385)
Epoch: [20][29/114]	Time 0.120 (0.114)	Data 0.027 (0.022)	Loss 0.0776 (0.0822)	MAE 0.340 (0.383)
Epoch: [20][30/114]	Time 0.121 (0.114)	Data 0.026 (0.022)	Loss 0.0793 (0.0822)	MAE 0.345 (0.382)
Epoch: [20][31/114]	Time 0.108 (0.114)	Data 0.020 (0.022)	Loss 0.1049 (0.0829)	MAE 0.410 (0.383)
Epoch: [20][32/114]	Time 0.120 (0.114)	Data 0.023 (0.022)	Loss 0.0787 (0.0827)	MAE 0.371 (0.383)
Epoch: [20][33/114]	Time 0.104 (0.114)	Data 0.013 (0.022)	Loss 0.0791 (0.0826)	MAE 0.368 (0.382)
Epoch: [20][34/114]	Time 0.129 (0.114)	Data 0.033 (0.022)	Loss 0.0961 (0.0830)	MAE 0.373 (0.382)
Epoch: [20][35/114]	Time 0.101 (0.114)	Data 0.014 (0.022)	Loss 0.0783 (0.0829)	MAE 0.382 (0.382)
Epoch: [20][36/114]	Time 0.117 (0.114)	Data 0.025 (0.022)	Loss 0.1050 (0.0835)	MAE 0.436 (0.383)
Epoch: [20][37/114]	Time 0.119 (0.114)	Data 0.024 (0.022)	Loss 0.0879 (0.0836)	MAE 0.395 (0.384)
Epoch: [20][38/114]	Time 0.117 (0.114)	Data 0.025 (0.022)	Loss 0.0785 (0.0835)	MAE 0.394 (0.384)
Epoch: [20][39/114]	Time 0.112 (0.114)	Data 0.021 (0.022)	Loss 0.0716 (0.0832)	MAE 0.326 (0.383)
Epoch: [20][40/114]	Time 0.107 (0.114)	Data 0.018 (0.022)	Loss 0.0746 (0.0830)	MAE 0.344 (0.382)
Epoch: [20][41/114]	Time 0.110 (0.114)	Data 0.020 (0.022)	Loss 0.0897 (0.0831)	MAE 0.364 (0.381)
Epoch: [20][42/114]	Time 0.113 (0.114)	Data 0.021 (0.022)	Loss 0.1006 (0.0835)	MAE 0.435 (0.382)
Epoch: [20][43/114]	Time 0.105 (0.114)	Data 0.018 (0.022)	Loss 0.0647 (0.0831)	MAE 0.330 (0.381)
Epoch: [20][44/114]	Time 0.114 (0.114)	Data 0.023 (0.022)	Loss 0.0950 (0.0834)	MAE 0.419 (0.382)
Epoch: [20][45/114]	Time 0.112 (0.114)	Data 0.018 (0.022)	Loss 0.0654 (0.0830)	MAE 0.335 (0.381)
Epoch: [20][46/114]	Time 0.121 (0.114)	Data 0.026 (0.022)	Loss 0.0638 (0.0826)	MAE 0.347 (0.380)
Epoch: [20][47/114]	Time 0.104 (0.114)	Data 0.016 (0.022)	Loss 0.0918 (0.0828)	MAE 0.388 (0.381)
Epoch: [20][48/114]	Time 0.112 (0.114)	Data 0.022 (0.022)	Loss 0.0837 (0.0828)	MAE 0.368 (0.380)
Epoch: [20][49/114]	Time 0.117 (0.114)	Data 0.024 (0.022)	Loss 0.0967 (0.0831)	MAE 0.399 (0.381)
Epoch: [20][50/114]	Time 0.116 (0.114)	Data 0.026 (0.022)	Loss 0.0793 (0.0830)	MAE 0.337 (0.380)
Epoch: [20][51/114]	Time 0.099 (0.114)	Data 0.012 (0.022)	Loss 0.1014 (0.0833)	MAE 0.394 (0.380)
Epoch: [20][52/114]	Time 0.113 (0.114)	Data 0.023 (0.022)	Loss 0.0922 (0.0835)	MAE 0.394 (0.380)
Epoch: [20][53/114]	Time 0.114 (0.114)	Data 0.019 (0.022)	Loss 0.0883 (0.0836)	MAE 0.392 (0.381)
Epoch: [20][54/114]	Time 0.118 (0.114)	Data 0.028 (0.022)	Loss 0.0781 (0.0835)	MAE 0.342 (0.380)
Epoch: [20][55/114]	Time 0.114 (0.114)	Data 0.022 (0.022)	Loss 0.0963 (0.0837)	MAE 0.412 (0.380)
Epoch: [20][56/114]	Time 0.108 (0.113)	Data 0.018 (0.022)	Loss 0.0772 (0.0836)	MAE 0.358 (0.380)
Epoch: [20][57/114]	Time 0.105 (0.113)	Data 0.017 (0.022)	Loss 0.0778 (0.0835)	MAE 0.376 (0.380)
Epoch: [20][58/114]	Time 0.120 (0.113)	Data 0.024 (0.022)	Loss 0.0775 (0.0834)	MAE 0.346 (0.379)
Epoch: [20][59/114]	Time 0.100 (0.113)	Data 0.013 (0.022)	Loss 0.1058 (0.0838)	MAE 0.355 (0.379)
Epoch: [20][60/114]	Time 0.110 (0.113)	Data 0.022 (0.022)	Loss 0.0725 (0.0836)	MAE 0.357 (0.379)
Epoch: [20][61/114]	Time 0.111 (0.113)	Data 0.019 (0.022)	Loss 0.0735 (0.0834)	MAE 0.347 (0.378)
Epoch: [20][62/114]	Time 0.117 (0.113)	Data 0.022 (0.022)	Loss 0.0691 (0.0832)	MAE 0.346 (0.378)
Epoch: [20][63/114]	Time 0.104 (0.113)	Data 0.014 (0.021)	Loss 0.0921 (0.0833)	MAE 0.387 (0.378)
Epoch: [20][64/114]	Time 0.111 (0.113)	Data 0.022 (0.021)	Loss 0.0864 (0.0834)	MAE 0.373 (0.378)
Epoch: [20][65/114]	Time 0.121 (0.113)	Data 0.021 (0.021)	Loss 0.0837 (0.0834)	MAE 0.356 (0.377)
Epoch: [20][66/114]	Time 0.123 (0.113)	Data 0.028 (0.022)	Loss 0.0902 (0.0835)	MAE 0.377 (0.377)
Epoch: [20][67/114]	Time 0.105 (0.113)	Data 0.013 (0.021)	Loss 0.0617 (0.0832)	MAE 0.329 (0.377)
Epoch: [20][68/114]	Time 0.110 (0.113)	Data 0.021 (0.021)	Loss 0.0770 (0.0831)	MAE 0.347 (0.376)
Epoch: [20][69/114]	Time 0.118 (0.113)	Data 0.025 (0.022)	Loss 0.0693 (0.0829)	MAE 0.335 (0.376)
Epoch: [20][70/114]	Time 0.117 (0.113)	Data 0.027 (0.022)	Loss 0.0940 (0.0830)	MAE 0.389 (0.376)
Epoch: [20][71/114]	Time 0.110 (0.113)	Data 0.021 (0.022)	Loss 0.1093 (0.0834)	MAE 0.454 (0.377)
Epoch: [20][72/114]	Time 0.132 (0.113)	Data 0.027 (0.022)	Loss 0.0966 (0.0836)	MAE 0.440 (0.378)
Epoch: [20][73/114]	Time 0.113 (0.113)	Data 0.022 (0.022)	Loss 0.0773 (0.0835)	MAE 0.356 (0.377)
Epoch: [20][74/114]	Time 0.119 (0.114)	Data 0.021 (0.022)	Loss 0.0758 (0.0834)	MAE 0.345 (0.377)
Epoch: [20][75/114]	Time 0.108 (0.113)	Data 0.018 (0.022)	Loss 0.0851 (0.0834)	MAE 0.357 (0.377)
Epoch: [20][76/114]	Time 0.116 (0.114)	Data 0.019 (0.022)	Loss 0.1026 (0.0837)	MAE 0.412 (0.377)
Epoch: [20][77/114]	Time 0.104 (0.113)	Data 0.014 (0.021)	Loss 0.0991 (0.0839)	MAE 0.391 (0.377)
Epoch: [20][78/114]	Time 0.112 (0.113)	Data 0.020 (0.021)	Loss 0.0627 (0.0836)	MAE 0.327 (0.377)
Epoch: [20][79/114]	Time 0.106 (0.113)	Data 0.013 (0.021)	Loss 0.0665 (0.0834)	MAE 0.342 (0.376)
Epoch: [20][80/114]	Time 0.107 (0.113)	Data 0.018 (0.021)	Loss 0.0818 (0.0834)	MAE 0.379 (0.376)
Epoch: [20][81/114]	Time 0.111 (0.113)	Data 0.021 (0.021)	Loss 0.0760 (0.0833)	MAE 0.366 (0.376)
Epoch: [20][82/114]	Time 0.111 (0.113)	Data 0.022 (0.021)	Loss 0.0733 (0.0832)	MAE 0.338 (0.376)
Epoch: [20][83/114]	Time 0.105 (0.113)	Data 0.016 (0.021)	Loss 0.0649 (0.0829)	MAE 0.331 (0.375)
Epoch: [20][84/114]	Time 0.116 (0.113)	Data 0.024 (0.021)	Loss 0.0893 (0.0830)	MAE 0.401 (0.376)
Epoch: [20][85/114]	Time 0.110 (0.113)	Data 0.015 (0.021)	Loss 0.0719 (0.0829)	MAE 0.361 (0.375)
Epoch: [20][86/114]	Time 0.113 (0.113)	Data 0.024 (0.021)	Loss 0.0811 (0.0829)	MAE 0.406 (0.376)
Epoch: [20][87/114]	Time 0.108 (0.113)	Data 0.016 (0.021)	Loss 0.0686 (0.0827)	MAE 0.349 (0.375)
Epoch: [20][88/114]	Time 0.115 (0.113)	Data 0.021 (0.021)	Loss 0.0656 (0.0825)	MAE 0.345 (0.375)
Epoch: [20][89/114]	Time 0.121 (0.113)	Data 0.028 (0.021)	Loss 0.0756 (0.0824)	MAE 0.353 (0.375)
Epoch: [20][90/114]	Time 0.106 (0.113)	Data 0.021 (0.021)	Loss 0.0742 (0.0823)	MAE 0.342 (0.374)
Epoch: [20][91/114]	Time 0.118 (0.113)	Data 0.023 (0.021)	Loss 0.0688 (0.0822)	MAE 0.339 (0.374)
Epoch: [20][92/114]	Time 0.117 (0.113)	Data 0.018 (0.021)	Loss 0.0736 (0.0821)	MAE 0.336 (0.374)
Epoch: [20][93/114]	Time 0.106 (0.113)	Data 0.016 (0.021)	Loss 0.0907 (0.0822)	MAE 0.376 (0.374)
Epoch: [20][94/114]	Time 0.110 (0.113)	Data 0.022 (0.021)	Loss 0.0886 (0.0823)	MAE 0.361 (0.374)
Epoch: [20][95/114]	Time 0.097 (0.113)	Data 0.014 (0.021)	Loss 0.0816 (0.0823)	MAE 0.360 (0.373)
Epoch: [20][96/114]	Time 0.115 (0.113)	Data 0.020 (0.021)	Loss 0.0746 (0.0822)	MAE 0.369 (0.373)
Epoch: [20][97/114]	Time 0.108 (0.113)	Data 0.017 (0.021)	Loss 0.0903 (0.0823)	MAE 0.370 (0.373)
Epoch: [20][98/114]	Time 0.117 (0.113)	Data 0.022 (0.021)	Loss 0.0812 (0.0823)	MAE 0.340 (0.373)
Epoch: [20][99/114]	Time 0.101 (0.113)	Data 0.015 (0.021)	Loss 0.0821 (0.0822)	MAE 0.356 (0.373)
Epoch: [20][100/114]	Time 0.115 (0.113)	Data 0.025 (0.021)	Loss 0.0788 (0.0822)	MAE 0.345 (0.373)
Epoch: [20][101/114]	Time 0.115 (0.113)	Data 0.022 (0.021)	Loss 0.1159 (0.0825)	MAE 0.478 (0.374)
Epoch: [20][102/114]	Time 0.108 (0.113)	Data 0.017 (0.021)	Loss 0.1097 (0.0828)	MAE 0.432 (0.374)
Epoch: [20][103/114]	Time 0.109 (0.113)	Data 0.018 (0.021)	Loss 0.0746 (0.0827)	MAE 0.352 (0.374)
Epoch: [20][104/114]	Time 0.121 (0.113)	Data 0.027 (0.021)	Loss 0.0842 (0.0827)	MAE 0.346 (0.374)
Epoch: [20][105/114]	Time 0.109 (0.113)	Data 0.013 (0.021)	Loss 0.0771 (0.0827)	MAE 0.339 (0.373)
Epoch: [20][106/114]	Time 0.129 (0.113)	Data 0.030 (0.021)	Loss 0.0879 (0.0827)	MAE 0.387 (0.373)
Epoch: [20][107/114]	Time 0.105 (0.113)	Data 0.013 (0.021)	Loss 0.0766 (0.0827)	MAE 0.338 (0.373)
Epoch: [20][108/114]	Time 0.114 (0.113)	Data 0.024 (0.021)	Loss 0.0716 (0.0826)	MAE 0.338 (0.373)
Epoch: [20][109/114]	Time 0.103 (0.113)	Data 0.015 (0.021)	Loss 0.0656 (0.0824)	MAE 0.344 (0.373)
Epoch: [20][110/114]	Time 0.108 (0.113)	Data 0.019 (0.021)	Loss 0.0876 (0.0825)	MAE 0.383 (0.373)
Epoch: [20][111/114]	Time 0.111 (0.113)	Data 0.020 (0.021)	Loss 0.0810 (0.0825)	MAE 0.344 (0.372)
Epoch: [20][112/114]	Time 0.122 (0.113)	Data 0.028 (0.021)	Loss 0.0805 (0.0824)	MAE 0.372 (0.372)
Epoch: [20][113/114]	Time 0.089 (0.113)	Data 0.023 (0.021)	Loss 0.0789 (0.0824)	MAE 0.370 (0.372)
Test: [0/15]	Time 0.052 (0.052)	Loss 0.0980 (0.0980)	MAE 0.411 (0.411)
Test: [1/15]	Time 0.045 (0.048)	Loss 0.0822 (0.0901)	MAE 0.386 (0.398)
Test: [2/15]	Time 0.051 (0.049)	Loss 0.0882 (0.0894)	MAE 0.409 (0.402)
Test: [3/15]	Time 0.047 (0.049)	Loss 0.1067 (0.0938)	MAE 0.421 (0.407)
Test: [4/15]	Time 0.041 (0.047)	Loss 0.1139 (0.0978)	MAE 0.438 (0.413)
Test: [5/15]	Time 0.050 (0.048)	Loss 0.0977 (0.0978)	MAE 0.417 (0.414)
Test: [6/15]	Time 0.046 (0.047)	Loss 0.0997 (0.0981)	MAE 0.409 (0.413)
Test: [7/15]	Time 0.044 (0.047)	Loss 0.0910 (0.0972)	MAE 0.409 (0.413)
Test: [8/15]	Time 0.049 (0.047)	Loss 0.1058 (0.0981)	MAE 0.416 (0.413)
Test: [9/15]	Time 0.042 (0.047)	Loss 0.0880 (0.0971)	MAE 0.393 (0.411)
Test: [10/15]	Time 0.041 (0.046)	Loss 0.1113 (0.0984)	MAE 0.439 (0.413)
Test: [11/15]	Time 0.041 (0.046)	Loss 0.1058 (0.0990)	MAE 0.453 (0.417)
Test: [12/15]	Time 0.044 (0.046)	Loss 0.0820 (0.0977)	MAE 0.373 (0.413)
Test: [13/15]	Time 0.046 (0.046)	Loss 0.0898 (0.0971)	MAE 0.402 (0.413)
Test: [14/15]	Time 0.015 (0.044)	Loss 0.0821 (0.0969)	MAE 0.387 (0.412)
 * MAE 0.412
Epoch: [21][0/114]	Time 0.150 (0.150)	Data 0.058 (0.058)	Loss 0.0702 (0.0702)	MAE 0.364 (0.364)
Epoch: [21][1/114]	Time 0.109 (0.129)	Data 0.018 (0.038)	Loss 0.0752 (0.0727)	MAE 0.351 (0.358)
Epoch: [21][2/114]	Time 0.105 (0.121)	Data 0.015 (0.030)	Loss 0.0731 (0.0728)	MAE 0.368 (0.361)
Epoch: [21][3/114]	Time 0.113 (0.119)	Data 0.022 (0.028)	Loss 0.0707 (0.0723)	MAE 0.351 (0.359)
Epoch: [21][4/114]	Time 0.112 (0.118)	Data 0.019 (0.027)	Loss 0.0987 (0.0776)	MAE 0.452 (0.377)
Epoch: [21][5/114]	Time 0.123 (0.119)	Data 0.019 (0.025)	Loss 0.0723 (0.0767)	MAE 0.347 (0.372)
Epoch: [21][6/114]	Time 0.110 (0.117)	Data 0.021 (0.025)	Loss 0.0829 (0.0776)	MAE 0.359 (0.370)
Epoch: [21][7/114]	Time 0.123 (0.118)	Data 0.029 (0.025)	Loss 0.0751 (0.0773)	MAE 0.337 (0.366)
Epoch: [21][8/114]	Time 0.122 (0.118)	Data 0.032 (0.026)	Loss 0.0959 (0.0794)	MAE 0.387 (0.369)
Epoch: [21][9/114]	Time 0.116 (0.118)	Data 0.026 (0.026)	Loss 0.0672 (0.0781)	MAE 0.337 (0.365)
Epoch: [21][10/114]	Time 0.112 (0.118)	Data 0.020 (0.025)	Loss 0.0998 (0.0801)	MAE 0.393 (0.368)
Epoch: [21][11/114]	Time 0.116 (0.117)	Data 0.019 (0.025)	Loss 0.0703 (0.0793)	MAE 0.348 (0.366)
Epoch: [21][12/114]	Time 0.113 (0.117)	Data 0.018 (0.024)	Loss 0.0652 (0.0782)	MAE 0.355 (0.365)
Epoch: [21][13/114]	Time 0.111 (0.117)	Data 0.022 (0.024)	Loss 0.0817 (0.0785)	MAE 0.346 (0.364)
Epoch: [21][14/114]	Time 0.108 (0.116)	Data 0.017 (0.024)	Loss 0.0785 (0.0785)	MAE 0.350 (0.363)
Epoch: [21][15/114]	Time 0.118 (0.116)	Data 0.022 (0.024)	Loss 0.0815 (0.0787)	MAE 0.368 (0.363)
Epoch: [21][16/114]	Time 0.097 (0.115)	Data 0.015 (0.023)	Loss 0.0628 (0.0777)	MAE 0.352 (0.363)
Epoch: [21][17/114]	Time 0.105 (0.115)	Data 0.015 (0.023)	Loss 0.0691 (0.0772)	MAE 0.361 (0.363)
Epoch: [21][18/114]	Time 0.107 (0.114)	Data 0.019 (0.022)	Loss 0.1021 (0.0785)	MAE 0.444 (0.367)
Epoch: [21][19/114]	Time 0.114 (0.114)	Data 0.023 (0.023)	Loss 0.0677 (0.0780)	MAE 0.356 (0.366)
Epoch: [21][20/114]	Time 0.104 (0.114)	Data 0.015 (0.022)	Loss 0.0714 (0.0777)	MAE 0.338 (0.365)
Epoch: [21][21/114]	Time 0.109 (0.113)	Data 0.022 (0.022)	Loss 0.0732 (0.0775)	MAE 0.354 (0.365)
Epoch: [21][22/114]	Time 0.107 (0.113)	Data 0.019 (0.022)	Loss 0.0801 (0.0776)	MAE 0.350 (0.364)
Epoch: [21][23/114]	Time 0.110 (0.113)	Data 0.023 (0.022)	Loss 0.0815 (0.0778)	MAE 0.350 (0.363)
Epoch: [21][24/114]	Time 0.110 (0.113)	Data 0.015 (0.022)	Loss 0.0790 (0.0778)	MAE 0.360 (0.363)
Epoch: [21][25/114]	Time 0.116 (0.113)	Data 0.020 (0.022)	Loss 0.0871 (0.0782)	MAE 0.407 (0.365)
Epoch: [21][26/114]	Time 0.111 (0.113)	Data 0.020 (0.022)	Loss 0.0796 (0.0782)	MAE 0.374 (0.365)
Epoch: [21][27/114]	Time 0.113 (0.113)	Data 0.024 (0.022)	Loss 0.0689 (0.0779)	MAE 0.337 (0.364)
Epoch: [21][28/114]	Time 0.120 (0.113)	Data 0.030 (0.022)	Loss 0.1026 (0.0787)	MAE 0.413 (0.366)
Epoch: [21][29/114]	Time 0.129 (0.114)	Data 0.038 (0.023)	Loss 0.0895 (0.0791)	MAE 0.377 (0.366)
Epoch: [21][30/114]	Time 0.108 (0.114)	Data 0.019 (0.022)	Loss 0.0772 (0.0790)	MAE 0.352 (0.366)
Epoch: [21][31/114]	Time 0.123 (0.114)	Data 0.026 (0.023)	Loss 0.0773 (0.0790)	MAE 0.367 (0.366)
Epoch: [21][32/114]	Time 0.111 (0.114)	Data 0.020 (0.022)	Loss 0.1054 (0.0798)	MAE 0.379 (0.366)
Epoch: [21][33/114]	Time 0.107 (0.114)	Data 0.018 (0.022)	Loss 0.0734 (0.0796)	MAE 0.355 (0.366)
Epoch: [21][34/114]	Time 0.106 (0.113)	Data 0.013 (0.022)	Loss 0.0776 (0.0795)	MAE 0.355 (0.366)
Epoch: [21][35/114]	Time 0.113 (0.113)	Data 0.023 (0.022)	Loss 0.0901 (0.0798)	MAE 0.371 (0.366)
Epoch: [21][36/114]	Time 0.102 (0.113)	Data 0.013 (0.022)	Loss 0.0663 (0.0795)	MAE 0.350 (0.365)
Epoch: [21][37/114]	Time 0.107 (0.113)	Data 0.020 (0.022)	Loss 0.0820 (0.0795)	MAE 0.350 (0.365)
Epoch: [21][38/114]	Time 0.105 (0.113)	Data 0.018 (0.022)	Loss 0.0786 (0.0795)	MAE 0.372 (0.365)
Epoch: [21][39/114]	Time 0.107 (0.113)	Data 0.019 (0.022)	Loss 0.0715 (0.0793)	MAE 0.342 (0.364)
Epoch: [21][40/114]	Time 0.105 (0.112)	Data 0.018 (0.022)	Loss 0.0804 (0.0793)	MAE 0.354 (0.364)
Epoch: [21][41/114]	Time 0.111 (0.112)	Data 0.023 (0.022)	Loss 0.0904 (0.0796)	MAE 0.374 (0.364)
Epoch: [21][42/114]	Time 0.110 (0.112)	Data 0.014 (0.021)	Loss 0.0638 (0.0792)	MAE 0.331 (0.364)
Epoch: [21][43/114]	Time 0.108 (0.112)	Data 0.020 (0.021)	Loss 0.0689 (0.0790)	MAE 0.345 (0.363)
Epoch: [21][44/114]	Time 0.111 (0.112)	Data 0.015 (0.021)	Loss 0.0667 (0.0787)	MAE 0.365 (0.363)
Epoch: [21][45/114]	Time 0.133 (0.113)	Data 0.037 (0.022)	Loss 0.0875 (0.0789)	MAE 0.365 (0.363)
Epoch: [21][46/114]	Time 0.109 (0.113)	Data 0.020 (0.022)	Loss 0.0758 (0.0788)	MAE 0.388 (0.364)
Epoch: [21][47/114]	Time 0.127 (0.113)	Data 0.031 (0.022)	Loss 0.0745 (0.0788)	MAE 0.367 (0.364)
Epoch: [21][48/114]	Time 0.106 (0.113)	Data 0.018 (0.022)	Loss 0.0717 (0.0786)	MAE 0.377 (0.364)
Epoch: [21][49/114]	Time 0.121 (0.113)	Data 0.033 (0.022)	Loss 0.0592 (0.0782)	MAE 0.314 (0.363)
Epoch: [21][50/114]	Time 0.117 (0.113)	Data 0.021 (0.022)	Loss 0.0767 (0.0782)	MAE 0.335 (0.363)
Epoch: [21][51/114]	Time 0.126 (0.113)	Data 0.035 (0.022)	Loss 0.0689 (0.0780)	MAE 0.354 (0.362)
Epoch: [21][52/114]	Time 0.105 (0.113)	Data 0.017 (0.022)	Loss 0.0779 (0.0780)	MAE 0.388 (0.363)
Epoch: [21][53/114]	Time 0.111 (0.113)	Data 0.023 (0.022)	Loss 0.0910 (0.0783)	MAE 0.395 (0.364)
Epoch: [21][54/114]	Time 0.108 (0.113)	Data 0.017 (0.022)	Loss 0.0791 (0.0783)	MAE 0.353 (0.363)
Epoch: [21][55/114]	Time 0.110 (0.113)	Data 0.021 (0.022)	Loss 0.0719 (0.0782)	MAE 0.346 (0.363)
Epoch: [21][56/114]	Time 0.107 (0.113)	Data 0.020 (0.022)	Loss 0.0802 (0.0782)	MAE 0.337 (0.363)
Epoch: [21][57/114]	Time 0.112 (0.113)	Data 0.023 (0.022)	Loss 0.1001 (0.0786)	MAE 0.406 (0.363)
Epoch: [21][58/114]	Time 0.114 (0.113)	Data 0.020 (0.022)	Loss 0.0874 (0.0787)	MAE 0.408 (0.364)
Epoch: [21][59/114]	Time 0.108 (0.113)	Data 0.017 (0.022)	Loss 0.0711 (0.0786)	MAE 0.345 (0.364)
Epoch: [21][60/114]	Time 0.106 (0.113)	Data 0.018 (0.022)	Loss 0.0671 (0.0784)	MAE 0.355 (0.364)
Epoch: [21][61/114]	Time 0.111 (0.113)	Data 0.021 (0.022)	Loss 0.0885 (0.0786)	MAE 0.383 (0.364)
Epoch: [21][62/114]	Time 0.105 (0.112)	Data 0.017 (0.022)	Loss 0.0791 (0.0786)	MAE 0.355 (0.364)
Epoch: [21][63/114]	Time 0.113 (0.112)	Data 0.020 (0.022)	Loss 0.1054 (0.0790)	MAE 0.399 (0.364)
Epoch: [21][64/114]	Time 0.111 (0.112)	Data 0.017 (0.022)	Loss 0.0800 (0.0790)	MAE 0.373 (0.365)
Epoch: [21][65/114]	Time 0.113 (0.112)	Data 0.018 (0.021)	Loss 0.0698 (0.0789)	MAE 0.325 (0.364)
Epoch: [21][66/114]	Time 0.123 (0.113)	Data 0.029 (0.022)	Loss 0.0808 (0.0789)	MAE 0.367 (0.364)
Epoch: [21][67/114]	Time 0.118 (0.113)	Data 0.020 (0.022)	Loss 0.0957 (0.0791)	MAE 0.397 (0.364)
Epoch: [21][68/114]	Time 0.103 (0.113)	Data 0.013 (0.021)	Loss 0.0855 (0.0792)	MAE 0.373 (0.365)
Epoch: [21][69/114]	Time 0.112 (0.113)	Data 0.022 (0.021)	Loss 0.0804 (0.0793)	MAE 0.372 (0.365)
Epoch: [21][70/114]	Time 0.114 (0.113)	Data 0.019 (0.021)	Loss 0.0919 (0.0794)	MAE 0.426 (0.366)
Epoch: [21][71/114]	Time 0.130 (0.113)	Data 0.030 (0.022)	Loss 0.1038 (0.0798)	MAE 0.386 (0.366)
Epoch: [21][72/114]	Time 0.108 (0.113)	Data 0.015 (0.021)	Loss 0.0806 (0.0798)	MAE 0.339 (0.365)
Epoch: [21][73/114]	Time 0.109 (0.113)	Data 0.019 (0.021)	Loss 0.0796 (0.0798)	MAE 0.373 (0.366)
Epoch: [21][74/114]	Time 0.098 (0.112)	Data 0.013 (0.021)	Loss 0.1060 (0.0801)	MAE 0.413 (0.366)
Epoch: [21][75/114]	Time 0.114 (0.113)	Data 0.021 (0.021)	Loss 0.0651 (0.0799)	MAE 0.317 (0.366)
Epoch: [21][76/114]	Time 0.110 (0.112)	Data 0.020 (0.021)	Loss 0.0670 (0.0798)	MAE 0.319 (0.365)
Epoch: [21][77/114]	Time 0.112 (0.112)	Data 0.022 (0.021)	Loss 0.0979 (0.0800)	MAE 0.385 (0.365)
Epoch: [21][78/114]	Time 0.106 (0.112)	Data 0.018 (0.021)	Loss 0.0679 (0.0798)	MAE 0.342 (0.365)
Epoch: [21][79/114]	Time 0.110 (0.112)	Data 0.020 (0.021)	Loss 0.0859 (0.0799)	MAE 0.383 (0.365)
Epoch: [21][80/114]	Time 0.110 (0.112)	Data 0.018 (0.021)	Loss 0.0723 (0.0798)	MAE 0.351 (0.365)
Epoch: [21][81/114]	Time 0.115 (0.112)	Data 0.027 (0.021)	Loss 0.0679 (0.0797)	MAE 0.333 (0.365)
Epoch: [21][82/114]	Time 0.112 (0.112)	Data 0.020 (0.021)	Loss 0.0909 (0.0798)	MAE 0.371 (0.365)
Epoch: [21][83/114]	Time 0.111 (0.112)	Data 0.020 (0.021)	Loss 0.0716 (0.0797)	MAE 0.340 (0.364)
Epoch: [21][84/114]	Time 0.114 (0.112)	Data 0.016 (0.021)	Loss 0.0643 (0.0795)	MAE 0.323 (0.364)
Epoch: [21][85/114]	Time 0.122 (0.112)	Data 0.027 (0.021)	Loss 0.0612 (0.0793)	MAE 0.320 (0.363)
Epoch: [21][86/114]	Time 0.112 (0.112)	Data 0.017 (0.021)	Loss 0.1010 (0.0796)	MAE 0.385 (0.364)
Epoch: [21][87/114]	Time 0.112 (0.112)	Data 0.021 (0.021)	Loss 0.0866 (0.0797)	MAE 0.348 (0.363)
Epoch: [21][88/114]	Time 0.114 (0.112)	Data 0.023 (0.021)	Loss 0.0912 (0.0798)	MAE 0.360 (0.363)
Epoch: [21][89/114]	Time 0.114 (0.112)	Data 0.021 (0.021)	Loss 0.0788 (0.0798)	MAE 0.364 (0.363)
Epoch: [21][90/114]	Time 0.121 (0.113)	Data 0.018 (0.021)	Loss 0.0942 (0.0799)	MAE 0.345 (0.363)
Epoch: [21][91/114]	Time 0.116 (0.113)	Data 0.024 (0.021)	Loss 0.0730 (0.0799)	MAE 0.346 (0.363)
Epoch: [21][92/114]	Time 0.114 (0.113)	Data 0.021 (0.021)	Loss 0.0682 (0.0797)	MAE 0.341 (0.363)
Epoch: [21][93/114]	Time 0.121 (0.113)	Data 0.023 (0.021)	Loss 0.1010 (0.0800)	MAE 0.348 (0.363)
Epoch: [21][94/114]	Time 0.104 (0.113)	Data 0.014 (0.021)	Loss 0.0566 (0.0797)	MAE 0.318 (0.362)
Epoch: [21][95/114]	Time 0.107 (0.113)	Data 0.018 (0.021)	Loss 0.0798 (0.0797)	MAE 0.352 (0.362)
Epoch: [21][96/114]	Time 0.115 (0.113)	Data 0.018 (0.021)	Loss 0.0693 (0.0796)	MAE 0.339 (0.362)
Epoch: [21][97/114]	Time 0.110 (0.113)	Data 0.023 (0.021)	Loss 0.0711 (0.0795)	MAE 0.350 (0.362)
Epoch: [21][98/114]	Time 0.101 (0.112)	Data 0.013 (0.021)	Loss 0.0698 (0.0794)	MAE 0.348 (0.362)
Epoch: [21][99/114]	Time 0.105 (0.112)	Data 0.020 (0.021)	Loss 0.1096 (0.0797)	MAE 0.405 (0.362)
Epoch: [21][100/114]	Time 0.112 (0.112)	Data 0.019 (0.021)	Loss 0.1072 (0.0800)	MAE 0.463 (0.363)
Epoch: [21][101/114]	Time 0.113 (0.112)	Data 0.021 (0.021)	Loss 0.0605 (0.0798)	MAE 0.314 (0.362)
Epoch: [21][102/114]	Time 0.108 (0.112)	Data 0.020 (0.021)	Loss 0.0628 (0.0796)	MAE 0.332 (0.362)
Epoch: [21][103/114]	Time 0.116 (0.112)	Data 0.024 (0.021)	Loss 0.0843 (0.0797)	MAE 0.356 (0.362)
Epoch: [21][104/114]	Time 0.109 (0.112)	Data 0.013 (0.021)	Loss 0.0996 (0.0799)	MAE 0.404 (0.363)
Epoch: [21][105/114]	Time 0.132 (0.113)	Data 0.036 (0.021)	Loss 0.1044 (0.0801)	MAE 0.403 (0.363)
Epoch: [21][106/114]	Time 0.123 (0.113)	Data 0.026 (0.021)	Loss 0.1020 (0.0803)	MAE 0.449 (0.364)
Epoch: [21][107/114]	Time 0.118 (0.113)	Data 0.026 (0.021)	Loss 0.1020 (0.0805)	MAE 0.383 (0.364)
Epoch: [21][108/114]	Time 0.108 (0.113)	Data 0.017 (0.021)	Loss 0.1060 (0.0807)	MAE 0.432 (0.365)
Epoch: [21][109/114]	Time 0.126 (0.113)	Data 0.029 (0.021)	Loss 0.0966 (0.0809)	MAE 0.402 (0.365)
Epoch: [21][110/114]	Time 0.117 (0.113)	Data 0.023 (0.021)	Loss 0.1031 (0.0811)	MAE 0.388 (0.365)
Epoch: [21][111/114]	Time 0.113 (0.113)	Data 0.022 (0.021)	Loss 0.0700 (0.0810)	MAE 0.355 (0.365)
Epoch: [21][112/114]	Time 0.113 (0.113)	Data 0.022 (0.021)	Loss 0.0932 (0.0811)	MAE 0.386 (0.365)
Epoch: [21][113/114]	Time 0.091 (0.113)	Data 0.032 (0.021)	Loss 0.1394 (0.0814)	MAE 0.475 (0.366)
Test: [0/15]	Time 0.049 (0.049)	Loss 0.0977 (0.0977)	MAE 0.376 (0.376)
Test: [1/15]	Time 0.045 (0.047)	Loss 0.1166 (0.1071)	MAE 0.425 (0.401)
Test: [2/15]	Time 0.046 (0.047)	Loss 0.0993 (0.1045)	MAE 0.396 (0.399)
Test: [3/15]	Time 0.050 (0.047)	Loss 0.0774 (0.0977)	MAE 0.378 (0.394)
Test: [4/15]	Time 0.047 (0.047)	Loss 0.0891 (0.0960)	MAE 0.380 (0.391)
Test: [5/15]	Time 0.053 (0.048)	Loss 0.0838 (0.0940)	MAE 0.382 (0.389)
Test: [6/15]	Time 0.043 (0.048)	Loss 0.0914 (0.0936)	MAE 0.367 (0.386)
Test: [7/15]	Time 0.039 (0.046)	Loss 0.0793 (0.0918)	MAE 0.373 (0.385)
Test: [8/15]	Time 0.044 (0.046)	Loss 0.1061 (0.0934)	MAE 0.361 (0.382)
Test: [9/15]	Time 0.040 (0.046)	Loss 0.0917 (0.0932)	MAE 0.386 (0.382)
Test: [10/15]	Time 0.048 (0.046)	Loss 0.0866 (0.0926)	MAE 0.386 (0.383)
Test: [11/15]	Time 0.050 (0.046)	Loss 0.0834 (0.0919)	MAE 0.379 (0.382)
Test: [12/15]	Time 0.044 (0.046)	Loss 0.0662 (0.0899)	MAE 0.357 (0.380)
Test: [13/15]	Time 0.042 (0.046)	Loss 0.0760 (0.0889)	MAE 0.365 (0.379)
Test: [14/15]	Time 0.014 (0.044)	Loss 0.0797 (0.0888)	MAE 0.396 (0.380)
 * MAE 0.380
Epoch: [22][0/114]	Time 0.161 (0.161)	Data 0.069 (0.069)	Loss 0.0752 (0.0752)	MAE 0.347 (0.347)
Epoch: [22][1/114]	Time 0.110 (0.135)	Data 0.018 (0.044)	Loss 0.0717 (0.0734)	MAE 0.355 (0.351)
Epoch: [22][2/114]	Time 0.122 (0.131)	Data 0.022 (0.037)	Loss 0.1034 (0.0834)	MAE 0.352 (0.351)
Epoch: [22][3/114]	Time 0.108 (0.125)	Data 0.017 (0.032)	Loss 0.0775 (0.0820)	MAE 0.348 (0.351)
Epoch: [22][4/114]	Time 0.122 (0.124)	Data 0.027 (0.031)	Loss 0.1015 (0.0859)	MAE 0.412 (0.363)
Epoch: [22][5/114]	Time 0.102 (0.121)	Data 0.013 (0.028)	Loss 0.0991 (0.0881)	MAE 0.403 (0.370)
Epoch: [22][6/114]	Time 0.121 (0.121)	Data 0.027 (0.028)	Loss 0.1002 (0.0898)	MAE 0.403 (0.374)
Epoch: [22][7/114]	Time 0.107 (0.119)	Data 0.017 (0.026)	Loss 0.0905 (0.0899)	MAE 0.377 (0.375)
Epoch: [22][8/114]	Time 0.123 (0.119)	Data 0.028 (0.026)	Loss 0.0868 (0.0895)	MAE 0.399 (0.377)
Epoch: [22][9/114]	Time 0.113 (0.119)	Data 0.020 (0.026)	Loss 0.0754 (0.0881)	MAE 0.365 (0.376)
Epoch: [22][10/114]	Time 0.108 (0.118)	Data 0.018 (0.025)	Loss 0.0793 (0.0873)	MAE 0.379 (0.376)
Epoch: [22][11/114]	Time 0.110 (0.117)	Data 0.018 (0.025)	Loss 0.0851 (0.0872)	MAE 0.380 (0.377)
Epoch: [22][12/114]	Time 0.105 (0.116)	Data 0.015 (0.024)	Loss 0.0921 (0.0875)	MAE 0.362 (0.376)
Epoch: [22][13/114]	Time 0.105 (0.115)	Data 0.016 (0.023)	Loss 0.0730 (0.0865)	MAE 0.335 (0.373)
Epoch: [22][14/114]	Time 0.119 (0.116)	Data 0.024 (0.023)	Loss 0.0702 (0.0854)	MAE 0.323 (0.369)
Epoch: [22][15/114]	Time 0.106 (0.115)	Data 0.015 (0.023)	Loss 0.0768 (0.0849)	MAE 0.340 (0.367)
Epoch: [22][16/114]	Time 0.110 (0.115)	Data 0.019 (0.023)	Loss 0.0731 (0.0842)	MAE 0.398 (0.369)
Epoch: [22][17/114]	Time 0.106 (0.114)	Data 0.015 (0.022)	Loss 0.0665 (0.0832)	MAE 0.328 (0.367)
Epoch: [22][18/114]	Time 0.111 (0.114)	Data 0.022 (0.022)	Loss 0.0773 (0.0829)	MAE 0.346 (0.366)
Epoch: [22][19/114]	Time 0.114 (0.114)	Data 0.020 (0.022)	Loss 0.0711 (0.0823)	MAE 0.352 (0.365)
Epoch: [22][20/114]	Time 0.106 (0.114)	Data 0.018 (0.022)	Loss 0.0485 (0.0807)	MAE 0.303 (0.362)
Epoch: [22][21/114]	Time 0.109 (0.114)	Data 0.016 (0.022)	Loss 0.0525 (0.0794)	MAE 0.299 (0.359)
Epoch: [22][22/114]	Time 0.112 (0.113)	Data 0.021 (0.022)	Loss 0.1146 (0.0809)	MAE 0.405 (0.361)
Epoch: [22][23/114]	Time 0.120 (0.114)	Data 0.025 (0.022)	Loss 0.0885 (0.0813)	MAE 0.388 (0.362)
Epoch: [22][24/114]	Time 0.112 (0.114)	Data 0.022 (0.022)	Loss 0.0785 (0.0811)	MAE 0.361 (0.362)
Epoch: [22][25/114]	Time 0.113 (0.114)	Data 0.018 (0.022)	Loss 0.0782 (0.0810)	MAE 0.364 (0.362)
Epoch: [22][26/114]	Time 0.122 (0.114)	Data 0.026 (0.022)	Loss 0.0602 (0.0803)	MAE 0.323 (0.361)
Epoch: [22][27/114]	Time 0.114 (0.114)	Data 0.022 (0.022)	Loss 0.0685 (0.0798)	MAE 0.336 (0.360)
Epoch: [22][28/114]	Time 0.131 (0.115)	Data 0.036 (0.022)	Loss 0.0762 (0.0797)	MAE 0.357 (0.360)
Epoch: [22][29/114]	Time 0.103 (0.114)	Data 0.014 (0.022)	Loss 0.0901 (0.0801)	MAE 0.387 (0.361)
Epoch: [22][30/114]	Time 0.112 (0.114)	Data 0.022 (0.022)	Loss 0.0733 (0.0798)	MAE 0.339 (0.360)
Epoch: [22][31/114]	Time 0.105 (0.114)	Data 0.016 (0.022)	Loss 0.0799 (0.0798)	MAE 0.377 (0.361)
Epoch: [22][32/114]	Time 0.114 (0.114)	Data 0.022 (0.022)	Loss 0.1041 (0.0806)	MAE 0.408 (0.362)
Epoch: [22][33/114]	Time 0.113 (0.114)	Data 0.021 (0.022)	Loss 0.0648 (0.0801)	MAE 0.332 (0.361)
Epoch: [22][34/114]	Time 0.109 (0.114)	Data 0.015 (0.022)	Loss 0.0893 (0.0804)	MAE 0.395 (0.362)
Epoch: [22][35/114]	Time 0.104 (0.113)	Data 0.016 (0.021)	Loss 0.0862 (0.0805)	MAE 0.367 (0.362)
Epoch: [22][36/114]	Time 0.109 (0.113)	Data 0.018 (0.021)	Loss 0.0869 (0.0807)	MAE 0.375 (0.363)
Epoch: [22][37/114]	Time 0.110 (0.113)	Data 0.020 (0.021)	Loss 0.0680 (0.0804)	MAE 0.332 (0.362)
Epoch: [22][38/114]	Time 0.117 (0.113)	Data 0.024 (0.021)	Loss 0.0865 (0.0805)	MAE 0.389 (0.363)
Epoch: [22][39/114]	Time 0.108 (0.113)	Data 0.016 (0.021)	Loss 0.0773 (0.0805)	MAE 0.347 (0.362)
Epoch: [22][40/114]	Time 0.108 (0.113)	Data 0.019 (0.021)	Loss 0.0728 (0.0803)	MAE 0.362 (0.362)
Epoch: [22][41/114]	Time 0.107 (0.113)	Data 0.017 (0.021)	Loss 0.0726 (0.0801)	MAE 0.328 (0.361)
Epoch: [22][42/114]	Time 0.124 (0.113)	Data 0.031 (0.021)	Loss 0.0871 (0.0802)	MAE 0.379 (0.362)
Epoch: [22][43/114]	Time 0.113 (0.113)	Data 0.016 (0.021)	Loss 0.0721 (0.0801)	MAE 0.330 (0.361)
Epoch: [22][44/114]	Time 0.109 (0.113)	Data 0.022 (0.021)	Loss 0.0806 (0.0801)	MAE 0.356 (0.361)
Epoch: [22][45/114]	Time 0.113 (0.113)	Data 0.020 (0.021)	Loss 0.0727 (0.0799)	MAE 0.357 (0.361)
Epoch: [22][46/114]	Time 0.118 (0.113)	Data 0.025 (0.021)	Loss 0.0794 (0.0799)	MAE 0.366 (0.361)
Epoch: [22][47/114]	Time 0.116 (0.113)	Data 0.019 (0.021)	Loss 0.0827 (0.0800)	MAE 0.375 (0.361)
Epoch: [22][48/114]	Time 0.132 (0.114)	Data 0.039 (0.022)	Loss 0.0754 (0.0799)	MAE 0.359 (0.361)
Epoch: [22][49/114]	Time 0.110 (0.113)	Data 0.013 (0.021)	Loss 0.0704 (0.0797)	MAE 0.345 (0.361)
Epoch: [22][50/114]	Time 0.113 (0.113)	Data 0.023 (0.021)	Loss 0.0722 (0.0795)	MAE 0.350 (0.361)
Epoch: [22][51/114]	Time 0.103 (0.113)	Data 0.013 (0.021)	Loss 0.0651 (0.0793)	MAE 0.331 (0.360)
Epoch: [22][52/114]	Time 0.114 (0.113)	Data 0.022 (0.021)	Loss 0.0656 (0.0790)	MAE 0.336 (0.360)
Epoch: [22][53/114]	Time 0.117 (0.113)	Data 0.023 (0.021)	Loss 0.1026 (0.0794)	MAE 0.380 (0.360)
Epoch: [22][54/114]	Time 0.099 (0.113)	Data 0.015 (0.021)	Loss 0.0805 (0.0795)	MAE 0.364 (0.360)
Epoch: [22][55/114]	Time 0.113 (0.113)	Data 0.022 (0.021)	Loss 0.0911 (0.0797)	MAE 0.360 (0.360)
Epoch: [22][56/114]	Time 0.111 (0.113)	Data 0.020 (0.021)	Loss 0.0941 (0.0799)	MAE 0.430 (0.361)
Epoch: [22][57/114]	Time 0.116 (0.113)	Data 0.028 (0.021)	Loss 0.0968 (0.0802)	MAE 0.387 (0.362)
Epoch: [22][58/114]	Time 0.110 (0.113)	Data 0.022 (0.021)	Loss 0.1217 (0.0809)	MAE 0.436 (0.363)
Epoch: [22][59/114]	Time 0.104 (0.113)	Data 0.017 (0.021)	Loss 0.0706 (0.0807)	MAE 0.362 (0.363)
Epoch: [22][60/114]	Time 0.110 (0.113)	Data 0.020 (0.021)	Loss 0.0670 (0.0805)	MAE 0.352 (0.363)
Epoch: [22][61/114]	Time 0.110 (0.113)	Data 0.014 (0.021)	Loss 0.1069 (0.0809)	MAE 0.443 (0.364)
Epoch: [22][62/114]	Time 0.110 (0.113)	Data 0.018 (0.021)	Loss 0.0878 (0.0810)	MAE 0.370 (0.364)
Epoch: [22][63/114]	Time 0.126 (0.113)	Data 0.032 (0.021)	Loss 0.0606 (0.0807)	MAE 0.328 (0.364)
Epoch: [22][64/114]	Time 0.123 (0.113)	Data 0.032 (0.021)	Loss 0.0957 (0.0810)	MAE 0.389 (0.364)
Epoch: [22][65/114]	Time 0.111 (0.113)	Data 0.021 (0.021)	Loss 0.0816 (0.0810)	MAE 0.372 (0.364)
Epoch: [22][66/114]	Time 0.122 (0.113)	Data 0.030 (0.022)	Loss 0.0705 (0.0808)	MAE 0.338 (0.364)
Epoch: [22][67/114]	Time 0.120 (0.113)	Data 0.024 (0.022)	Loss 0.0866 (0.0809)	MAE 0.385 (0.364)
Epoch: [22][68/114]	Time 0.119 (0.113)	Data 0.023 (0.022)	Loss 0.0735 (0.0808)	MAE 0.338 (0.364)
Epoch: [22][69/114]	Time 0.105 (0.113)	Data 0.014 (0.022)	Loss 0.0701 (0.0806)	MAE 0.326 (0.363)
Epoch: [22][70/114]	Time 0.109 (0.113)	Data 0.019 (0.021)	Loss 0.0762 (0.0806)	MAE 0.336 (0.363)
Epoch: [22][71/114]	Time 0.113 (0.113)	Data 0.017 (0.021)	Loss 0.0738 (0.0805)	MAE 0.347 (0.363)
Epoch: [22][72/114]	Time 0.109 (0.113)	Data 0.019 (0.021)	Loss 0.0821 (0.0805)	MAE 0.400 (0.363)
Epoch: [22][73/114]	Time 0.109 (0.113)	Data 0.019 (0.021)	Loss 0.0629 (0.0803)	MAE 0.319 (0.362)
Epoch: [22][74/114]	Time 0.115 (0.113)	Data 0.019 (0.021)	Loss 0.0658 (0.0801)	MAE 0.342 (0.362)
Epoch: [22][75/114]	Time 0.106 (0.113)	Data 0.017 (0.021)	Loss 0.0791 (0.0801)	MAE 0.342 (0.362)
Epoch: [22][76/114]	Time 0.111 (0.113)	Data 0.023 (0.021)	Loss 0.0648 (0.0799)	MAE 0.336 (0.362)
Epoch: [22][77/114]	Time 0.111 (0.113)	Data 0.021 (0.021)	Loss 0.0727 (0.0798)	MAE 0.384 (0.362)
Epoch: [22][78/114]	Time 0.107 (0.113)	Data 0.019 (0.021)	Loss 0.0637 (0.0796)	MAE 0.331 (0.361)
Epoch: [22][79/114]	Time 0.106 (0.113)	Data 0.013 (0.021)	Loss 0.0803 (0.0796)	MAE 0.393 (0.362)
Epoch: [22][80/114]	Time 0.112 (0.113)	Data 0.019 (0.021)	Loss 0.0685 (0.0794)	MAE 0.332 (0.362)
Epoch: [22][81/114]	Time 0.103 (0.113)	Data 0.014 (0.021)	Loss 0.0810 (0.0795)	MAE 0.369 (0.362)
Epoch: [22][82/114]	Time 0.112 (0.113)	Data 0.022 (0.021)	Loss 0.0799 (0.0795)	MAE 0.356 (0.362)
Epoch: [22][83/114]	Time 0.123 (0.113)	Data 0.028 (0.021)	Loss 0.0999 (0.0797)	MAE 0.382 (0.362)
Epoch: [22][84/114]	Time 0.114 (0.113)	Data 0.020 (0.021)	Loss 0.1070 (0.0800)	MAE 0.387 (0.362)
Epoch: [22][85/114]	Time 0.106 (0.113)	Data 0.018 (0.021)	Loss 0.0689 (0.0799)	MAE 0.342 (0.362)
Epoch: [22][86/114]	Time 0.112 (0.113)	Data 0.021 (0.021)	Loss 0.0724 (0.0798)	MAE 0.347 (0.362)
Epoch: [22][87/114]	Time 0.109 (0.113)	Data 0.017 (0.021)	Loss 0.0719 (0.0797)	MAE 0.340 (0.361)
Epoch: [22][88/114]	Time 0.113 (0.113)	Data 0.021 (0.021)	Loss 0.0757 (0.0797)	MAE 0.361 (0.361)
Epoch: [22][89/114]	Time 0.106 (0.113)	Data 0.016 (0.021)	Loss 0.0552 (0.0794)	MAE 0.331 (0.361)
Epoch: [22][90/114]	Time 0.102 (0.113)	Data 0.018 (0.021)	Loss 0.0622 (0.0792)	MAE 0.353 (0.361)
Epoch: [22][91/114]	Time 0.112 (0.113)	Data 0.014 (0.021)	Loss 0.0975 (0.0794)	MAE 0.459 (0.362)
Epoch: [22][92/114]	Time 0.123 (0.113)	Data 0.025 (0.021)	Loss 0.0935 (0.0796)	MAE 0.408 (0.363)
Epoch: [22][93/114]	Time 0.105 (0.113)	Data 0.014 (0.021)	Loss 0.0513 (0.0793)	MAE 0.312 (0.362)
Epoch: [22][94/114]	Time 0.100 (0.112)	Data 0.021 (0.021)	Loss 0.0795 (0.0793)	MAE 0.380 (0.362)
Epoch: [22][95/114]	Time 0.101 (0.112)	Data 0.013 (0.021)	Loss 0.0722 (0.0792)	MAE 0.356 (0.362)
Epoch: [22][96/114]	Time 0.109 (0.112)	Data 0.022 (0.021)	Loss 0.0750 (0.0792)	MAE 0.349 (0.362)
Epoch: [22][97/114]	Time 0.111 (0.112)	Data 0.020 (0.021)	Loss 0.0691 (0.0790)	MAE 0.331 (0.362)
Epoch: [22][98/114]	Time 0.109 (0.112)	Data 0.022 (0.021)	Loss 0.0834 (0.0791)	MAE 0.364 (0.362)
Epoch: [22][99/114]	Time 0.111 (0.112)	Data 0.020 (0.021)	Loss 0.0721 (0.0790)	MAE 0.365 (0.362)
Epoch: [22][100/114]	Time 0.109 (0.112)	Data 0.021 (0.021)	Loss 0.0613 (0.0788)	MAE 0.307 (0.361)
Epoch: [22][101/114]	Time 0.118 (0.112)	Data 0.020 (0.021)	Loss 0.0771 (0.0788)	MAE 0.362 (0.361)
Epoch: [22][102/114]	Time 0.114 (0.112)	Data 0.020 (0.021)	Loss 0.0860 (0.0789)	MAE 0.375 (0.361)
Epoch: [22][103/114]	Time 0.104 (0.112)	Data 0.013 (0.021)	Loss 0.0883 (0.0790)	MAE 0.386 (0.362)
Epoch: [22][104/114]	Time 0.118 (0.112)	Data 0.028 (0.021)	Loss 0.0913 (0.0791)	MAE 0.403 (0.362)
Epoch: [22][105/114]	Time 0.116 (0.112)	Data 0.018 (0.021)	Loss 0.0624 (0.0789)	MAE 0.335 (0.362)
Epoch: [22][106/114]	Time 0.114 (0.112)	Data 0.019 (0.021)	Loss 0.0932 (0.0791)	MAE 0.386 (0.362)
Epoch: [22][107/114]	Time 0.108 (0.112)	Data 0.014 (0.021)	Loss 0.0715 (0.0790)	MAE 0.357 (0.362)
Epoch: [22][108/114]	Time 0.110 (0.112)	Data 0.018 (0.021)	Loss 0.0665 (0.0789)	MAE 0.334 (0.362)
Epoch: [22][109/114]	Time 0.108 (0.112)	Data 0.016 (0.021)	Loss 0.0801 (0.0789)	MAE 0.333 (0.361)
Epoch: [22][110/114]	Time 0.106 (0.112)	Data 0.018 (0.021)	Loss 0.0924 (0.0790)	MAE 0.393 (0.362)
Epoch: [22][111/114]	Time 0.110 (0.112)	Data 0.015 (0.021)	Loss 0.0735 (0.0790)	MAE 0.369 (0.362)
Epoch: [22][112/114]	Time 0.116 (0.112)	Data 0.023 (0.021)	Loss 0.0876 (0.0791)	MAE 0.330 (0.361)
Epoch: [22][113/114]	Time 0.088 (0.112)	Data 0.028 (0.021)	Loss 0.0860 (0.0791)	MAE 0.369 (0.362)
Test: [0/15]	Time 0.048 (0.048)	Loss 0.0927 (0.0927)	MAE 0.370 (0.370)
Test: [1/15]	Time 0.046 (0.047)	Loss 0.1288 (0.1107)	MAE 0.387 (0.378)
Test: [2/15]	Time 0.042 (0.045)	Loss 0.0741 (0.0985)	MAE 0.342 (0.366)
Test: [3/15]	Time 0.044 (0.045)	Loss 0.0826 (0.0945)	MAE 0.360 (0.365)
Test: [4/15]	Time 0.049 (0.046)	Loss 0.0914 (0.0939)	MAE 0.376 (0.367)
Test: [5/15]	Time 0.039 (0.045)	Loss 0.0761 (0.0909)	MAE 0.343 (0.363)
Test: [6/15]	Time 0.046 (0.045)	Loss 0.0949 (0.0915)	MAE 0.361 (0.363)
Test: [7/15]	Time 0.041 (0.044)	Loss 0.0939 (0.0918)	MAE 0.362 (0.363)
Test: [8/15]	Time 0.047 (0.045)	Loss 0.0941 (0.0921)	MAE 0.368 (0.363)
Test: [9/15]	Time 0.040 (0.044)	Loss 0.0788 (0.0907)	MAE 0.340 (0.361)
Test: [10/15]	Time 0.047 (0.044)	Loss 0.0913 (0.0908)	MAE 0.345 (0.359)
Test: [11/15]	Time 0.047 (0.045)	Loss 0.0773 (0.0897)	MAE 0.332 (0.357)
Test: [12/15]	Time 0.041 (0.044)	Loss 0.0753 (0.0886)	MAE 0.360 (0.357)
Test: [13/15]	Time 0.041 (0.044)	Loss 0.0664 (0.0870)	MAE 0.327 (0.355)
Test: [14/15]	Time 0.019 (0.043)	Loss 0.0551 (0.0865)	MAE 0.328 (0.355)
 * MAE 0.355
Epoch: [23][0/114]	Time 0.152 (0.152)	Data 0.062 (0.062)	Loss 0.0744 (0.0744)	MAE 0.364 (0.364)
Epoch: [23][1/114]	Time 0.114 (0.133)	Data 0.020 (0.041)	Loss 0.0854 (0.0799)	MAE 0.374 (0.369)
Epoch: [23][2/114]	Time 0.117 (0.127)	Data 0.023 (0.035)	Loss 0.0824 (0.0807)	MAE 0.331 (0.356)
Epoch: [23][3/114]	Time 0.115 (0.124)	Data 0.016 (0.030)	Loss 0.0505 (0.0732)	MAE 0.288 (0.339)
Epoch: [23][4/114]	Time 0.113 (0.122)	Data 0.024 (0.029)	Loss 0.0923 (0.0770)	MAE 0.374 (0.346)
Epoch: [23][5/114]	Time 0.113 (0.121)	Data 0.019 (0.027)	Loss 0.0922 (0.0795)	MAE 0.390 (0.354)
Epoch: [23][6/114]	Time 0.112 (0.119)	Data 0.021 (0.026)	Loss 0.0845 (0.0802)	MAE 0.368 (0.356)
Epoch: [23][7/114]	Time 0.125 (0.120)	Data 0.028 (0.027)	Loss 0.0743 (0.0795)	MAE 0.355 (0.356)
Epoch: [23][8/114]	Time 0.110 (0.119)	Data 0.018 (0.026)	Loss 0.0728 (0.0787)	MAE 0.353 (0.355)
Epoch: [23][9/114]	Time 0.107 (0.118)	Data 0.018 (0.025)	Loss 0.0729 (0.0782)	MAE 0.372 (0.357)
Epoch: [23][10/114]	Time 0.111 (0.117)	Data 0.020 (0.025)	Loss 0.0665 (0.0771)	MAE 0.333 (0.355)
Epoch: [23][11/114]	Time 0.108 (0.116)	Data 0.021 (0.024)	Loss 0.0798 (0.0773)	MAE 0.337 (0.353)
Epoch: [23][12/114]	Time 0.108 (0.116)	Data 0.020 (0.024)	Loss 0.0780 (0.0774)	MAE 0.372 (0.355)
Epoch: [23][13/114]	Time 0.107 (0.115)	Data 0.017 (0.023)	Loss 0.0640 (0.0764)	MAE 0.323 (0.352)
Epoch: [23][14/114]	Time 0.110 (0.115)	Data 0.021 (0.023)	Loss 0.0778 (0.0765)	MAE 0.372 (0.354)
Epoch: [23][15/114]	Time 0.101 (0.114)	Data 0.013 (0.023)	Loss 0.0778 (0.0766)	MAE 0.351 (0.354)
Epoch: [23][16/114]	Time 0.118 (0.114)	Data 0.027 (0.023)	Loss 0.0765 (0.0766)	MAE 0.349 (0.353)
Epoch: [23][17/114]	Time 0.107 (0.114)	Data 0.015 (0.022)	Loss 0.0734 (0.0764)	MAE 0.327 (0.352)
Epoch: [23][18/114]	Time 0.108 (0.114)	Data 0.018 (0.022)	Loss 0.0653 (0.0758)	MAE 0.331 (0.351)
Epoch: [23][19/114]	Time 0.104 (0.113)	Data 0.018 (0.022)	Loss 0.0697 (0.0755)	MAE 0.345 (0.350)
Epoch: [23][20/114]	Time 0.125 (0.114)	Data 0.031 (0.022)	Loss 0.0727 (0.0754)	MAE 0.352 (0.351)
Epoch: [23][21/114]	Time 0.105 (0.113)	Data 0.014 (0.022)	Loss 0.0847 (0.0758)	MAE 0.405 (0.353)
Epoch: [23][22/114]	Time 0.117 (0.113)	Data 0.026 (0.022)	Loss 0.0558 (0.0749)	MAE 0.316 (0.351)
Epoch: [23][23/114]	Time 0.116 (0.114)	Data 0.020 (0.022)	Loss 0.0676 (0.0746)	MAE 0.353 (0.351)
Epoch: [23][24/114]	Time 0.125 (0.114)	Data 0.030 (0.022)	Loss 0.0811 (0.0749)	MAE 0.340 (0.351)
Epoch: [23][25/114]	Time 0.119 (0.114)	Data 0.019 (0.022)	Loss 0.0857 (0.0753)	MAE 0.352 (0.351)
Epoch: [23][26/114]	Time 0.124 (0.115)	Data 0.028 (0.023)	Loss 0.1020 (0.0763)	MAE 0.409 (0.353)
Epoch: [23][27/114]	Time 0.106 (0.114)	Data 0.016 (0.022)	Loss 0.0709 (0.0761)	MAE 0.343 (0.353)
Epoch: [23][28/114]	Time 0.109 (0.114)	Data 0.017 (0.022)	Loss 0.0848 (0.0764)	MAE 0.381 (0.354)
Epoch: [23][29/114]	Time 0.097 (0.114)	Data 0.015 (0.022)	Loss 0.0741 (0.0763)	MAE 0.354 (0.354)
Epoch: [23][30/114]	Time 0.119 (0.114)	Data 0.020 (0.022)	Loss 0.0760 (0.0763)	MAE 0.356 (0.354)
Epoch: [23][31/114]	Time 0.109 (0.114)	Data 0.021 (0.022)	Loss 0.0746 (0.0763)	MAE 0.366 (0.354)
Epoch: [23][32/114]	Time 0.111 (0.113)	Data 0.021 (0.022)	Loss 0.0816 (0.0764)	MAE 0.368 (0.355)
Epoch: [23][33/114]	Time 0.109 (0.113)	Data 0.020 (0.022)	Loss 0.0965 (0.0770)	MAE 0.456 (0.358)
Epoch: [23][34/114]	Time 0.118 (0.113)	Data 0.023 (0.022)	Loss 0.1003 (0.0777)	MAE 0.428 (0.360)
Epoch: [23][35/114]	Time 0.108 (0.113)	Data 0.015 (0.022)	Loss 0.0960 (0.0782)	MAE 0.447 (0.362)
Epoch: [23][36/114]	Time 0.107 (0.113)	Data 0.021 (0.022)	Loss 0.0777 (0.0782)	MAE 0.367 (0.362)
Epoch: [23][37/114]	Time 0.102 (0.113)	Data 0.015 (0.021)	Loss 0.0977 (0.0787)	MAE 0.388 (0.363)
Epoch: [23][38/114]	Time 0.110 (0.113)	Data 0.016 (0.021)	Loss 0.0773 (0.0787)	MAE 0.369 (0.363)
Epoch: [23][39/114]	Time 0.104 (0.113)	Data 0.013 (0.021)	Loss 0.0793 (0.0787)	MAE 0.381 (0.364)
Epoch: [23][40/114]	Time 0.115 (0.113)	Data 0.020 (0.021)	Loss 0.0714 (0.0785)	MAE 0.370 (0.364)
Epoch: [23][41/114]	Time 0.107 (0.112)	Data 0.016 (0.021)	Loss 0.0762 (0.0784)	MAE 0.373 (0.364)
Epoch: [23][42/114]	Time 0.112 (0.112)	Data 0.022 (0.021)	Loss 0.0960 (0.0788)	MAE 0.368 (0.364)
Epoch: [23][43/114]	Time 0.119 (0.113)	Data 0.020 (0.021)	Loss 0.0836 (0.0790)	MAE 0.358 (0.364)
Epoch: [23][44/114]	Time 0.121 (0.113)	Data 0.024 (0.021)	Loss 0.0583 (0.0785)	MAE 0.323 (0.363)
Epoch: [23][45/114]	Time 0.109 (0.113)	Data 0.019 (0.021)	Loss 0.1011 (0.0790)	MAE 0.378 (0.363)
Epoch: [23][46/114]	Time 0.140 (0.113)	Data 0.043 (0.021)	Loss 0.0718 (0.0788)	MAE 0.357 (0.363)
Epoch: [23][47/114]	Time 0.131 (0.114)	Data 0.038 (0.022)	Loss 0.0824 (0.0789)	MAE 0.357 (0.363)
Epoch: [23][48/114]	Time 0.124 (0.114)	Data 0.015 (0.022)	Loss 0.0936 (0.0792)	MAE 0.392 (0.364)
Epoch: [23][49/114]	Time 0.115 (0.114)	Data 0.020 (0.022)	Loss 0.0860 (0.0793)	MAE 0.370 (0.364)
Epoch: [23][50/114]	Time 0.102 (0.114)	Data 0.013 (0.021)	Loss 0.0649 (0.0791)	MAE 0.342 (0.363)
Epoch: [23][51/114]	Time 0.105 (0.113)	Data 0.017 (0.021)	Loss 0.0709 (0.0789)	MAE 0.355 (0.363)
Epoch: [23][52/114]	Time 0.112 (0.113)	Data 0.018 (0.021)	Loss 0.0917 (0.0791)	MAE 0.363 (0.363)
Epoch: [23][53/114]	Time 0.110 (0.113)	Data 0.017 (0.021)	Loss 0.0704 (0.0790)	MAE 0.351 (0.363)
Epoch: [23][54/114]	Time 0.104 (0.113)	Data 0.013 (0.021)	Loss 0.0721 (0.0789)	MAE 0.346 (0.363)
Epoch: [23][55/114]	Time 0.116 (0.113)	Data 0.023 (0.021)	Loss 0.0910 (0.0791)	MAE 0.367 (0.363)
Epoch: [23][56/114]	Time 0.103 (0.113)	Data 0.015 (0.021)	Loss 0.0714 (0.0789)	MAE 0.345 (0.362)
Epoch: [23][57/114]	Time 0.112 (0.113)	Data 0.022 (0.021)	Loss 0.0641 (0.0787)	MAE 0.332 (0.362)
Epoch: [23][58/114]	Time 0.109 (0.113)	Data 0.015 (0.021)	Loss 0.0818 (0.0787)	MAE 0.362 (0.362)
Epoch: [23][59/114]	Time 0.110 (0.113)	Data 0.019 (0.021)	Loss 0.0987 (0.0791)	MAE 0.449 (0.363)
Epoch: [23][60/114]	Time 0.111 (0.113)	Data 0.017 (0.021)	Loss 0.0690 (0.0789)	MAE 0.340 (0.363)
Epoch: [23][61/114]	Time 0.109 (0.113)	Data 0.018 (0.021)	Loss 0.0813 (0.0789)	MAE 0.343 (0.363)
Epoch: [23][62/114]	Time 0.111 (0.113)	Data 0.019 (0.021)	Loss 0.0734 (0.0789)	MAE 0.352 (0.363)
Epoch: [23][63/114]	Time 0.119 (0.113)	Data 0.029 (0.021)	Loss 0.0796 (0.0789)	MAE 0.381 (0.363)
Epoch: [23][64/114]	Time 0.112 (0.113)	Data 0.020 (0.021)	Loss 0.1150 (0.0794)	MAE 0.397 (0.363)
Epoch: [23][65/114]	Time 0.114 (0.113)	Data 0.023 (0.021)	Loss 0.0842 (0.0795)	MAE 0.375 (0.364)
Epoch: [23][66/114]	Time 0.112 (0.113)	Data 0.017 (0.021)	Loss 0.0638 (0.0793)	MAE 0.341 (0.363)
Epoch: [23][67/114]	Time 0.113 (0.113)	Data 0.020 (0.021)	Loss 0.0912 (0.0794)	MAE 0.396 (0.364)
Epoch: [23][68/114]	Time 0.100 (0.113)	Data 0.013 (0.021)	Loss 0.0926 (0.0796)	MAE 0.367 (0.364)
Epoch: [23][69/114]	Time 0.113 (0.113)	Data 0.022 (0.021)	Loss 0.0759 (0.0796)	MAE 0.368 (0.364)
Epoch: [23][70/114]	Time 0.111 (0.113)	Data 0.015 (0.021)	Loss 0.0897 (0.0797)	MAE 0.387 (0.364)
Epoch: [23][71/114]	Time 0.112 (0.113)	Data 0.020 (0.021)	Loss 0.0644 (0.0795)	MAE 0.331 (0.364)
Epoch: [23][72/114]	Time 0.109 (0.113)	Data 0.013 (0.021)	Loss 0.0679 (0.0793)	MAE 0.359 (0.364)
Epoch: [23][73/114]	Time 0.110 (0.113)	Data 0.019 (0.021)	Loss 0.0816 (0.0794)	MAE 0.348 (0.363)
Epoch: [23][74/114]	Time 0.107 (0.113)	Data 0.015 (0.020)	Loss 0.0913 (0.0795)	MAE 0.365 (0.363)
Epoch: [23][75/114]	Time 0.106 (0.112)	Data 0.020 (0.020)	Loss 0.0616 (0.0793)	MAE 0.323 (0.363)
Epoch: [23][76/114]	Time 0.112 (0.112)	Data 0.018 (0.020)	Loss 0.0780 (0.0793)	MAE 0.346 (0.363)
Epoch: [23][77/114]	Time 0.123 (0.113)	Data 0.024 (0.020)	Loss 0.1001 (0.0796)	MAE 0.425 (0.363)
Epoch: [23][78/114]	Time 0.114 (0.113)	Data 0.019 (0.020)	Loss 0.0847 (0.0796)	MAE 0.393 (0.364)
Epoch: [23][79/114]	Time 0.116 (0.113)	Data 0.024 (0.020)	Loss 0.0615 (0.0794)	MAE 0.315 (0.363)
Epoch: [23][80/114]	Time 0.117 (0.113)	Data 0.020 (0.020)	Loss 0.0783 (0.0794)	MAE 0.362 (0.363)
Epoch: [23][81/114]	Time 0.114 (0.113)	Data 0.019 (0.020)	Loss 0.0885 (0.0795)	MAE 0.377 (0.363)
Epoch: [23][82/114]	Time 0.108 (0.113)	Data 0.017 (0.020)	Loss 0.0811 (0.0795)	MAE 0.359 (0.363)
Epoch: [23][83/114]	Time 0.110 (0.113)	Data 0.019 (0.020)	Loss 0.0686 (0.0794)	MAE 0.332 (0.363)
Epoch: [23][84/114]	Time 0.101 (0.113)	Data 0.017 (0.020)	Loss 0.0656 (0.0792)	MAE 0.324 (0.362)
Epoch: [23][85/114]	Time 0.119 (0.113)	Data 0.027 (0.020)	Loss 0.0902 (0.0793)	MAE 0.374 (0.363)
Epoch: [23][86/114]	Time 0.110 (0.113)	Data 0.018 (0.020)	Loss 0.0700 (0.0792)	MAE 0.345 (0.362)
Epoch: [23][87/114]	Time 0.115 (0.113)	Data 0.026 (0.020)	Loss 0.0869 (0.0793)	MAE 0.382 (0.363)
Epoch: [23][88/114]	Time 0.110 (0.113)	Data 0.017 (0.020)	Loss 0.0692 (0.0792)	MAE 0.371 (0.363)
Epoch: [23][89/114]	Time 0.110 (0.113)	Data 0.025 (0.020)	Loss 0.0693 (0.0791)	MAE 0.342 (0.362)
Epoch: [23][90/114]	Time 0.099 (0.112)	Data 0.013 (0.020)	Loss 0.0730 (0.0790)	MAE 0.347 (0.362)
Epoch: [23][91/114]	Time 0.110 (0.112)	Data 0.023 (0.020)	Loss 0.0699 (0.0789)	MAE 0.333 (0.362)
Epoch: [23][92/114]	Time 0.110 (0.112)	Data 0.020 (0.020)	Loss 0.0691 (0.0788)	MAE 0.359 (0.362)
Epoch: [23][93/114]	Time 0.109 (0.112)	Data 0.020 (0.020)	Loss 0.0657 (0.0787)	MAE 0.328 (0.362)
Epoch: [23][94/114]	Time 0.102 (0.112)	Data 0.019 (0.020)	Loss 0.0730 (0.0786)	MAE 0.368 (0.362)
Epoch: [23][95/114]	Time 0.113 (0.112)	Data 0.021 (0.020)	Loss 0.1025 (0.0789)	MAE 0.429 (0.362)
Epoch: [23][96/114]	Time 0.101 (0.112)	Data 0.013 (0.020)	Loss 0.0751 (0.0788)	MAE 0.356 (0.362)
Epoch: [23][97/114]	Time 0.111 (0.112)	Data 0.021 (0.020)	Loss 0.0682 (0.0787)	MAE 0.321 (0.362)
Epoch: [23][98/114]	Time 0.110 (0.112)	Data 0.017 (0.020)	Loss 0.1057 (0.0790)	MAE 0.370 (0.362)
Epoch: [23][99/114]	Time 0.107 (0.112)	Data 0.019 (0.020)	Loss 0.0819 (0.0790)	MAE 0.340 (0.362)
Epoch: [23][100/114]	Time 0.106 (0.112)	Data 0.018 (0.020)	Loss 0.0833 (0.0791)	MAE 0.394 (0.362)
Epoch: [23][101/114]	Time 0.108 (0.112)	Data 0.021 (0.020)	Loss 0.0730 (0.0790)	MAE 0.378 (0.362)
Epoch: [23][102/114]	Time 0.113 (0.112)	Data 0.019 (0.020)	Loss 0.0788 (0.0790)	MAE 0.388 (0.362)
Epoch: [23][103/114]	Time 0.114 (0.112)	Data 0.023 (0.020)	Loss 0.0695 (0.0789)	MAE 0.336 (0.362)
Epoch: [23][104/114]	Time 0.114 (0.112)	Data 0.023 (0.020)	Loss 0.1017 (0.0791)	MAE 0.380 (0.362)
Epoch: [23][105/114]	Time 0.117 (0.112)	Data 0.022 (0.020)	Loss 0.0605 (0.0790)	MAE 0.312 (0.362)
Epoch: [23][106/114]	Time 0.124 (0.112)	Data 0.024 (0.020)	Loss 0.0721 (0.0789)	MAE 0.350 (0.362)
Epoch: [23][107/114]	Time 0.115 (0.112)	Data 0.026 (0.020)	Loss 0.0784 (0.0789)	MAE 0.329 (0.361)
Epoch: [23][108/114]	Time 0.108 (0.112)	Data 0.017 (0.020)	Loss 0.0698 (0.0788)	MAE 0.350 (0.361)
Epoch: [23][109/114]	Time 0.114 (0.112)	Data 0.022 (0.020)	Loss 0.0852 (0.0789)	MAE 0.354 (0.361)
Epoch: [23][110/114]	Time 0.103 (0.112)	Data 0.014 (0.020)	Loss 0.0641 (0.0787)	MAE 0.337 (0.361)
Epoch: [23][111/114]	Time 0.110 (0.112)	Data 0.018 (0.020)	Loss 0.0573 (0.0785)	MAE 0.323 (0.361)
Epoch: [23][112/114]	Time 0.113 (0.112)	Data 0.016 (0.020)	Loss 0.0718 (0.0785)	MAE 0.344 (0.361)
Epoch: [23][113/114]	Time 0.087 (0.112)	Data 0.026 (0.020)	Loss 0.1097 (0.0787)	MAE 0.352 (0.361)
Test: [0/15]	Time 0.046 (0.046)	Loss 0.0561 (0.0561)	MAE 0.296 (0.296)
Test: [1/15]	Time 0.047 (0.046)	Loss 0.0773 (0.0667)	MAE 0.349 (0.323)
Test: [2/15]	Time 0.047 (0.047)	Loss 0.0692 (0.0675)	MAE 0.336 (0.327)
Test: [3/15]	Time 0.044 (0.046)	Loss 0.0660 (0.0672)	MAE 0.347 (0.332)
Test: [4/15]	Time 0.049 (0.047)	Loss 0.0917 (0.0721)	MAE 0.362 (0.338)
Test: [5/15]	Time 0.048 (0.047)	Loss 0.0847 (0.0742)	MAE 0.374 (0.344)
Test: [6/15]	Time 0.045 (0.047)	Loss 0.0901 (0.0765)	MAE 0.361 (0.346)
Test: [7/15]	Time 0.045 (0.046)	Loss 0.0772 (0.0765)	MAE 0.351 (0.347)
Test: [8/15]	Time 0.046 (0.046)	Loss 0.0719 (0.0760)	MAE 0.325 (0.344)
Test: [9/15]	Time 0.043 (0.046)	Loss 0.0588 (0.0743)	MAE 0.324 (0.342)
Test: [10/15]	Time 0.044 (0.046)	Loss 0.0844 (0.0752)	MAE 0.361 (0.344)
Test: [11/15]	Time 0.041 (0.045)	Loss 0.0782 (0.0755)	MAE 0.352 (0.345)
Test: [12/15]	Time 0.039 (0.045)	Loss 0.0878 (0.0764)	MAE 0.379 (0.347)
Test: [13/15]	Time 0.042 (0.045)	Loss 0.0768 (0.0764)	MAE 0.360 (0.348)
Test: [14/15]	Time 0.013 (0.043)	Loss 0.1206 (0.0771)	MAE 0.391 (0.349)
 * MAE 0.349
Epoch: [24][0/114]	Time 0.511 (0.511)	Data 0.420 (0.420)	Loss 0.0763 (0.0763)	MAE 0.342 (0.342)
Epoch: [24][1/114]	Time 0.120 (0.315)	Data 0.030 (0.225)	Loss 0.0706 (0.0735)	MAE 0.376 (0.359)
Epoch: [24][2/114]	Time 0.118 (0.250)	Data 0.023 (0.158)	Loss 0.0663 (0.0711)	MAE 0.335 (0.351)
Epoch: [24][3/114]	Time 0.119 (0.217)	Data 0.028 (0.125)	Loss 0.0705 (0.0709)	MAE 0.334 (0.347)
Epoch: [24][4/114]	Time 0.106 (0.195)	Data 0.017 (0.104)	Loss 0.0865 (0.0740)	MAE 0.340 (0.345)
Epoch: [24][5/114]	Time 0.108 (0.180)	Data 0.020 (0.090)	Loss 0.0582 (0.0714)	MAE 0.314 (0.340)
Epoch: [24][6/114]	Time 0.110 (0.170)	Data 0.020 (0.080)	Loss 0.1020 (0.0758)	MAE 0.429 (0.353)
Epoch: [24][7/114]	Time 0.112 (0.163)	Data 0.021 (0.072)	Loss 0.0783 (0.0761)	MAE 0.371 (0.355)
Epoch: [24][8/114]	Time 0.107 (0.157)	Data 0.015 (0.066)	Loss 0.0637 (0.0747)	MAE 0.340 (0.353)
Epoch: [24][9/114]	Time 0.112 (0.152)	Data 0.025 (0.062)	Loss 0.0668 (0.0739)	MAE 0.315 (0.350)
Epoch: [24][10/114]	Time 0.109 (0.148)	Data 0.016 (0.058)	Loss 0.0692 (0.0735)	MAE 0.340 (0.349)
Epoch: [24][11/114]	Time 0.108 (0.145)	Data 0.018 (0.054)	Loss 0.0631 (0.0726)	MAE 0.340 (0.348)
Epoch: [24][12/114]	Time 0.103 (0.142)	Data 0.014 (0.051)	Loss 0.0621 (0.0718)	MAE 0.324 (0.346)
Epoch: [24][13/114]	Time 0.116 (0.140)	Data 0.023 (0.049)	Loss 0.1039 (0.0741)	MAE 0.379 (0.349)
Epoch: [24][14/114]	Time 0.108 (0.138)	Data 0.015 (0.047)	Loss 0.0991 (0.0758)	MAE 0.454 (0.356)
Epoch: [24][15/114]	Time 0.108 (0.136)	Data 0.016 (0.045)	Loss 0.0602 (0.0748)	MAE 0.324 (0.354)
Epoch: [24][16/114]	Time 0.113 (0.134)	Data 0.020 (0.044)	Loss 0.0819 (0.0752)	MAE 0.364 (0.354)
Epoch: [24][17/114]	Time 0.109 (0.133)	Data 0.018 (0.042)	Loss 0.0804 (0.0755)	MAE 0.330 (0.353)
Epoch: [24][18/114]	Time 0.102 (0.131)	Data 0.013 (0.041)	Loss 0.0967 (0.0766)	MAE 0.424 (0.357)
Epoch: [24][19/114]	Time 0.120 (0.131)	Data 0.025 (0.040)	Loss 0.1253 (0.0791)	MAE 0.485 (0.363)
Epoch: [24][20/114]	Time 0.113 (0.130)	Data 0.023 (0.039)	Loss 0.0536 (0.0778)	MAE 0.309 (0.360)
Epoch: [24][21/114]	Time 0.117 (0.129)	Data 0.026 (0.038)	Loss 0.0611 (0.0771)	MAE 0.331 (0.359)
Epoch: [24][22/114]	Time 0.116 (0.129)	Data 0.019 (0.038)	Loss 0.0866 (0.0775)	MAE 0.355 (0.359)
Epoch: [24][23/114]	Time 0.113 (0.128)	Data 0.022 (0.037)	Loss 0.0730 (0.0773)	MAE 0.376 (0.360)
Epoch: [24][24/114]	Time 0.108 (0.127)	Data 0.021 (0.036)	Loss 0.0768 (0.0773)	MAE 0.393 (0.361)
Epoch: [24][25/114]	Time 0.111 (0.127)	Data 0.021 (0.036)	Loss 0.0883 (0.0777)	MAE 0.461 (0.365)
Epoch: [24][26/114]	Time 0.108 (0.126)	Data 0.017 (0.035)	Loss 0.1154 (0.0791)	MAE 0.491 (0.369)
Epoch: [24][27/114]	Time 0.110 (0.125)	Data 0.022 (0.035)	Loss 0.0760 (0.0790)	MAE 0.354 (0.369)
Epoch: [24][28/114]	Time 0.111 (0.125)	Data 0.020 (0.034)	Loss 0.0729 (0.0788)	MAE 0.340 (0.368)
Epoch: [24][29/114]	Time 0.111 (0.125)	Data 0.020 (0.034)	Loss 0.0700 (0.0785)	MAE 0.335 (0.367)
Epoch: [24][30/114]	Time 0.110 (0.124)	Data 0.016 (0.033)	Loss 0.0943 (0.0790)	MAE 0.375 (0.367)
Epoch: [24][31/114]	Time 0.110 (0.124)	Data 0.018 (0.033)	Loss 0.0858 (0.0792)	MAE 0.407 (0.368)
Epoch: [24][32/114]	Time 0.107 (0.123)	Data 0.016 (0.032)	Loss 0.1266 (0.0807)	MAE 0.538 (0.373)
Epoch: [24][33/114]	Time 0.108 (0.123)	Data 0.019 (0.032)	Loss 0.0661 (0.0802)	MAE 0.349 (0.373)
Epoch: [24][34/114]	Time 0.110 (0.122)	Data 0.018 (0.031)	Loss 0.0704 (0.0799)	MAE 0.310 (0.371)
Epoch: [24][35/114]	Time 0.116 (0.122)	Data 0.022 (0.031)	Loss 0.0814 (0.0800)	MAE 0.373 (0.371)
Epoch: [24][36/114]	Time 0.105 (0.122)	Data 0.014 (0.031)	Loss 0.0731 (0.0798)	MAE 0.357 (0.371)
Epoch: [24][37/114]	Time 0.109 (0.121)	Data 0.016 (0.030)	Loss 0.0922 (0.0801)	MAE 0.450 (0.373)
Epoch: [24][38/114]	Time 0.109 (0.121)	Data 0.015 (0.030)	Loss 0.0747 (0.0800)	MAE 0.370 (0.373)
Epoch: [24][39/114]	Time 0.118 (0.121)	Data 0.023 (0.030)	Loss 0.0904 (0.0802)	MAE 0.389 (0.373)
Epoch: [24][40/114]	Time 0.110 (0.121)	Data 0.020 (0.029)	Loss 0.0739 (0.0801)	MAE 0.356 (0.373)
Epoch: [24][41/114]	Time 0.114 (0.121)	Data 0.027 (0.029)	Loss 0.0686 (0.0798)	MAE 0.345 (0.372)
Epoch: [24][42/114]	Time 0.120 (0.121)	Data 0.023 (0.029)	Loss 0.0707 (0.0796)	MAE 0.371 (0.372)
Epoch: [24][43/114]	Time 0.131 (0.121)	Data 0.031 (0.029)	Loss 0.0773 (0.0796)	MAE 0.371 (0.372)
Epoch: [24][44/114]	Time 0.115 (0.121)	Data 0.022 (0.029)	Loss 0.0733 (0.0794)	MAE 0.337 (0.371)
Epoch: [24][45/114]	Time 0.106 (0.120)	Data 0.019 (0.029)	Loss 0.0693 (0.0792)	MAE 0.351 (0.371)
Epoch: [24][46/114]	Time 0.109 (0.120)	Data 0.018 (0.029)	Loss 0.0828 (0.0793)	MAE 0.366 (0.371)
Epoch: [24][47/114]	Time 0.104 (0.120)	Data 0.018 (0.028)	Loss 0.0771 (0.0792)	MAE 0.361 (0.370)
Epoch: [24][48/114]	Time 0.111 (0.120)	Data 0.021 (0.028)	Loss 0.0919 (0.0795)	MAE 0.361 (0.370)
Epoch: [24][49/114]	Time 0.108 (0.119)	Data 0.021 (0.028)	Loss 0.0735 (0.0794)	MAE 0.331 (0.369)
Epoch: [24][50/114]	Time 0.106 (0.119)	Data 0.015 (0.028)	Loss 0.0599 (0.0790)	MAE 0.332 (0.369)
Epoch: [24][51/114]	Time 0.106 (0.119)	Data 0.016 (0.028)	Loss 0.0592 (0.0786)	MAE 0.312 (0.368)
Epoch: [24][52/114]	Time 0.110 (0.119)	Data 0.018 (0.027)	Loss 0.0919 (0.0789)	MAE 0.372 (0.368)
Epoch: [24][53/114]	Time 0.113 (0.119)	Data 0.019 (0.027)	Loss 0.0794 (0.0789)	MAE 0.404 (0.368)
Epoch: [24][54/114]	Time 0.106 (0.118)	Data 0.015 (0.027)	Loss 0.0810 (0.0789)	MAE 0.356 (0.368)
Epoch: [24][55/114]	Time 0.112 (0.118)	Data 0.018 (0.027)	Loss 0.0724 (0.0788)	MAE 0.357 (0.368)
Epoch: [24][56/114]	Time 0.105 (0.118)	Data 0.014 (0.027)	Loss 0.0868 (0.0789)	MAE 0.416 (0.369)
Epoch: [24][57/114]	Time 0.112 (0.118)	Data 0.020 (0.027)	Loss 0.0714 (0.0788)	MAE 0.345 (0.368)
Epoch: [24][58/114]	Time 0.111 (0.118)	Data 0.017 (0.026)	Loss 0.0908 (0.0790)	MAE 0.371 (0.368)
Epoch: [24][59/114]	Time 0.121 (0.118)	Data 0.030 (0.026)	Loss 0.0723 (0.0789)	MAE 0.347 (0.368)
Epoch: [24][60/114]	Time 0.109 (0.118)	Data 0.021 (0.026)	Loss 0.0777 (0.0789)	MAE 0.364 (0.368)
Epoch: [24][61/114]	Time 0.125 (0.118)	Data 0.024 (0.026)	Loss 0.0809 (0.0789)	MAE 0.372 (0.368)
Epoch: [24][62/114]	Time 0.117 (0.118)	Data 0.024 (0.026)	Loss 0.0621 (0.0786)	MAE 0.337 (0.368)
Epoch: [24][63/114]	Time 0.135 (0.118)	Data 0.044 (0.027)	Loss 0.0609 (0.0784)	MAE 0.331 (0.367)
Epoch: [24][64/114]	Time 0.105 (0.118)	Data 0.017 (0.026)	Loss 0.0873 (0.0785)	MAE 0.373 (0.367)
Epoch: [24][65/114]	Time 0.116 (0.118)	Data 0.026 (0.026)	Loss 0.0705 (0.0784)	MAE 0.335 (0.367)
Epoch: [24][66/114]	Time 0.107 (0.118)	Data 0.018 (0.026)	Loss 0.0753 (0.0783)	MAE 0.337 (0.366)
Epoch: [24][67/114]	Time 0.114 (0.118)	Data 0.024 (0.026)	Loss 0.0665 (0.0782)	MAE 0.334 (0.366)
Epoch: [24][68/114]	Time 0.114 (0.118)	Data 0.018 (0.026)	Loss 0.0811 (0.0782)	MAE 0.359 (0.366)
Epoch: [24][69/114]	Time 0.114 (0.117)	Data 0.021 (0.026)	Loss 0.0714 (0.0781)	MAE 0.339 (0.365)
Epoch: [24][70/114]	Time 0.100 (0.117)	Data 0.012 (0.026)	Loss 0.0631 (0.0779)	MAE 0.325 (0.365)
Epoch: [24][71/114]	Time 0.114 (0.117)	Data 0.018 (0.026)	Loss 0.0645 (0.0777)	MAE 0.325 (0.364)
Epoch: [24][72/114]	Time 0.105 (0.117)	Data 0.015 (0.026)	Loss 0.0705 (0.0776)	MAE 0.342 (0.364)
Epoch: [24][73/114]	Time 0.106 (0.117)	Data 0.017 (0.026)	Loss 0.0704 (0.0775)	MAE 0.364 (0.364)
Epoch: [24][74/114]	Time 0.117 (0.117)	Data 0.021 (0.025)	Loss 0.0616 (0.0773)	MAE 0.332 (0.363)
Epoch: [24][75/114]	Time 0.111 (0.117)	Data 0.023 (0.025)	Loss 0.0726 (0.0772)	MAE 0.345 (0.363)
Epoch: [24][76/114]	Time 0.104 (0.117)	Data 0.014 (0.025)	Loss 0.0796 (0.0773)	MAE 0.357 (0.363)
Epoch: [24][77/114]	Time 0.110 (0.117)	Data 0.020 (0.025)	Loss 0.0880 (0.0774)	MAE 0.380 (0.363)
Epoch: [24][78/114]	Time 0.123 (0.117)	Data 0.031 (0.025)	Loss 0.0846 (0.0775)	MAE 0.380 (0.363)
Epoch: [24][79/114]	Time 0.130 (0.117)	Data 0.035 (0.025)	Loss 0.0877 (0.0776)	MAE 0.342 (0.363)
Epoch: [24][80/114]	Time 0.111 (0.117)	Data 0.016 (0.025)	Loss 0.0637 (0.0775)	MAE 0.330 (0.363)
Epoch: [24][81/114]	Time 0.109 (0.117)	Data 0.018 (0.025)	Loss 0.0764 (0.0774)	MAE 0.353 (0.363)
Epoch: [24][82/114]	Time 0.117 (0.117)	Data 0.021 (0.025)	Loss 0.0935 (0.0776)	MAE 0.352 (0.363)
Epoch: [24][83/114]	Time 0.126 (0.117)	Data 0.033 (0.025)	Loss 0.1109 (0.0780)	MAE 0.363 (0.363)
Epoch: [24][84/114]	Time 0.106 (0.117)	Data 0.019 (0.025)	Loss 0.0841 (0.0781)	MAE 0.387 (0.363)
Epoch: [24][85/114]	Time 0.111 (0.117)	Data 0.025 (0.025)	Loss 0.0680 (0.0780)	MAE 0.344 (0.363)
Epoch: [24][86/114]	Time 0.112 (0.117)	Data 0.018 (0.025)	Loss 0.0727 (0.0779)	MAE 0.371 (0.363)
Epoch: [24][87/114]	Time 0.110 (0.116)	Data 0.020 (0.025)	Loss 0.1064 (0.0782)	MAE 0.423 (0.363)
Epoch: [24][88/114]	Time 0.108 (0.116)	Data 0.019 (0.025)	Loss 0.0853 (0.0783)	MAE 0.394 (0.364)
Epoch: [24][89/114]	Time 0.115 (0.116)	Data 0.023 (0.025)	Loss 0.0984 (0.0785)	MAE 0.414 (0.364)
Epoch: [24][90/114]	Time 0.105 (0.116)	Data 0.017 (0.025)	Loss 0.0624 (0.0784)	MAE 0.335 (0.364)
Epoch: [24][91/114]	Time 0.109 (0.116)	Data 0.021 (0.025)	Loss 0.0784 (0.0784)	MAE 0.358 (0.364)
Epoch: [24][92/114]	Time 0.104 (0.116)	Data 0.012 (0.025)	Loss 0.0672 (0.0782)	MAE 0.338 (0.364)
Epoch: [24][93/114]	Time 0.108 (0.116)	Data 0.017 (0.025)	Loss 0.0826 (0.0783)	MAE 0.397 (0.364)
Epoch: [24][94/114]	Time 0.104 (0.116)	Data 0.017 (0.025)	Loss 0.1199 (0.0787)	MAE 0.437 (0.365)
Epoch: [24][95/114]	Time 0.119 (0.116)	Data 0.031 (0.025)	Loss 0.0889 (0.0788)	MAE 0.339 (0.364)
Epoch: [24][96/114]	Time 0.102 (0.116)	Data 0.014 (0.024)	Loss 0.0762 (0.0788)	MAE 0.350 (0.364)
Epoch: [24][97/114]	Time 0.112 (0.116)	Data 0.022 (0.024)	Loss 0.0662 (0.0787)	MAE 0.343 (0.364)
Epoch: [24][98/114]	Time 0.111 (0.116)	Data 0.021 (0.024)	Loss 0.0811 (0.0787)	MAE 0.378 (0.364)
Epoch: [24][99/114]	Time 0.116 (0.116)	Data 0.024 (0.024)	Loss 0.0860 (0.0788)	MAE 0.373 (0.364)
Epoch: [24][100/114]	Time 0.111 (0.116)	Data 0.018 (0.024)	Loss 0.0821 (0.0788)	MAE 0.371 (0.364)
Epoch: [24][101/114]	Time 0.134 (0.116)	Data 0.036 (0.024)	Loss 0.0897 (0.0789)	MAE 0.412 (0.365)
Epoch: [24][102/114]	Time 0.117 (0.116)	Data 0.026 (0.024)	Loss 0.0771 (0.0789)	MAE 0.370 (0.365)
Epoch: [24][103/114]	Time 0.115 (0.116)	Data 0.022 (0.024)	Loss 0.0792 (0.0789)	MAE 0.343 (0.365)
Epoch: [24][104/114]	Time 0.107 (0.116)	Data 0.018 (0.024)	Loss 0.0803 (0.0789)	MAE 0.352 (0.365)
Epoch: [24][105/114]	Time 0.115 (0.116)	Data 0.023 (0.024)	Loss 0.0874 (0.0790)	MAE 0.388 (0.365)
Epoch: [24][106/114]	Time 0.109 (0.116)	Data 0.018 (0.024)	Loss 0.0817 (0.0790)	MAE 0.373 (0.365)
Epoch: [24][107/114]	Time 0.102 (0.115)	Data 0.018 (0.024)	Loss 0.0835 (0.0791)	MAE 0.362 (0.365)
Epoch: [24][108/114]	Time 0.105 (0.115)	Data 0.015 (0.024)	Loss 0.0792 (0.0791)	MAE 0.347 (0.365)
Epoch: [24][109/114]	Time 0.115 (0.115)	Data 0.018 (0.024)	Loss 0.0769 (0.0790)	MAE 0.379 (0.365)
Epoch: [24][110/114]	Time 0.126 (0.115)	Data 0.014 (0.024)	Loss 0.0809 (0.0791)	MAE 0.328 (0.365)
Epoch: [24][111/114]	Time 0.111 (0.115)	Data 0.021 (0.024)	Loss 0.0908 (0.0792)	MAE 0.409 (0.365)
Epoch: [24][112/114]	Time 0.103 (0.115)	Data 0.013 (0.024)	Loss 0.0825 (0.0792)	MAE 0.369 (0.365)
Epoch: [24][113/114]	Time 0.092 (0.115)	Data 0.028 (0.024)	Loss 0.0725 (0.0792)	MAE 0.353 (0.365)
Test: [0/15]	Time 0.046 (0.046)	Loss 0.0779 (0.0779)	MAE 0.355 (0.355)
Test: [1/15]	Time 0.043 (0.044)	Loss 0.0971 (0.0875)	MAE 0.373 (0.364)
Test: [2/15]	Time 0.041 (0.043)	Loss 0.0681 (0.0810)	MAE 0.347 (0.358)
Test: [3/15]	Time 0.039 (0.042)	Loss 0.0676 (0.0777)	MAE 0.348 (0.356)
Test: [4/15]	Time 0.047 (0.043)	Loss 0.0676 (0.0757)	MAE 0.336 (0.352)
Test: [5/15]	Time 0.050 (0.044)	Loss 0.0780 (0.0761)	MAE 0.358 (0.353)
Test: [6/15]	Time 0.044 (0.044)	Loss 0.0669 (0.0747)	MAE 0.335 (0.350)
Test: [7/15]	Time 0.048 (0.045)	Loss 0.0815 (0.0756)	MAE 0.382 (0.354)
Test: [8/15]	Time 0.049 (0.045)	Loss 0.0822 (0.0763)	MAE 0.350 (0.354)
Test: [9/15]	Time 0.047 (0.046)	Loss 0.0648 (0.0752)	MAE 0.347 (0.353)
Test: [10/15]	Time 0.045 (0.045)	Loss 0.0854 (0.0761)	MAE 0.385 (0.356)
Test: [11/15]	Time 0.049 (0.046)	Loss 0.0819 (0.0766)	MAE 0.355 (0.356)
Test: [12/15]	Time 0.045 (0.046)	Loss 0.0952 (0.0780)	MAE 0.375 (0.357)
Test: [13/15]	Time 0.044 (0.046)	Loss 0.0761 (0.0779)	MAE 0.367 (0.358)
Test: [14/15]	Time 0.015 (0.044)	Loss 0.0801 (0.0779)	MAE 0.373 (0.358)
 * MAE 0.358
Epoch: [25][0/114]	Time 0.156 (0.156)	Data 0.057 (0.057)	Loss 0.0717 (0.0717)	MAE 0.353 (0.353)
Epoch: [25][1/114]	Time 0.114 (0.135)	Data 0.023 (0.040)	Loss 0.0691 (0.0704)	MAE 0.346 (0.350)
Epoch: [25][2/114]	Time 0.133 (0.134)	Data 0.041 (0.040)	Loss 0.0782 (0.0730)	MAE 0.386 (0.362)
Epoch: [25][3/114]	Time 0.109 (0.128)	Data 0.017 (0.034)	Loss 0.0711 (0.0725)	MAE 0.360 (0.361)
Epoch: [25][4/114]	Time 0.117 (0.126)	Data 0.022 (0.032)	Loss 0.1163 (0.0813)	MAE 0.512 (0.392)
Epoch: [25][5/114]	Time 0.108 (0.123)	Data 0.017 (0.029)	Loss 0.0681 (0.0791)	MAE 0.371 (0.388)
Epoch: [25][6/114]	Time 0.106 (0.120)	Data 0.018 (0.028)	Loss 0.0872 (0.0802)	MAE 0.371 (0.386)
Epoch: [25][7/114]	Time 0.104 (0.118)	Data 0.014 (0.026)	Loss 0.0828 (0.0806)	MAE 0.361 (0.383)
Epoch: [25][8/114]	Time 0.105 (0.117)	Data 0.023 (0.026)	Loss 0.0682 (0.0792)	MAE 0.331 (0.377)
Epoch: [25][9/114]	Time 0.106 (0.116)	Data 0.017 (0.025)	Loss 0.0783 (0.0791)	MAE 0.358 (0.375)
Epoch: [25][10/114]	Time 0.114 (0.116)	Data 0.024 (0.025)	Loss 0.0671 (0.0780)	MAE 0.337 (0.371)
Epoch: [25][11/114]	Time 0.107 (0.115)	Data 0.017 (0.024)	Loss 0.0677 (0.0772)	MAE 0.341 (0.369)
Epoch: [25][12/114]	Time 0.111 (0.115)	Data 0.021 (0.024)	Loss 0.1377 (0.0818)	MAE 0.481 (0.378)
Epoch: [25][13/114]	Time 0.102 (0.114)	Data 0.013 (0.023)	Loss 0.0833 (0.0819)	MAE 0.380 (0.378)
Epoch: [25][14/114]	Time 0.111 (0.114)	Data 0.022 (0.023)	Loss 0.0825 (0.0820)	MAE 0.379 (0.378)
Epoch: [25][15/114]	Time 0.112 (0.113)	Data 0.021 (0.023)	Loss 0.0818 (0.0819)	MAE 0.375 (0.378)
Epoch: [25][16/114]	Time 0.109 (0.113)	Data 0.021 (0.023)	Loss 0.0844 (0.0821)	MAE 0.388 (0.378)
Epoch: [25][17/114]	Time 0.115 (0.113)	Data 0.019 (0.023)	Loss 0.0773 (0.0818)	MAE 0.348 (0.376)
Epoch: [25][18/114]	Time 0.113 (0.113)	Data 0.018 (0.022)	Loss 0.0709 (0.0812)	MAE 0.355 (0.375)
Epoch: [25][19/114]	Time 0.112 (0.113)	Data 0.016 (0.022)	Loss 0.0961 (0.0820)	MAE 0.460 (0.380)
Epoch: [25][20/114]	Time 0.112 (0.113)	Data 0.023 (0.022)	Loss 0.0622 (0.0810)	MAE 0.323 (0.377)
Epoch: [25][21/114]	Time 0.119 (0.113)	Data 0.023 (0.022)	Loss 0.0654 (0.0803)	MAE 0.352 (0.376)
Epoch: [25][22/114]	Time 0.135 (0.114)	Data 0.034 (0.023)	Loss 0.1001 (0.0812)	MAE 0.432 (0.378)
Epoch: [25][23/114]	Time 0.107 (0.114)	Data 0.017 (0.022)	Loss 0.0757 (0.0810)	MAE 0.357 (0.377)
Epoch: [25][24/114]	Time 0.119 (0.114)	Data 0.024 (0.022)	Loss 0.0783 (0.0809)	MAE 0.340 (0.376)
Epoch: [25][25/114]	Time 0.107 (0.114)	Data 0.015 (0.022)	Loss 0.0792 (0.0808)	MAE 0.355 (0.375)
Epoch: [25][26/114]	Time 0.112 (0.114)	Data 0.020 (0.022)	Loss 0.0650 (0.0802)	MAE 0.336 (0.374)
Epoch: [25][27/114]	Time 0.107 (0.114)	Data 0.016 (0.022)	Loss 0.0814 (0.0803)	MAE 0.328 (0.372)
Epoch: [25][28/114]	Time 0.116 (0.114)	Data 0.023 (0.022)	Loss 0.0811 (0.0803)	MAE 0.392 (0.373)
Epoch: [25][29/114]	Time 0.103 (0.113)	Data 0.015 (0.022)	Loss 0.1132 (0.0814)	MAE 0.438 (0.375)
Epoch: [25][30/114]	Time 0.118 (0.114)	Data 0.025 (0.022)	Loss 0.0921 (0.0817)	MAE 0.397 (0.376)
Epoch: [25][31/114]	Time 0.104 (0.113)	Data 0.015 (0.022)	Loss 0.1048 (0.0824)	MAE 0.402 (0.376)
Epoch: [25][32/114]	Time 0.123 (0.114)	Data 0.032 (0.022)	Loss 0.0769 (0.0823)	MAE 0.374 (0.376)
Epoch: [25][33/114]	Time 0.107 (0.113)	Data 0.013 (0.022)	Loss 0.0722 (0.0820)	MAE 0.363 (0.376)
Epoch: [25][34/114]	Time 0.108 (0.113)	Data 0.019 (0.022)	Loss 0.0907 (0.0822)	MAE 0.373 (0.376)
Epoch: [25][35/114]	Time 0.104 (0.113)	Data 0.017 (0.021)	Loss 0.0756 (0.0820)	MAE 0.376 (0.376)
Epoch: [25][36/114]	Time 0.109 (0.113)	Data 0.020 (0.021)	Loss 0.0820 (0.0820)	MAE 0.398 (0.376)
Epoch: [25][37/114]	Time 0.111 (0.113)	Data 0.020 (0.021)	Loss 0.0775 (0.0819)	MAE 0.389 (0.377)
Epoch: [25][38/114]	Time 0.113 (0.113)	Data 0.023 (0.021)	Loss 0.1055 (0.0825)	MAE 0.402 (0.377)
Epoch: [25][39/114]	Time 0.111 (0.113)	Data 0.021 (0.021)	Loss 0.0699 (0.0822)	MAE 0.348 (0.377)
Epoch: [25][40/114]	Time 0.111 (0.113)	Data 0.022 (0.021)	Loss 0.0714 (0.0819)	MAE 0.329 (0.375)
Epoch: [25][41/114]	Time 0.125 (0.113)	Data 0.030 (0.022)	Loss 0.0702 (0.0817)	MAE 0.335 (0.375)
Epoch: [25][42/114]	Time 0.112 (0.113)	Data 0.022 (0.022)	Loss 0.0719 (0.0814)	MAE 0.356 (0.374)
Epoch: [25][43/114]	Time 0.111 (0.113)	Data 0.016 (0.021)	Loss 0.0928 (0.0817)	MAE 0.396 (0.375)
Epoch: [25][44/114]	Time 0.115 (0.113)	Data 0.019 (0.021)	Loss 0.0902 (0.0819)	MAE 0.417 (0.375)
Epoch: [25][45/114]	Time 0.105 (0.113)	Data 0.013 (0.021)	Loss 0.0741 (0.0817)	MAE 0.351 (0.375)
Epoch: [25][46/114]	Time 0.111 (0.113)	Data 0.019 (0.021)	Loss 0.0832 (0.0818)	MAE 0.373 (0.375)
Epoch: [25][47/114]	Time 0.110 (0.113)	Data 0.018 (0.021)	Loss 0.0951 (0.0820)	MAE 0.387 (0.375)
Epoch: [25][48/114]	Time 0.108 (0.113)	Data 0.017 (0.021)	Loss 0.0687 (0.0818)	MAE 0.339 (0.374)
Epoch: [25][49/114]	Time 0.111 (0.113)	Data 0.021 (0.021)	Loss 0.1233 (0.0826)	MAE 0.449 (0.376)
Epoch: [25][50/114]	Time 0.111 (0.113)	Data 0.020 (0.021)	Loss 0.0679 (0.0823)	MAE 0.323 (0.375)
Epoch: [25][51/114]	Time 0.110 (0.112)	Data 0.018 (0.021)	Loss 0.1002 (0.0826)	MAE 0.349 (0.374)
Epoch: [25][52/114]	Time 0.114 (0.113)	Data 0.018 (0.021)	Loss 0.0554 (0.0821)	MAE 0.316 (0.373)
Epoch: [25][53/114]	Time 0.115 (0.113)	Data 0.027 (0.021)	Loss 0.0782 (0.0821)	MAE 0.349 (0.373)
Epoch: [25][54/114]	Time 0.111 (0.113)	Data 0.018 (0.021)	Loss 0.0838 (0.0821)	MAE 0.388 (0.373)
Epoch: [25][55/114]	Time 0.114 (0.113)	Data 0.018 (0.021)	Loss 0.0948 (0.0823)	MAE 0.386 (0.373)
Epoch: [25][56/114]	Time 0.110 (0.113)	Data 0.019 (0.021)	Loss 0.0844 (0.0824)	MAE 0.392 (0.374)
Epoch: [25][57/114]	Time 0.119 (0.113)	Data 0.026 (0.021)	Loss 0.0790 (0.0823)	MAE 0.355 (0.373)
Epoch: [25][58/114]	Time 0.122 (0.113)	Data 0.026 (0.021)	Loss 0.0631 (0.0820)	MAE 0.340 (0.373)
Epoch: [25][59/114]	Time 0.110 (0.113)	Data 0.014 (0.021)	Loss 0.0836 (0.0820)	MAE 0.360 (0.373)
Epoch: [25][60/114]	Time 0.117 (0.113)	Data 0.024 (0.021)	Loss 0.0898 (0.0821)	MAE 0.394 (0.373)
Epoch: [25][61/114]	Time 0.132 (0.113)	Data 0.039 (0.021)	Loss 0.0850 (0.0822)	MAE 0.357 (0.373)
Epoch: [25][62/114]	Time 0.117 (0.113)	Data 0.017 (0.021)	Loss 0.0632 (0.0819)	MAE 0.346 (0.372)
Epoch: [25][63/114]	Time 0.110 (0.113)	Data 0.021 (0.021)	Loss 0.0873 (0.0820)	MAE 0.381 (0.372)
Epoch: [25][64/114]	Time 0.104 (0.113)	Data 0.016 (0.021)	Loss 0.0939 (0.0821)	MAE 0.388 (0.373)
Epoch: [25][65/114]	Time 0.109 (0.113)	Data 0.015 (0.021)	Loss 0.0724 (0.0820)	MAE 0.318 (0.372)
Epoch: [25][66/114]	Time 0.107 (0.113)	Data 0.018 (0.021)	Loss 0.0905 (0.0821)	MAE 0.356 (0.372)
Epoch: [25][67/114]	Time 0.120 (0.113)	Data 0.024 (0.021)	Loss 0.0845 (0.0822)	MAE 0.388 (0.372)
Epoch: [25][68/114]	Time 0.101 (0.113)	Data 0.014 (0.021)	Loss 0.0877 (0.0822)	MAE 0.386 (0.372)
Epoch: [25][69/114]	Time 0.115 (0.113)	Data 0.022 (0.021)	Loss 0.0733 (0.0821)	MAE 0.370 (0.372)
Epoch: [25][70/114]	Time 0.108 (0.113)	Data 0.017 (0.021)	Loss 0.0674 (0.0819)	MAE 0.324 (0.371)
Epoch: [25][71/114]	Time 0.107 (0.113)	Data 0.018 (0.021)	Loss 0.0717 (0.0818)	MAE 0.330 (0.371)
Epoch: [25][72/114]	Time 0.111 (0.113)	Data 0.017 (0.021)	Loss 0.0682 (0.0816)	MAE 0.326 (0.370)
Epoch: [25][73/114]	Time 0.113 (0.113)	Data 0.023 (0.021)	Loss 0.0765 (0.0815)	MAE 0.369 (0.370)
Epoch: [25][74/114]	Time 0.110 (0.113)	Data 0.016 (0.021)	Loss 0.0695 (0.0813)	MAE 0.352 (0.370)
Epoch: [25][75/114]	Time 0.117 (0.113)	Data 0.019 (0.021)	Loss 0.0961 (0.0815)	MAE 0.389 (0.370)
Epoch: [25][76/114]	Time 0.109 (0.113)	Data 0.015 (0.021)	Loss 0.0768 (0.0815)	MAE 0.344 (0.370)
Epoch: [25][77/114]	Time 0.116 (0.113)	Data 0.024 (0.021)	Loss 0.0742 (0.0814)	MAE 0.369 (0.370)
Epoch: [25][78/114]	Time 0.110 (0.113)	Data 0.020 (0.021)	Loss 0.0624 (0.0811)	MAE 0.320 (0.369)
Epoch: [25][79/114]	Time 0.118 (0.113)	Data 0.023 (0.021)	Loss 0.0587 (0.0809)	MAE 0.329 (0.369)
Epoch: [25][80/114]	Time 0.116 (0.113)	Data 0.023 (0.021)	Loss 0.0720 (0.0808)	MAE 0.360 (0.368)
Epoch: [25][81/114]	Time 0.124 (0.113)	Data 0.030 (0.021)	Loss 0.0711 (0.0806)	MAE 0.333 (0.368)
Epoch: [25][82/114]	Time 0.107 (0.113)	Data 0.015 (0.021)	Loss 0.0872 (0.0807)	MAE 0.403 (0.368)
Epoch: [25][83/114]	Time 0.119 (0.113)	Data 0.029 (0.021)	Loss 0.1030 (0.0810)	MAE 0.403 (0.369)
Epoch: [25][84/114]	Time 0.107 (0.113)	Data 0.018 (0.021)	Loss 0.0894 (0.0811)	MAE 0.376 (0.369)
Epoch: [25][85/114]	Time 0.111 (0.113)	Data 0.017 (0.021)	Loss 0.0734 (0.0810)	MAE 0.361 (0.369)
Epoch: [25][86/114]	Time 0.108 (0.113)	Data 0.016 (0.021)	Loss 0.0534 (0.0807)	MAE 0.327 (0.368)
Epoch: [25][87/114]	Time 0.110 (0.113)	Data 0.020 (0.021)	Loss 0.0751 (0.0806)	MAE 0.352 (0.368)
Epoch: [25][88/114]	Time 0.106 (0.113)	Data 0.015 (0.021)	Loss 0.0796 (0.0806)	MAE 0.395 (0.369)
Epoch: [25][89/114]	Time 0.111 (0.113)	Data 0.018 (0.021)	Loss 0.1001 (0.0808)	MAE 0.414 (0.369)
Epoch: [25][90/114]	Time 0.105 (0.113)	Data 0.014 (0.021)	Loss 0.0621 (0.0806)	MAE 0.315 (0.368)
Epoch: [25][91/114]	Time 0.111 (0.112)	Data 0.019 (0.021)	Loss 0.0751 (0.0805)	MAE 0.361 (0.368)
Epoch: [25][92/114]	Time 0.105 (0.112)	Data 0.014 (0.020)	Loss 0.0722 (0.0805)	MAE 0.329 (0.368)
Epoch: [25][93/114]	Time 0.107 (0.112)	Data 0.023 (0.021)	Loss 0.0699 (0.0803)	MAE 0.354 (0.368)
Epoch: [25][94/114]	Time 0.109 (0.112)	Data 0.015 (0.020)	Loss 0.0822 (0.0804)	MAE 0.400 (0.368)
Epoch: [25][95/114]	Time 0.111 (0.112)	Data 0.021 (0.020)	Loss 0.1036 (0.0806)	MAE 0.448 (0.369)
Epoch: [25][96/114]	Time 0.112 (0.112)	Data 0.020 (0.020)	Loss 0.0732 (0.0805)	MAE 0.350 (0.369)
Epoch: [25][97/114]	Time 0.112 (0.112)	Data 0.023 (0.020)	Loss 0.0636 (0.0804)	MAE 0.332 (0.368)
Epoch: [25][98/114]	Time 0.115 (0.112)	Data 0.018 (0.020)	Loss 0.0747 (0.0803)	MAE 0.344 (0.368)
Epoch: [25][99/114]	Time 0.108 (0.112)	Data 0.019 (0.020)	Loss 0.0643 (0.0801)	MAE 0.349 (0.368)
Epoch: [25][100/114]	Time 0.113 (0.112)	Data 0.019 (0.020)	Loss 0.0848 (0.0802)	MAE 0.351 (0.368)
Epoch: [25][101/114]	Time 0.127 (0.112)	Data 0.039 (0.021)	Loss 0.0862 (0.0802)	MAE 0.352 (0.368)
Epoch: [25][102/114]	Time 0.111 (0.112)	Data 0.020 (0.021)	Loss 0.1058 (0.0805)	MAE 0.399 (0.368)
Epoch: [25][103/114]	Time 0.108 (0.112)	Data 0.019 (0.021)	Loss 0.0714 (0.0804)	MAE 0.343 (0.368)
Epoch: [25][104/114]	Time 0.110 (0.112)	Data 0.021 (0.021)	Loss 0.0620 (0.0802)	MAE 0.303 (0.367)
Epoch: [25][105/114]	Time 0.114 (0.112)	Data 0.022 (0.021)	Loss 0.0698 (0.0801)	MAE 0.333 (0.367)
Epoch: [25][106/114]	Time 0.105 (0.112)	Data 0.015 (0.021)	Loss 0.0725 (0.0801)	MAE 0.346 (0.367)
Epoch: [25][107/114]	Time 0.112 (0.112)	Data 0.023 (0.021)	Loss 0.0988 (0.0802)	MAE 0.417 (0.367)
Epoch: [25][108/114]	Time 0.110 (0.112)	Data 0.016 (0.021)	Loss 0.0592 (0.0800)	MAE 0.331 (0.367)
Epoch: [25][109/114]	Time 0.111 (0.112)	Data 0.021 (0.021)	Loss 0.0916 (0.0801)	MAE 0.381 (0.367)
Epoch: [25][110/114]	Time 0.110 (0.112)	Data 0.017 (0.021)	Loss 0.0987 (0.0803)	MAE 0.338 (0.367)
Epoch: [25][111/114]	Time 0.108 (0.112)	Data 0.020 (0.021)	Loss 0.0727 (0.0802)	MAE 0.336 (0.366)
Epoch: [25][112/114]	Time 0.116 (0.112)	Data 0.019 (0.021)	Loss 0.0868 (0.0803)	MAE 0.336 (0.366)
Epoch: [25][113/114]	Time 0.089 (0.112)	Data 0.027 (0.021)	Loss 0.0729 (0.0803)	MAE 0.373 (0.366)
Test: [0/15]	Time 0.044 (0.044)	Loss 0.0774 (0.0774)	MAE 0.353 (0.353)
Test: [1/15]	Time 0.044 (0.044)	Loss 0.0740 (0.0757)	MAE 0.365 (0.359)
Test: [2/15]	Time 0.041 (0.043)	Loss 0.0890 (0.0801)	MAE 0.367 (0.362)
Test: [3/15]	Time 0.045 (0.044)	Loss 0.1012 (0.0854)	MAE 0.397 (0.370)
Test: [4/15]	Time 0.056 (0.046)	Loss 0.1011 (0.0885)	MAE 0.394 (0.375)
Test: [5/15]	Time 0.055 (0.048)	Loss 0.0792 (0.0870)	MAE 0.367 (0.374)
Test: [6/15]	Time 0.058 (0.049)	Loss 0.1275 (0.0928)	MAE 0.408 (0.379)
Test: [7/15]	Time 0.049 (0.049)	Loss 0.0954 (0.0931)	MAE 0.375 (0.378)
Test: [8/15]	Time 0.049 (0.049)	Loss 0.0725 (0.0908)	MAE 0.343 (0.374)
Test: [9/15]	Time 0.048 (0.049)	Loss 0.0722 (0.0889)	MAE 0.360 (0.373)
Test: [10/15]	Time 0.046 (0.049)	Loss 0.0888 (0.0889)	MAE 0.385 (0.374)
Test: [11/15]	Time 0.044 (0.048)	Loss 0.0745 (0.0877)	MAE 0.361 (0.373)
Test: [12/15]	Time 0.046 (0.048)	Loss 0.0807 (0.0872)	MAE 0.364 (0.372)
Test: [13/15]	Time 0.050 (0.048)	Loss 0.0850 (0.0870)	MAE 0.374 (0.372)
Test: [14/15]	Time 0.017 (0.046)	Loss 0.0805 (0.0869)	MAE 0.350 (0.372)
 * MAE 0.372
Epoch: [26][0/114]	Time 0.163 (0.163)	Data 0.065 (0.065)	Loss 0.0619 (0.0619)	MAE 0.325 (0.325)
Epoch: [26][1/114]	Time 0.114 (0.139)	Data 0.018 (0.042)	Loss 0.1094 (0.0856)	MAE 0.423 (0.374)
Epoch: [26][2/114]	Time 0.117 (0.131)	Data 0.026 (0.036)	Loss 0.0565 (0.0759)	MAE 0.326 (0.358)
Epoch: [26][3/114]	Time 0.108 (0.125)	Data 0.019 (0.032)	Loss 0.0829 (0.0777)	MAE 0.369 (0.361)
Epoch: [26][4/114]	Time 0.114 (0.123)	Data 0.023 (0.030)	Loss 0.0652 (0.0752)	MAE 0.323 (0.353)
Epoch: [26][5/114]	Time 0.109 (0.121)	Data 0.015 (0.028)	Loss 0.0506 (0.0711)	MAE 0.304 (0.345)
Epoch: [26][6/114]	Time 0.110 (0.119)	Data 0.021 (0.027)	Loss 0.0820 (0.0726)	MAE 0.382 (0.350)
Epoch: [26][7/114]	Time 0.101 (0.117)	Data 0.019 (0.026)	Loss 0.0950 (0.0754)	MAE 0.393 (0.356)
Epoch: [26][8/114]	Time 0.107 (0.116)	Data 0.020 (0.025)	Loss 0.0786 (0.0758)	MAE 0.381 (0.358)
Epoch: [26][9/114]	Time 0.106 (0.115)	Data 0.016 (0.024)	Loss 0.0897 (0.0772)	MAE 0.361 (0.359)
Epoch: [26][10/114]	Time 0.111 (0.115)	Data 0.022 (0.024)	Loss 0.0587 (0.0755)	MAE 0.312 (0.354)
Epoch: [26][11/114]	Time 0.119 (0.115)	Data 0.026 (0.024)	Loss 0.0794 (0.0758)	MAE 0.391 (0.357)
Epoch: [26][12/114]	Time 0.117 (0.115)	Data 0.023 (0.024)	Loss 0.0730 (0.0756)	MAE 0.362 (0.358)
Epoch: [26][13/114]	Time 0.110 (0.115)	Data 0.021 (0.024)	Loss 0.0905 (0.0767)	MAE 0.385 (0.360)
Epoch: [26][14/114]	Time 0.115 (0.115)	Data 0.024 (0.024)	Loss 0.0980 (0.0781)	MAE 0.406 (0.363)
Epoch: [26][15/114]	Time 0.111 (0.115)	Data 0.019 (0.024)	Loss 0.0833 (0.0784)	MAE 0.357 (0.363)
Epoch: [26][16/114]	Time 0.138 (0.116)	Data 0.045 (0.025)	Loss 0.0762 (0.0783)	MAE 0.354 (0.362)
Epoch: [26][17/114]	Time 0.115 (0.116)	Data 0.022 (0.025)	Loss 0.0767 (0.0782)	MAE 0.341 (0.361)
Epoch: [26][18/114]	Time 0.123 (0.116)	Data 0.023 (0.025)	Loss 0.0878 (0.0787)	MAE 0.369 (0.361)
Epoch: [26][19/114]	Time 0.135 (0.117)	Data 0.034 (0.025)	Loss 0.1173 (0.0806)	MAE 0.444 (0.365)
Epoch: [26][20/114]	Time 0.121 (0.117)	Data 0.024 (0.025)	Loss 0.0629 (0.0798)	MAE 0.315 (0.363)
Epoch: [26][21/114]	Time 0.137 (0.118)	Data 0.037 (0.026)	Loss 0.0752 (0.0796)	MAE 0.332 (0.362)
Epoch: [26][22/114]	Time 0.118 (0.118)	Data 0.025 (0.026)	Loss 0.0904 (0.0800)	MAE 0.364 (0.362)
Epoch: [26][23/114]	Time 0.104 (0.118)	Data 0.017 (0.025)	Loss 0.0801 (0.0801)	MAE 0.363 (0.362)
Epoch: [26][24/114]	Time 0.117 (0.118)	Data 0.026 (0.025)	Loss 0.0702 (0.0797)	MAE 0.328 (0.360)
Epoch: [26][25/114]	Time 0.101 (0.117)	Data 0.015 (0.025)	Loss 0.0821 (0.0798)	MAE 0.359 (0.360)
Epoch: [26][26/114]	Time 0.123 (0.117)	Data 0.022 (0.025)	Loss 0.0839 (0.0799)	MAE 0.379 (0.361)
Epoch: [26][27/114]	Time 0.104 (0.117)	Data 0.013 (0.024)	Loss 0.0726 (0.0796)	MAE 0.337 (0.360)
Epoch: [26][28/114]	Time 0.116 (0.117)	Data 0.019 (0.024)	Loss 0.0810 (0.0797)	MAE 0.335 (0.359)
Epoch: [26][29/114]	Time 0.111 (0.117)	Data 0.015 (0.024)	Loss 0.0686 (0.0793)	MAE 0.340 (0.359)
Epoch: [26][30/114]	Time 0.129 (0.117)	Data 0.032 (0.024)	Loss 0.0662 (0.0789)	MAE 0.352 (0.359)
Epoch: [26][31/114]	Time 0.128 (0.117)	Data 0.024 (0.024)	Loss 0.0744 (0.0788)	MAE 0.353 (0.358)
Epoch: [26][32/114]	Time 0.119 (0.117)	Data 0.020 (0.024)	Loss 0.0813 (0.0788)	MAE 0.385 (0.359)
Epoch: [26][33/114]	Time 0.118 (0.117)	Data 0.023 (0.024)	Loss 0.0847 (0.0790)	MAE 0.368 (0.359)
Epoch: [26][34/114]	Time 0.125 (0.118)	Data 0.031 (0.024)	Loss 0.0869 (0.0792)	MAE 0.384 (0.360)
Epoch: [26][35/114]	Time 0.120 (0.118)	Data 0.022 (0.024)	Loss 0.0899 (0.0795)	MAE 0.372 (0.360)
Epoch: [26][36/114]	Time 0.130 (0.118)	Data 0.033 (0.024)	Loss 0.0845 (0.0797)	MAE 0.368 (0.361)
Epoch: [26][37/114]	Time 0.114 (0.118)	Data 0.021 (0.024)	Loss 0.0761 (0.0796)	MAE 0.343 (0.360)
Epoch: [26][38/114]	Time 0.158 (0.119)	Data 0.050 (0.025)	Loss 0.0785 (0.0795)	MAE 0.346 (0.360)
Epoch: [26][39/114]	Time 0.125 (0.119)	Data 0.023 (0.025)	Loss 0.0671 (0.0792)	MAE 0.354 (0.360)
Epoch: [26][40/114]	Time 0.121 (0.119)	Data 0.026 (0.025)	Loss 0.0834 (0.0793)	MAE 0.350 (0.359)
Epoch: [26][41/114]	Time 0.109 (0.119)	Data 0.020 (0.025)	Loss 0.0727 (0.0792)	MAE 0.330 (0.359)
Epoch: [26][42/114]	Time 0.125 (0.119)	Data 0.028 (0.025)	Loss 0.0660 (0.0789)	MAE 0.322 (0.358)
Epoch: [26][43/114]	Time 0.115 (0.119)	Data 0.019 (0.025)	Loss 0.0726 (0.0787)	MAE 0.339 (0.357)
Epoch: [26][44/114]	Time 0.128 (0.119)	Data 0.031 (0.025)	Loss 0.0851 (0.0789)	MAE 0.357 (0.357)
Epoch: [26][45/114]	Time 0.110 (0.119)	Data 0.018 (0.025)	Loss 0.0601 (0.0785)	MAE 0.311 (0.356)
Epoch: [26][46/114]	Time 0.118 (0.119)	Data 0.025 (0.025)	Loss 0.0659 (0.0782)	MAE 0.337 (0.356)
Epoch: [26][47/114]	Time 0.112 (0.119)	Data 0.017 (0.025)	Loss 0.0734 (0.0781)	MAE 0.359 (0.356)
Epoch: [26][48/114]	Time 0.127 (0.119)	Data 0.035 (0.025)	Loss 0.0762 (0.0781)	MAE 0.369 (0.356)
Epoch: [26][49/114]	Time 0.110 (0.119)	Data 0.015 (0.025)	Loss 0.0744 (0.0780)	MAE 0.352 (0.356)
Epoch: [26][50/114]	Time 0.109 (0.119)	Data 0.019 (0.024)	Loss 0.0752 (0.0779)	MAE 0.356 (0.356)
Epoch: [26][51/114]	Time 0.112 (0.118)	Data 0.017 (0.024)	Loss 0.0840 (0.0780)	MAE 0.390 (0.357)
Epoch: [26][52/114]	Time 0.126 (0.119)	Data 0.032 (0.024)	Loss 0.0765 (0.0780)	MAE 0.377 (0.357)
Epoch: [26][53/114]	Time 0.107 (0.118)	Data 0.017 (0.024)	Loss 0.0826 (0.0781)	MAE 0.354 (0.357)
Epoch: [26][54/114]	Time 0.113 (0.118)	Data 0.021 (0.024)	Loss 0.0733 (0.0780)	MAE 0.343 (0.357)
Epoch: [26][55/114]	Time 0.111 (0.118)	Data 0.018 (0.024)	Loss 0.0603 (0.0777)	MAE 0.320 (0.356)
Epoch: [26][56/114]	Time 0.110 (0.118)	Data 0.020 (0.024)	Loss 0.0622 (0.0774)	MAE 0.327 (0.356)
Epoch: [26][57/114]	Time 0.116 (0.118)	Data 0.017 (0.024)	Loss 0.0850 (0.0776)	MAE 0.392 (0.356)
Epoch: [26][58/114]	Time 0.128 (0.118)	Data 0.030 (0.024)	Loss 0.0896 (0.0778)	MAE 0.368 (0.357)
Epoch: [26][59/114]	Time 0.117 (0.118)	Data 0.024 (0.024)	Loss 0.0878 (0.0779)	MAE 0.380 (0.357)
Epoch: [26][60/114]	Time 0.122 (0.118)	Data 0.027 (0.024)	Loss 0.0914 (0.0781)	MAE 0.357 (0.357)
Epoch: [26][61/114]	Time 0.134 (0.118)	Data 0.030 (0.024)	Loss 0.0625 (0.0779)	MAE 0.358 (0.357)
Epoch: [26][62/114]	Time 0.125 (0.119)	Data 0.018 (0.024)	Loss 0.0934 (0.0781)	MAE 0.407 (0.358)
Epoch: [26][63/114]	Time 0.121 (0.119)	Data 0.026 (0.024)	Loss 0.0703 (0.0780)	MAE 0.341 (0.358)
Epoch: [26][64/114]	Time 0.107 (0.118)	Data 0.018 (0.024)	Loss 0.0900 (0.0782)	MAE 0.366 (0.358)
Epoch: [26][65/114]	Time 0.108 (0.118)	Data 0.019 (0.024)	Loss 0.0733 (0.0781)	MAE 0.329 (0.357)
Epoch: [26][66/114]	Time 0.107 (0.118)	Data 0.020 (0.024)	Loss 0.0717 (0.0780)	MAE 0.354 (0.357)
Epoch: [26][67/114]	Time 0.123 (0.118)	Data 0.033 (0.024)	Loss 0.0695 (0.0779)	MAE 0.360 (0.357)
Epoch: [26][68/114]	Time 0.119 (0.118)	Data 0.019 (0.024)	Loss 0.0774 (0.0779)	MAE 0.350 (0.357)
Epoch: [26][69/114]	Time 0.113 (0.118)	Data 0.021 (0.024)	Loss 0.0672 (0.0777)	MAE 0.337 (0.357)
Epoch: [26][70/114]	Time 0.117 (0.118)	Data 0.020 (0.024)	Loss 0.0544 (0.0774)	MAE 0.311 (0.356)
Epoch: [26][71/114]	Time 0.131 (0.118)	Data 0.036 (0.024)	Loss 0.0600 (0.0772)	MAE 0.321 (0.356)
Epoch: [26][72/114]	Time 0.110 (0.118)	Data 0.018 (0.024)	Loss 0.0851 (0.0773)	MAE 0.346 (0.356)
Epoch: [26][73/114]	Time 0.113 (0.118)	Data 0.023 (0.024)	Loss 0.0602 (0.0771)	MAE 0.330 (0.355)
Epoch: [26][74/114]	Time 0.112 (0.118)	Data 0.017 (0.024)	Loss 0.0613 (0.0768)	MAE 0.338 (0.355)
Epoch: [26][75/114]	Time 0.116 (0.118)	Data 0.023 (0.024)	Loss 0.0731 (0.0768)	MAE 0.372 (0.355)
Epoch: [26][76/114]	Time 0.116 (0.118)	Data 0.019 (0.024)	Loss 0.0691 (0.0767)	MAE 0.373 (0.355)
Epoch: [26][77/114]	Time 0.116 (0.118)	Data 0.021 (0.024)	Loss 0.0782 (0.0767)	MAE 0.381 (0.356)
Epoch: [26][78/114]	Time 0.120 (0.118)	Data 0.025 (0.024)	Loss 0.0893 (0.0769)	MAE 0.375 (0.356)
Epoch: [26][79/114]	Time 0.113 (0.118)	Data 0.020 (0.024)	Loss 0.0676 (0.0768)	MAE 0.357 (0.356)
Epoch: [26][80/114]	Time 0.124 (0.118)	Data 0.030 (0.024)	Loss 0.1018 (0.0771)	MAE 0.407 (0.357)
Epoch: [26][81/114]	Time 0.114 (0.118)	Data 0.018 (0.024)	Loss 0.0711 (0.0770)	MAE 0.347 (0.357)
Epoch: [26][82/114]	Time 0.119 (0.118)	Data 0.026 (0.024)	Loss 0.0813 (0.0770)	MAE 0.337 (0.356)
Epoch: [26][83/114]	Time 0.110 (0.118)	Data 0.020 (0.024)	Loss 0.0690 (0.0770)	MAE 0.353 (0.356)
Epoch: [26][84/114]	Time 0.113 (0.118)	Data 0.017 (0.024)	Loss 0.0956 (0.0772)	MAE 0.387 (0.357)
Epoch: [26][85/114]	Time 0.119 (0.118)	Data 0.021 (0.024)	Loss 0.0840 (0.0772)	MAE 0.355 (0.357)
Epoch: [26][86/114]	Time 0.117 (0.118)	Data 0.019 (0.024)	Loss 0.1129 (0.0777)	MAE 0.443 (0.358)
Epoch: [26][87/114]	Time 0.121 (0.118)	Data 0.023 (0.024)	Loss 0.0806 (0.0777)	MAE 0.349 (0.357)
Epoch: [26][88/114]	Time 0.104 (0.118)	Data 0.017 (0.023)	Loss 0.0663 (0.0776)	MAE 0.340 (0.357)
Epoch: [26][89/114]	Time 0.121 (0.118)	Data 0.023 (0.023)	Loss 0.1028 (0.0778)	MAE 0.381 (0.358)
Epoch: [26][90/114]	Time 0.123 (0.118)	Data 0.031 (0.024)	Loss 0.0830 (0.0779)	MAE 0.350 (0.357)
Epoch: [26][91/114]	Time 0.116 (0.118)	Data 0.025 (0.024)	Loss 0.0721 (0.0778)	MAE 0.331 (0.357)
Epoch: [26][92/114]	Time 0.122 (0.118)	Data 0.027 (0.024)	Loss 0.0680 (0.0777)	MAE 0.313 (0.357)
Epoch: [26][93/114]	Time 0.120 (0.118)	Data 0.023 (0.024)	Loss 0.0977 (0.0779)	MAE 0.353 (0.357)
Epoch: [26][94/114]	Time 0.108 (0.118)	Data 0.022 (0.024)	Loss 0.0701 (0.0779)	MAE 0.361 (0.357)
Epoch: [26][95/114]	Time 0.116 (0.118)	Data 0.019 (0.024)	Loss 0.1030 (0.0781)	MAE 0.454 (0.358)
Epoch: [26][96/114]	Time 0.138 (0.118)	Data 0.039 (0.024)	Loss 0.0995 (0.0783)	MAE 0.419 (0.358)
Epoch: [26][97/114]	Time 0.112 (0.118)	Data 0.019 (0.024)	Loss 0.0620 (0.0782)	MAE 0.321 (0.358)
Epoch: [26][98/114]	Time 0.114 (0.118)	Data 0.024 (0.024)	Loss 0.0931 (0.0783)	MAE 0.375 (0.358)
Epoch: [26][99/114]	Time 0.103 (0.118)	Data 0.016 (0.024)	Loss 0.0699 (0.0782)	MAE 0.334 (0.358)
Epoch: [26][100/114]	Time 0.122 (0.118)	Data 0.022 (0.024)	Loss 0.0654 (0.0781)	MAE 0.335 (0.358)
Epoch: [26][101/114]	Time 0.104 (0.118)	Data 0.019 (0.024)	Loss 0.0660 (0.0780)	MAE 0.312 (0.357)
Epoch: [26][102/114]	Time 0.109 (0.118)	Data 0.018 (0.023)	Loss 0.0645 (0.0779)	MAE 0.316 (0.357)
Epoch: [26][103/114]	Time 0.101 (0.117)	Data 0.015 (0.023)	Loss 0.0651 (0.0777)	MAE 0.321 (0.357)
Epoch: [26][104/114]	Time 0.117 (0.117)	Data 0.027 (0.023)	Loss 0.0676 (0.0776)	MAE 0.338 (0.356)
Epoch: [26][105/114]	Time 0.111 (0.117)	Data 0.019 (0.023)	Loss 0.0576 (0.0775)	MAE 0.303 (0.356)
Epoch: [26][106/114]	Time 0.106 (0.117)	Data 0.019 (0.023)	Loss 0.0704 (0.0774)	MAE 0.332 (0.356)
Epoch: [26][107/114]	Time 0.106 (0.117)	Data 0.018 (0.023)	Loss 0.0798 (0.0774)	MAE 0.354 (0.356)
Epoch: [26][108/114]	Time 0.114 (0.117)	Data 0.022 (0.023)	Loss 0.0730 (0.0774)	MAE 0.362 (0.356)
Epoch: [26][109/114]	Time 0.120 (0.117)	Data 0.025 (0.023)	Loss 0.0708 (0.0773)	MAE 0.342 (0.356)
Epoch: [26][110/114]	Time 0.116 (0.117)	Data 0.025 (0.023)	Loss 0.0857 (0.0774)	MAE 0.383 (0.356)
Epoch: [26][111/114]	Time 0.117 (0.117)	Data 0.024 (0.023)	Loss 0.0920 (0.0775)	MAE 0.381 (0.356)
Epoch: [26][112/114]	Time 0.117 (0.117)	Data 0.026 (0.023)	Loss 0.0654 (0.0774)	MAE 0.331 (0.356)
Epoch: [26][113/114]	Time 0.089 (0.117)	Data 0.025 (0.023)	Loss 0.0624 (0.0773)	MAE 0.328 (0.356)
Test: [0/15]	Time 0.052 (0.052)	Loss 0.0712 (0.0712)	MAE 0.318 (0.318)
Test: [1/15]	Time 0.048 (0.050)	Loss 0.0651 (0.0682)	MAE 0.324 (0.321)
Test: [2/15]	Time 0.048 (0.050)	Loss 0.0742 (0.0702)	MAE 0.330 (0.324)
Test: [3/15]	Time 0.060 (0.052)	Loss 0.0676 (0.0696)	MAE 0.322 (0.323)
Test: [4/15]	Time 0.060 (0.054)	Loss 0.0755 (0.0708)	MAE 0.336 (0.326)
Test: [5/15]	Time 0.051 (0.053)	Loss 0.0634 (0.0695)	MAE 0.313 (0.324)
Test: [6/15]	Time 0.049 (0.053)	Loss 0.0835 (0.0715)	MAE 0.317 (0.323)
Test: [7/15]	Time 0.042 (0.051)	Loss 0.0744 (0.0719)	MAE 0.339 (0.325)
Test: [8/15]	Time 0.046 (0.051)	Loss 0.0621 (0.0708)	MAE 0.313 (0.324)
Test: [9/15]	Time 0.048 (0.050)	Loss 0.0769 (0.0714)	MAE 0.350 (0.326)
Test: [10/15]	Time 0.049 (0.050)	Loss 0.0617 (0.0705)	MAE 0.318 (0.325)
Test: [11/15]	Time 0.047 (0.050)	Loss 0.0846 (0.0717)	MAE 0.339 (0.327)
Test: [12/15]	Time 0.046 (0.050)	Loss 0.0852 (0.0727)	MAE 0.344 (0.328)
Test: [13/15]	Time 0.047 (0.050)	Loss 0.0883 (0.0738)	MAE 0.363 (0.330)
Test: [14/15]	Time 0.018 (0.047)	Loss 0.0934 (0.0741)	MAE 0.385 (0.331)
 * MAE 0.331
Epoch: [27][0/114]	Time 0.175 (0.175)	Data 0.082 (0.082)	Loss 0.0570 (0.0570)	MAE 0.307 (0.307)
Epoch: [27][1/114]	Time 0.111 (0.143)	Data 0.016 (0.049)	Loss 0.0857 (0.0713)	MAE 0.383 (0.345)
Epoch: [27][2/114]	Time 0.115 (0.134)	Data 0.027 (0.042)	Loss 0.0592 (0.0673)	MAE 0.333 (0.341)
Epoch: [27][3/114]	Time 0.094 (0.124)	Data 0.012 (0.034)	Loss 0.0621 (0.0660)	MAE 0.339 (0.340)
Epoch: [27][4/114]	Time 0.110 (0.121)	Data 0.019 (0.031)	Loss 0.0568 (0.0641)	MAE 0.309 (0.334)
Epoch: [27][5/114]	Time 0.105 (0.119)	Data 0.015 (0.029)	Loss 0.0524 (0.0622)	MAE 0.293 (0.327)
Epoch: [27][6/114]	Time 0.108 (0.117)	Data 0.021 (0.027)	Loss 0.0617 (0.0621)	MAE 0.333 (0.328)
Epoch: [27][7/114]	Time 0.110 (0.116)	Data 0.020 (0.027)	Loss 0.0901 (0.0656)	MAE 0.345 (0.330)
Epoch: [27][8/114]	Time 0.125 (0.117)	Data 0.034 (0.027)	Loss 0.0991 (0.0693)	MAE 0.425 (0.341)
Epoch: [27][9/114]	Time 0.113 (0.117)	Data 0.024 (0.027)	Loss 0.1151 (0.0739)	MAE 0.391 (0.346)
Epoch: [27][10/114]	Time 0.123 (0.117)	Data 0.029 (0.027)	Loss 0.0794 (0.0744)	MAE 0.354 (0.347)
Epoch: [27][11/114]	Time 0.111 (0.117)	Data 0.018 (0.026)	Loss 0.0900 (0.0757)	MAE 0.359 (0.348)
Epoch: [27][12/114]	Time 0.117 (0.117)	Data 0.025 (0.026)	Loss 0.0656 (0.0749)	MAE 0.352 (0.348)
Epoch: [27][13/114]	Time 0.113 (0.117)	Data 0.016 (0.026)	Loss 0.0588 (0.0738)	MAE 0.322 (0.346)
Epoch: [27][14/114]	Time 0.119 (0.117)	Data 0.025 (0.026)	Loss 0.0739 (0.0738)	MAE 0.343 (0.346)
Epoch: [27][15/114]	Time 0.116 (0.117)	Data 0.024 (0.025)	Loss 0.0695 (0.0735)	MAE 0.330 (0.345)
Epoch: [27][16/114]	Time 0.110 (0.116)	Data 0.018 (0.025)	Loss 0.0647 (0.0730)	MAE 0.329 (0.344)
Epoch: [27][17/114]	Time 0.110 (0.116)	Data 0.014 (0.024)	Loss 0.0779 (0.0733)	MAE 0.380 (0.346)
Epoch: [27][18/114]	Time 0.117 (0.116)	Data 0.016 (0.024)	Loss 0.0771 (0.0735)	MAE 0.343 (0.346)
Epoch: [27][19/114]	Time 0.113 (0.116)	Data 0.023 (0.024)	Loss 0.0791 (0.0738)	MAE 0.348 (0.346)
Epoch: [27][20/114]	Time 0.109 (0.116)	Data 0.016 (0.023)	Loss 0.0607 (0.0731)	MAE 0.304 (0.344)
Epoch: [27][21/114]	Time 0.116 (0.116)	Data 0.023 (0.023)	Loss 0.0727 (0.0731)	MAE 0.347 (0.344)
Epoch: [27][22/114]	Time 0.117 (0.116)	Data 0.027 (0.024)	Loss 0.0769 (0.0733)	MAE 0.363 (0.345)
Epoch: [27][23/114]	Time 0.118 (0.116)	Data 0.024 (0.024)	Loss 0.0871 (0.0739)	MAE 0.371 (0.346)
Epoch: [27][24/114]	Time 0.105 (0.115)	Data 0.017 (0.023)	Loss 0.0567 (0.0732)	MAE 0.303 (0.344)
Epoch: [27][25/114]	Time 0.109 (0.115)	Data 0.022 (0.023)	Loss 0.0767 (0.0733)	MAE 0.361 (0.345)
Epoch: [27][26/114]	Time 0.107 (0.115)	Data 0.016 (0.023)	Loss 0.0538 (0.0726)	MAE 0.295 (0.343)
Epoch: [27][27/114]	Time 0.118 (0.115)	Data 0.023 (0.023)	Loss 0.0682 (0.0724)	MAE 0.343 (0.343)
Epoch: [27][28/114]	Time 0.113 (0.115)	Data 0.021 (0.023)	Loss 0.0627 (0.0721)	MAE 0.317 (0.342)
Epoch: [27][29/114]	Time 0.113 (0.115)	Data 0.020 (0.023)	Loss 0.0701 (0.0720)	MAE 0.330 (0.342)
Epoch: [27][30/114]	Time 0.116 (0.115)	Data 0.022 (0.023)	Loss 0.0692 (0.0719)	MAE 0.328 (0.341)
Epoch: [27][31/114]	Time 0.117 (0.115)	Data 0.025 (0.023)	Loss 0.0786 (0.0721)	MAE 0.364 (0.342)
Epoch: [27][32/114]	Time 0.106 (0.115)	Data 0.016 (0.023)	Loss 0.0706 (0.0721)	MAE 0.343 (0.342)
Epoch: [27][33/114]	Time 0.115 (0.115)	Data 0.020 (0.023)	Loss 0.0707 (0.0721)	MAE 0.350 (0.342)
Epoch: [27][34/114]	Time 0.106 (0.114)	Data 0.017 (0.022)	Loss 0.1198 (0.0734)	MAE 0.464 (0.346)
Epoch: [27][35/114]	Time 0.126 (0.115)	Data 0.036 (0.023)	Loss 0.0670 (0.0732)	MAE 0.343 (0.346)
Epoch: [27][36/114]	Time 0.106 (0.114)	Data 0.017 (0.023)	Loss 0.0786 (0.0734)	MAE 0.347 (0.346)
Epoch: [27][37/114]	Time 0.117 (0.114)	Data 0.027 (0.023)	Loss 0.0821 (0.0736)	MAE 0.363 (0.346)
Epoch: [27][38/114]	Time 0.105 (0.114)	Data 0.016 (0.023)	Loss 0.0525 (0.0731)	MAE 0.302 (0.345)
Epoch: [27][39/114]	Time 0.111 (0.114)	Data 0.019 (0.023)	Loss 0.0593 (0.0727)	MAE 0.326 (0.344)
Epoch: [27][40/114]	Time 0.108 (0.114)	Data 0.019 (0.022)	Loss 0.0655 (0.0726)	MAE 0.310 (0.344)
Epoch: [27][41/114]	Time 0.113 (0.114)	Data 0.020 (0.022)	Loss 0.0729 (0.0726)	MAE 0.336 (0.343)
Epoch: [27][42/114]	Time 0.107 (0.114)	Data 0.018 (0.022)	Loss 0.1059 (0.0733)	MAE 0.392 (0.345)
Epoch: [27][43/114]	Time 0.108 (0.114)	Data 0.020 (0.022)	Loss 0.0736 (0.0733)	MAE 0.338 (0.344)
Epoch: [27][44/114]	Time 0.109 (0.114)	Data 0.013 (0.022)	Loss 0.0804 (0.0735)	MAE 0.340 (0.344)
Epoch: [27][45/114]	Time 0.112 (0.114)	Data 0.021 (0.022)	Loss 0.0669 (0.0734)	MAE 0.340 (0.344)
Epoch: [27][46/114]	Time 0.104 (0.113)	Data 0.013 (0.022)	Loss 0.0846 (0.0736)	MAE 0.383 (0.345)
Epoch: [27][47/114]	Time 0.111 (0.113)	Data 0.020 (0.022)	Loss 0.1167 (0.0745)	MAE 0.457 (0.347)
Epoch: [27][48/114]	Time 0.108 (0.113)	Data 0.017 (0.022)	Loss 0.0815 (0.0746)	MAE 0.342 (0.347)
Epoch: [27][49/114]	Time 0.113 (0.113)	Data 0.020 (0.022)	Loss 0.0708 (0.0746)	MAE 0.332 (0.347)
Epoch: [27][50/114]	Time 0.118 (0.113)	Data 0.021 (0.022)	Loss 0.0704 (0.0745)	MAE 0.328 (0.347)
Epoch: [27][51/114]	Time 0.116 (0.113)	Data 0.024 (0.022)	Loss 0.0823 (0.0746)	MAE 0.382 (0.347)
Epoch: [27][52/114]	Time 0.107 (0.113)	Data 0.018 (0.022)	Loss 0.1072 (0.0752)	MAE 0.395 (0.348)
Epoch: [27][53/114]	Time 0.114 (0.113)	Data 0.021 (0.022)	Loss 0.0891 (0.0755)	MAE 0.392 (0.349)
Epoch: [27][54/114]	Time 0.112 (0.113)	Data 0.019 (0.022)	Loss 0.0695 (0.0754)	MAE 0.378 (0.350)
Epoch: [27][55/114]	Time 0.111 (0.113)	Data 0.019 (0.022)	Loss 0.0688 (0.0753)	MAE 0.323 (0.349)
Epoch: [27][56/114]	Time 0.106 (0.113)	Data 0.014 (0.021)	Loss 0.0719 (0.0752)	MAE 0.328 (0.349)
Epoch: [27][57/114]	Time 0.112 (0.113)	Data 0.020 (0.021)	Loss 0.0634 (0.0750)	MAE 0.324 (0.348)
Epoch: [27][58/114]	Time 0.107 (0.113)	Data 0.018 (0.021)	Loss 0.0781 (0.0751)	MAE 0.348 (0.348)
Epoch: [27][59/114]	Time 0.113 (0.113)	Data 0.023 (0.021)	Loss 0.0628 (0.0749)	MAE 0.350 (0.348)
Epoch: [27][60/114]	Time 0.106 (0.113)	Data 0.018 (0.021)	Loss 0.0677 (0.0747)	MAE 0.346 (0.348)
Epoch: [27][61/114]	Time 0.114 (0.113)	Data 0.023 (0.021)	Loss 0.0821 (0.0749)	MAE 0.348 (0.348)
Epoch: [27][62/114]	Time 0.107 (0.113)	Data 0.017 (0.021)	Loss 0.0634 (0.0747)	MAE 0.316 (0.348)
Epoch: [27][63/114]	Time 0.114 (0.113)	Data 0.020 (0.021)	Loss 0.0695 (0.0746)	MAE 0.317 (0.347)
Epoch: [27][64/114]	Time 0.108 (0.113)	Data 0.015 (0.021)	Loss 0.0695 (0.0745)	MAE 0.324 (0.347)
Epoch: [27][65/114]	Time 0.109 (0.113)	Data 0.018 (0.021)	Loss 0.0801 (0.0746)	MAE 0.358 (0.347)
Epoch: [27][66/114]	Time 0.108 (0.113)	Data 0.017 (0.021)	Loss 0.0723 (0.0746)	MAE 0.360 (0.347)
Epoch: [27][67/114]	Time 0.117 (0.113)	Data 0.028 (0.021)	Loss 0.0854 (0.0747)	MAE 0.351 (0.347)
Epoch: [27][68/114]	Time 0.118 (0.113)	Data 0.023 (0.021)	Loss 0.0845 (0.0749)	MAE 0.358 (0.347)
Epoch: [27][69/114]	Time 0.124 (0.113)	Data 0.035 (0.021)	Loss 0.0751 (0.0749)	MAE 0.360 (0.348)
Epoch: [27][70/114]	Time 0.110 (0.113)	Data 0.020 (0.021)	Loss 0.1012 (0.0752)	MAE 0.391 (0.348)
Epoch: [27][71/114]	Time 0.114 (0.113)	Data 0.024 (0.021)	Loss 0.0762 (0.0753)	MAE 0.362 (0.348)
Epoch: [27][72/114]	Time 0.112 (0.113)	Data 0.019 (0.021)	Loss 0.0813 (0.0753)	MAE 0.339 (0.348)
Epoch: [27][73/114]	Time 0.115 (0.113)	Data 0.021 (0.021)	Loss 0.0754 (0.0753)	MAE 0.348 (0.348)
Epoch: [27][74/114]	Time 0.130 (0.113)	Data 0.031 (0.021)	Loss 0.0620 (0.0752)	MAE 0.335 (0.348)
Epoch: [27][75/114]	Time 0.122 (0.113)	Data 0.023 (0.021)	Loss 0.1186 (0.0757)	MAE 0.426 (0.349)
Epoch: [27][76/114]	Time 0.102 (0.113)	Data 0.014 (0.021)	Loss 0.0765 (0.0757)	MAE 0.369 (0.349)
Epoch: [27][77/114]	Time 0.114 (0.113)	Data 0.023 (0.021)	Loss 0.0840 (0.0759)	MAE 0.381 (0.350)
Epoch: [27][78/114]	Time 0.109 (0.113)	Data 0.020 (0.021)	Loss 0.0740 (0.0758)	MAE 0.340 (0.350)
Epoch: [27][79/114]	Time 0.109 (0.113)	Data 0.022 (0.021)	Loss 0.0691 (0.0757)	MAE 0.351 (0.350)
Epoch: [27][80/114]	Time 0.111 (0.113)	Data 0.021 (0.021)	Loss 0.0841 (0.0758)	MAE 0.357 (0.350)
Epoch: [27][81/114]	Time 0.110 (0.113)	Data 0.020 (0.021)	Loss 0.0901 (0.0760)	MAE 0.363 (0.350)
Epoch: [27][82/114]	Time 0.113 (0.113)	Data 0.017 (0.021)	Loss 0.0643 (0.0759)	MAE 0.333 (0.350)
Epoch: [27][83/114]	Time 0.113 (0.113)	Data 0.020 (0.021)	Loss 0.0594 (0.0757)	MAE 0.328 (0.350)
Epoch: [27][84/114]	Time 0.102 (0.113)	Data 0.013 (0.021)	Loss 0.0593 (0.0755)	MAE 0.324 (0.349)
Epoch: [27][85/114]	Time 0.118 (0.113)	Data 0.026 (0.021)	Loss 0.0846 (0.0756)	MAE 0.338 (0.349)
Epoch: [27][86/114]	Time 0.101 (0.113)	Data 0.013 (0.021)	Loss 0.0642 (0.0755)	MAE 0.318 (0.349)
Epoch: [27][87/114]	Time 0.112 (0.113)	Data 0.020 (0.021)	Loss 0.0677 (0.0754)	MAE 0.334 (0.349)
Epoch: [27][88/114]	Time 0.105 (0.113)	Data 0.017 (0.021)	Loss 0.0609 (0.0752)	MAE 0.320 (0.348)
Epoch: [27][89/114]	Time 0.119 (0.113)	Data 0.024 (0.021)	Loss 0.0676 (0.0751)	MAE 0.340 (0.348)
Epoch: [27][90/114]	Time 0.108 (0.113)	Data 0.017 (0.021)	Loss 0.0560 (0.0749)	MAE 0.321 (0.348)
Epoch: [27][91/114]	Time 0.110 (0.113)	Data 0.019 (0.021)	Loss 0.0642 (0.0748)	MAE 0.339 (0.348)
Epoch: [27][92/114]	Time 0.108 (0.113)	Data 0.015 (0.021)	Loss 0.0758 (0.0748)	MAE 0.359 (0.348)
Epoch: [27][93/114]	Time 0.114 (0.113)	Data 0.021 (0.021)	Loss 0.0835 (0.0749)	MAE 0.343 (0.348)
Epoch: [27][94/114]	Time 0.120 (0.113)	Data 0.027 (0.021)	Loss 0.0480 (0.0746)	MAE 0.299 (0.347)
Epoch: [27][95/114]	Time 0.109 (0.113)	Data 0.021 (0.021)	Loss 0.0503 (0.0744)	MAE 0.298 (0.347)
Epoch: [27][96/114]	Time 0.117 (0.113)	Data 0.020 (0.021)	Loss 0.0651 (0.0743)	MAE 0.347 (0.347)
Epoch: [27][97/114]	Time 0.126 (0.113)	Data 0.015 (0.021)	Loss 0.0946 (0.0745)	MAE 0.361 (0.347)
Epoch: [27][98/114]	Time 0.102 (0.113)	Data 0.013 (0.021)	Loss 0.0796 (0.0745)	MAE 0.345 (0.347)
Epoch: [27][99/114]	Time 0.112 (0.113)	Data 0.021 (0.021)	Loss 0.0640 (0.0744)	MAE 0.319 (0.347)
Epoch: [27][100/114]	Time 0.109 (0.113)	Data 0.020 (0.021)	Loss 0.0784 (0.0745)	MAE 0.362 (0.347)
Epoch: [27][101/114]	Time 0.110 (0.113)	Data 0.021 (0.021)	Loss 0.0810 (0.0745)	MAE 0.382 (0.347)
Epoch: [27][102/114]	Time 0.112 (0.113)	Data 0.019 (0.021)	Loss 0.0643 (0.0744)	MAE 0.336 (0.347)
Epoch: [27][103/114]	Time 0.115 (0.113)	Data 0.021 (0.021)	Loss 0.0737 (0.0744)	MAE 0.353 (0.347)
Epoch: [27][104/114]	Time 0.104 (0.113)	Data 0.016 (0.021)	Loss 0.0731 (0.0744)	MAE 0.345 (0.347)
Epoch: [27][105/114]	Time 0.104 (0.112)	Data 0.018 (0.021)	Loss 0.1102 (0.0747)	MAE 0.517 (0.349)
Epoch: [27][106/114]	Time 0.104 (0.112)	Data 0.014 (0.021)	Loss 0.0788 (0.0748)	MAE 0.345 (0.349)
Epoch: [27][107/114]	Time 0.113 (0.112)	Data 0.021 (0.021)	Loss 0.0844 (0.0749)	MAE 0.360 (0.349)
Epoch: [27][108/114]	Time 0.107 (0.112)	Data 0.018 (0.021)	Loss 0.0904 (0.0750)	MAE 0.371 (0.349)
Epoch: [27][109/114]	Time 0.119 (0.112)	Data 0.024 (0.021)	Loss 0.0790 (0.0751)	MAE 0.352 (0.349)
Epoch: [27][110/114]	Time 0.107 (0.112)	Data 0.016 (0.021)	Loss 0.0793 (0.0751)	MAE 0.370 (0.349)
Epoch: [27][111/114]	Time 0.114 (0.112)	Data 0.024 (0.021)	Loss 0.0638 (0.0750)	MAE 0.326 (0.349)
Epoch: [27][112/114]	Time 0.102 (0.112)	Data 0.014 (0.021)	Loss 0.0725 (0.0750)	MAE 0.342 (0.349)
Epoch: [27][113/114]	Time 0.096 (0.112)	Data 0.033 (0.021)	Loss 0.0787 (0.0750)	MAE 0.338 (0.349)
Test: [0/15]	Time 0.064 (0.064)	Loss 0.0826 (0.0826)	MAE 0.362 (0.362)
Test: [1/15]	Time 0.042 (0.053)	Loss 0.1121 (0.0974)	MAE 0.407 (0.384)
Test: [2/15]	Time 0.059 (0.055)	Loss 0.0732 (0.0893)	MAE 0.362 (0.377)
Test: [3/15]	Time 0.046 (0.053)	Loss 0.0653 (0.0833)	MAE 0.340 (0.368)
Test: [4/15]	Time 0.045 (0.051)	Loss 0.0716 (0.0810)	MAE 0.337 (0.362)
Test: [5/15]	Time 0.040 (0.049)	Loss 0.0949 (0.0833)	MAE 0.377 (0.364)
Test: [6/15]	Time 0.045 (0.049)	Loss 0.0661 (0.0808)	MAE 0.337 (0.360)
Test: [7/15]	Time 0.043 (0.048)	Loss 0.0738 (0.0800)	MAE 0.347 (0.359)
Test: [8/15]	Time 0.042 (0.047)	Loss 0.0897 (0.0810)	MAE 0.387 (0.362)
Test: [9/15]	Time 0.043 (0.047)	Loss 0.0839 (0.0813)	MAE 0.368 (0.362)
Test: [10/15]	Time 0.045 (0.047)	Loss 0.0765 (0.0809)	MAE 0.349 (0.361)
Test: [11/15]	Time 0.044 (0.047)	Loss 0.0782 (0.0807)	MAE 0.369 (0.362)
Test: [12/15]	Time 0.043 (0.046)	Loss 0.0697 (0.0798)	MAE 0.335 (0.360)
Test: [13/15]	Time 0.038 (0.046)	Loss 0.0782 (0.0797)	MAE 0.351 (0.359)
Test: [14/15]	Time 0.016 (0.044)	Loss 0.0651 (0.0795)	MAE 0.320 (0.359)
 * MAE 0.359
Epoch: [28][0/114]	Time 0.148 (0.148)	Data 0.063 (0.063)	Loss 0.0767 (0.0767)	MAE 0.383 (0.383)
Epoch: [28][1/114]	Time 0.111 (0.130)	Data 0.013 (0.038)	Loss 0.0954 (0.0861)	MAE 0.436 (0.409)
Epoch: [28][2/114]	Time 0.112 (0.124)	Data 0.021 (0.032)	Loss 0.0835 (0.0852)	MAE 0.335 (0.384)
Epoch: [28][3/114]	Time 0.105 (0.119)	Data 0.015 (0.028)	Loss 0.0646 (0.0800)	MAE 0.320 (0.368)
Epoch: [28][4/114]	Time 0.106 (0.117)	Data 0.018 (0.026)	Loss 0.0594 (0.0759)	MAE 0.338 (0.362)
Epoch: [28][5/114]	Time 0.111 (0.116)	Data 0.019 (0.025)	Loss 0.0717 (0.0752)	MAE 0.325 (0.356)
Epoch: [28][6/114]	Time 0.122 (0.117)	Data 0.031 (0.026)	Loss 0.0589 (0.0729)	MAE 0.306 (0.349)
Epoch: [28][7/114]	Time 0.106 (0.115)	Data 0.019 (0.025)	Loss 0.0584 (0.0711)	MAE 0.305 (0.343)
Epoch: [28][8/114]	Time 0.116 (0.115)	Data 0.026 (0.025)	Loss 0.0583 (0.0697)	MAE 0.313 (0.340)
Epoch: [28][9/114]	Time 0.131 (0.117)	Data 0.034 (0.026)	Loss 0.0553 (0.0682)	MAE 0.309 (0.337)
Epoch: [28][10/114]	Time 0.117 (0.117)	Data 0.025 (0.026)	Loss 0.0801 (0.0693)	MAE 0.335 (0.337)
Epoch: [28][11/114]	Time 0.103 (0.116)	Data 0.016 (0.025)	Loss 0.0699 (0.0694)	MAE 0.351 (0.338)
Epoch: [28][12/114]	Time 0.107 (0.115)	Data 0.018 (0.024)	Loss 0.0712 (0.0695)	MAE 0.338 (0.338)
Epoch: [28][13/114]	Time 0.113 (0.115)	Data 0.019 (0.024)	Loss 0.0620 (0.0690)	MAE 0.314 (0.336)
Epoch: [28][14/114]	Time 0.126 (0.116)	Data 0.029 (0.024)	Loss 0.0668 (0.0688)	MAE 0.326 (0.336)
Epoch: [28][15/114]	Time 0.108 (0.115)	Data 0.016 (0.024)	Loss 0.0590 (0.0682)	MAE 0.308 (0.334)
Epoch: [28][16/114]	Time 0.107 (0.115)	Data 0.020 (0.024)	Loss 0.0864 (0.0693)	MAE 0.363 (0.336)
Epoch: [28][17/114]	Time 0.111 (0.115)	Data 0.021 (0.024)	Loss 0.0585 (0.0687)	MAE 0.320 (0.335)
Epoch: [28][18/114]	Time 0.110 (0.114)	Data 0.021 (0.023)	Loss 0.0674 (0.0686)	MAE 0.359 (0.336)
Epoch: [28][19/114]	Time 0.110 (0.114)	Data 0.020 (0.023)	Loss 0.0589 (0.0681)	MAE 0.329 (0.336)
Epoch: [28][20/114]	Time 0.113 (0.114)	Data 0.023 (0.023)	Loss 0.1150 (0.0704)	MAE 0.366 (0.337)
Epoch: [28][21/114]	Time 0.108 (0.114)	Data 0.021 (0.023)	Loss 0.0736 (0.0705)	MAE 0.360 (0.338)
Epoch: [28][22/114]	Time 0.112 (0.114)	Data 0.022 (0.023)	Loss 0.0783 (0.0708)	MAE 0.336 (0.338)
Epoch: [28][23/114]	Time 0.105 (0.113)	Data 0.019 (0.023)	Loss 0.0651 (0.0706)	MAE 0.328 (0.338)
Epoch: [28][24/114]	Time 0.108 (0.113)	Data 0.019 (0.023)	Loss 0.0679 (0.0705)	MAE 0.343 (0.338)
Epoch: [28][25/114]	Time 0.105 (0.113)	Data 0.014 (0.022)	Loss 0.0692 (0.0704)	MAE 0.337 (0.338)
Epoch: [28][26/114]	Time 0.106 (0.113)	Data 0.021 (0.022)	Loss 0.0798 (0.0708)	MAE 0.345 (0.338)
Epoch: [28][27/114]	Time 0.112 (0.112)	Data 0.019 (0.022)	Loss 0.0844 (0.0713)	MAE 0.416 (0.341)
Epoch: [28][28/114]	Time 0.111 (0.112)	Data 0.022 (0.022)	Loss 0.0680 (0.0712)	MAE 0.343 (0.341)
Epoch: [28][29/114]	Time 0.110 (0.112)	Data 0.019 (0.022)	Loss 0.0834 (0.0716)	MAE 0.382 (0.342)
Epoch: [28][30/114]	Time 0.111 (0.112)	Data 0.021 (0.022)	Loss 0.0619 (0.0713)	MAE 0.337 (0.342)
Epoch: [28][31/114]	Time 0.108 (0.112)	Data 0.019 (0.022)	Loss 0.0636 (0.0710)	MAE 0.317 (0.341)
Epoch: [28][32/114]	Time 0.119 (0.112)	Data 0.022 (0.022)	Loss 0.0746 (0.0711)	MAE 0.357 (0.342)
Epoch: [28][33/114]	Time 0.112 (0.112)	Data 0.014 (0.022)	Loss 0.0636 (0.0709)	MAE 0.310 (0.341)
Epoch: [28][34/114]	Time 0.127 (0.113)	Data 0.028 (0.022)	Loss 0.0754 (0.0710)	MAE 0.351 (0.341)
Epoch: [28][35/114]	Time 0.107 (0.113)	Data 0.012 (0.022)	Loss 0.0620 (0.0708)	MAE 0.312 (0.340)
Epoch: [28][36/114]	Time 0.108 (0.112)	Data 0.019 (0.022)	Loss 0.0646 (0.0706)	MAE 0.325 (0.340)
Epoch: [28][37/114]	Time 0.106 (0.112)	Data 0.016 (0.021)	Loss 0.0661 (0.0705)	MAE 0.332 (0.340)
Epoch: [28][38/114]	Time 0.119 (0.112)	Data 0.023 (0.021)	Loss 0.0750 (0.0706)	MAE 0.339 (0.340)
Epoch: [28][39/114]	Time 0.107 (0.112)	Data 0.015 (0.021)	Loss 0.0683 (0.0706)	MAE 0.347 (0.340)
Epoch: [28][40/114]	Time 0.109 (0.112)	Data 0.018 (0.021)	Loss 0.0848 (0.0709)	MAE 0.391 (0.341)
Epoch: [28][41/114]	Time 0.106 (0.112)	Data 0.015 (0.021)	Loss 0.0817 (0.0712)	MAE 0.344 (0.341)
Epoch: [28][42/114]	Time 0.118 (0.112)	Data 0.022 (0.021)	Loss 0.0765 (0.0713)	MAE 0.362 (0.342)
Epoch: [28][43/114]	Time 0.103 (0.112)	Data 0.014 (0.021)	Loss 0.0625 (0.0711)	MAE 0.351 (0.342)
Epoch: [28][44/114]	Time 0.107 (0.112)	Data 0.017 (0.021)	Loss 0.0814 (0.0713)	MAE 0.384 (0.343)
Epoch: [28][45/114]	Time 0.112 (0.112)	Data 0.019 (0.021)	Loss 0.0861 (0.0716)	MAE 0.344 (0.343)
Epoch: [28][46/114]	Time 0.110 (0.112)	Data 0.020 (0.021)	Loss 0.0706 (0.0716)	MAE 0.388 (0.344)
Epoch: [28][47/114]	Time 0.109 (0.112)	Data 0.017 (0.021)	Loss 0.0801 (0.0718)	MAE 0.338 (0.344)
Epoch: [28][48/114]	Time 0.125 (0.112)	Data 0.033 (0.021)	Loss 0.1535 (0.0735)	MAE 0.468 (0.346)
Epoch: [28][49/114]	Time 0.110 (0.112)	Data 0.019 (0.021)	Loss 0.0807 (0.0736)	MAE 0.355 (0.346)
Epoch: [28][50/114]	Time 0.116 (0.112)	Data 0.027 (0.021)	Loss 0.0720 (0.0736)	MAE 0.324 (0.346)
Epoch: [28][51/114]	Time 0.107 (0.112)	Data 0.014 (0.021)	Loss 0.0705 (0.0735)	MAE 0.352 (0.346)
Epoch: [28][52/114]	Time 0.114 (0.112)	Data 0.021 (0.021)	Loss 0.0692 (0.0734)	MAE 0.347 (0.346)
Epoch: [28][53/114]	Time 0.115 (0.112)	Data 0.017 (0.021)	Loss 0.0736 (0.0734)	MAE 0.346 (0.346)
Epoch: [28][54/114]	Time 0.124 (0.112)	Data 0.029 (0.021)	Loss 0.0786 (0.0735)	MAE 0.347 (0.346)
Epoch: [28][55/114]	Time 0.106 (0.112)	Data 0.016 (0.021)	Loss 0.0790 (0.0736)	MAE 0.368 (0.347)
Epoch: [28][56/114]	Time 0.104 (0.112)	Data 0.018 (0.021)	Loss 0.0677 (0.0735)	MAE 0.363 (0.347)
Epoch: [28][57/114]	Time 0.107 (0.112)	Data 0.018 (0.021)	Loss 0.0572 (0.0732)	MAE 0.322 (0.346)
Epoch: [28][58/114]	Time 0.116 (0.112)	Data 0.023 (0.021)	Loss 0.1034 (0.0738)	MAE 0.366 (0.347)
Epoch: [28][59/114]	Time 0.111 (0.112)	Data 0.021 (0.021)	Loss 0.0807 (0.0739)	MAE 0.365 (0.347)
Epoch: [28][60/114]	Time 0.111 (0.112)	Data 0.019 (0.021)	Loss 0.0625 (0.0737)	MAE 0.332 (0.347)
Epoch: [28][61/114]	Time 0.109 (0.112)	Data 0.018 (0.021)	Loss 0.0873 (0.0739)	MAE 0.374 (0.347)
Epoch: [28][62/114]	Time 0.110 (0.112)	Data 0.021 (0.021)	Loss 0.0637 (0.0737)	MAE 0.314 (0.347)
Epoch: [28][63/114]	Time 0.117 (0.112)	Data 0.016 (0.021)	Loss 0.0583 (0.0735)	MAE 0.300 (0.346)
Epoch: [28][64/114]	Time 0.127 (0.112)	Data 0.030 (0.021)	Loss 0.0686 (0.0734)	MAE 0.337 (0.346)
Epoch: [28][65/114]	Time 0.104 (0.112)	Data 0.015 (0.021)	Loss 0.0824 (0.0736)	MAE 0.367 (0.346)
Epoch: [28][66/114]	Time 0.111 (0.112)	Data 0.021 (0.021)	Loss 0.0794 (0.0736)	MAE 0.370 (0.347)
Epoch: [28][67/114]	Time 0.104 (0.112)	Data 0.016 (0.021)	Loss 0.0789 (0.0737)	MAE 0.342 (0.346)
Epoch: [28][68/114]	Time 0.110 (0.112)	Data 0.021 (0.021)	Loss 0.0828 (0.0739)	MAE 0.370 (0.347)
Epoch: [28][69/114]	Time 0.146 (0.112)	Data 0.047 (0.021)	Loss 0.0987 (0.0742)	MAE 0.388 (0.347)
Epoch: [28][70/114]	Time 0.115 (0.113)	Data 0.021 (0.021)	Loss 0.0778 (0.0743)	MAE 0.325 (0.347)
Epoch: [28][71/114]	Time 0.107 (0.112)	Data 0.017 (0.021)	Loss 0.0593 (0.0741)	MAE 0.319 (0.347)
Epoch: [28][72/114]	Time 0.110 (0.112)	Data 0.019 (0.021)	Loss 0.0650 (0.0739)	MAE 0.326 (0.346)
Epoch: [28][73/114]	Time 0.119 (0.112)	Data 0.022 (0.021)	Loss 0.0797 (0.0740)	MAE 0.341 (0.346)
Epoch: [28][74/114]	Time 0.111 (0.112)	Data 0.019 (0.021)	Loss 0.0740 (0.0740)	MAE 0.350 (0.346)
Epoch: [28][75/114]	Time 0.104 (0.112)	Data 0.018 (0.021)	Loss 0.0575 (0.0738)	MAE 0.340 (0.346)
Epoch: [28][76/114]	Time 0.109 (0.112)	Data 0.021 (0.021)	Loss 0.0676 (0.0737)	MAE 0.324 (0.346)
Epoch: [28][77/114]	Time 0.105 (0.112)	Data 0.017 (0.021)	Loss 0.0813 (0.0738)	MAE 0.335 (0.346)
Epoch: [28][78/114]	Time 0.113 (0.112)	Data 0.023 (0.021)	Loss 0.0570 (0.0736)	MAE 0.301 (0.345)
Epoch: [28][79/114]	Time 0.112 (0.112)	Data 0.020 (0.021)	Loss 0.1018 (0.0739)	MAE 0.431 (0.346)
Epoch: [28][80/114]	Time 0.108 (0.112)	Data 0.018 (0.021)	Loss 0.0825 (0.0741)	MAE 0.370 (0.347)
Epoch: [28][81/114]	Time 0.112 (0.112)	Data 0.020 (0.021)	Loss 0.0798 (0.0741)	MAE 0.379 (0.347)
Epoch: [28][82/114]	Time 0.107 (0.112)	Data 0.020 (0.021)	Loss 0.0703 (0.0741)	MAE 0.353 (0.347)
Epoch: [28][83/114]	Time 0.105 (0.112)	Data 0.015 (0.021)	Loss 0.0630 (0.0739)	MAE 0.325 (0.347)
Epoch: [28][84/114]	Time 0.110 (0.112)	Data 0.022 (0.021)	Loss 0.0573 (0.0738)	MAE 0.320 (0.347)
Epoch: [28][85/114]	Time 0.114 (0.112)	Data 0.020 (0.021)	Loss 0.0800 (0.0738)	MAE 0.346 (0.347)
Epoch: [28][86/114]	Time 0.117 (0.112)	Data 0.024 (0.021)	Loss 0.0849 (0.0740)	MAE 0.351 (0.347)
Epoch: [28][87/114]	Time 0.113 (0.112)	Data 0.022 (0.021)	Loss 0.0687 (0.0739)	MAE 0.344 (0.347)
Epoch: [28][88/114]	Time 0.120 (0.112)	Data 0.028 (0.021)	Loss 0.0798 (0.0740)	MAE 0.360 (0.347)
Epoch: [28][89/114]	Time 0.118 (0.112)	Data 0.025 (0.021)	Loss 0.1062 (0.0743)	MAE 0.348 (0.347)
Epoch: [28][90/114]	Time 0.108 (0.112)	Data 0.022 (0.021)	Loss 0.0674 (0.0742)	MAE 0.322 (0.346)
Epoch: [28][91/114]	Time 0.101 (0.112)	Data 0.013 (0.021)	Loss 0.0571 (0.0741)	MAE 0.312 (0.346)
Epoch: [28][92/114]	Time 0.116 (0.112)	Data 0.023 (0.021)	Loss 0.0756 (0.0741)	MAE 0.343 (0.346)
Epoch: [28][93/114]	Time 0.118 (0.112)	Data 0.023 (0.021)	Loss 0.0962 (0.0743)	MAE 0.381 (0.346)
Epoch: [28][94/114]	Time 0.122 (0.112)	Data 0.028 (0.021)	Loss 0.0718 (0.0743)	MAE 0.315 (0.346)
Epoch: [28][95/114]	Time 0.104 (0.112)	Data 0.014 (0.021)	Loss 0.0717 (0.0743)	MAE 0.328 (0.346)
Epoch: [28][96/114]	Time 0.107 (0.112)	Data 0.020 (0.021)	Loss 0.0720 (0.0742)	MAE 0.324 (0.346)
Epoch: [28][97/114]	Time 0.107 (0.112)	Data 0.018 (0.021)	Loss 0.0793 (0.0743)	MAE 0.366 (0.346)
Epoch: [28][98/114]	Time 0.112 (0.112)	Data 0.026 (0.021)	Loss 0.0661 (0.0742)	MAE 0.323 (0.346)
Epoch: [28][99/114]	Time 0.104 (0.112)	Data 0.015 (0.021)	Loss 0.0922 (0.0744)	MAE 0.399 (0.346)
Epoch: [28][100/114]	Time 0.110 (0.112)	Data 0.017 (0.021)	Loss 0.0889 (0.0745)	MAE 0.397 (0.347)
Epoch: [28][101/114]	Time 0.100 (0.112)	Data 0.014 (0.021)	Loss 0.0731 (0.0745)	MAE 0.352 (0.347)
Epoch: [28][102/114]	Time 0.115 (0.112)	Data 0.024 (0.021)	Loss 0.0993 (0.0747)	MAE 0.369 (0.347)
Epoch: [28][103/114]	Time 0.108 (0.112)	Data 0.018 (0.021)	Loss 0.0619 (0.0746)	MAE 0.313 (0.347)
Epoch: [28][104/114]	Time 0.115 (0.112)	Data 0.025 (0.021)	Loss 0.0603 (0.0745)	MAE 0.313 (0.346)
Epoch: [28][105/114]	Time 0.111 (0.112)	Data 0.016 (0.021)	Loss 0.0773 (0.0745)	MAE 0.352 (0.346)
Epoch: [28][106/114]	Time 0.106 (0.112)	Data 0.016 (0.021)	Loss 0.0642 (0.0744)	MAE 0.310 (0.346)
Epoch: [28][107/114]	Time 0.113 (0.112)	Data 0.024 (0.021)	Loss 0.0917 (0.0746)	MAE 0.382 (0.346)
Epoch: [28][108/114]	Time 0.137 (0.112)	Data 0.034 (0.021)	Loss 0.0670 (0.0745)	MAE 0.355 (0.346)
Epoch: [28][109/114]	Time 0.116 (0.112)	Data 0.022 (0.021)	Loss 0.0697 (0.0745)	MAE 0.335 (0.346)
Epoch: [28][110/114]	Time 0.115 (0.112)	Data 0.020 (0.021)	Loss 0.0652 (0.0744)	MAE 0.339 (0.346)
Epoch: [28][111/114]	Time 0.104 (0.112)	Data 0.015 (0.021)	Loss 0.0656 (0.0743)	MAE 0.344 (0.346)
Epoch: [28][112/114]	Time 0.119 (0.112)	Data 0.020 (0.021)	Loss 0.0651 (0.0742)	MAE 0.343 (0.346)
Epoch: [28][113/114]	Time 0.087 (0.112)	Data 0.023 (0.021)	Loss 0.0658 (0.0742)	MAE 0.323 (0.346)
Test: [0/15]	Time 0.058 (0.058)	Loss 0.0765 (0.0765)	MAE 0.338 (0.338)
Test: [1/15]	Time 0.047 (0.053)	Loss 0.0831 (0.0798)	MAE 0.344 (0.341)
Test: [2/15]	Time 0.044 (0.050)	Loss 0.0649 (0.0748)	MAE 0.327 (0.337)
Test: [3/15]	Time 0.042 (0.048)	Loss 0.1110 (0.0838)	MAE 0.351 (0.340)
Test: [4/15]	Time 0.042 (0.047)	Loss 0.0698 (0.0810)	MAE 0.345 (0.341)
Test: [5/15]	Time 0.047 (0.047)	Loss 0.0769 (0.0803)	MAE 0.340 (0.341)
Test: [6/15]	Time 0.044 (0.046)	Loss 0.0734 (0.0793)	MAE 0.337 (0.340)
Test: [7/15]	Time 0.051 (0.047)	Loss 0.0809 (0.0795)	MAE 0.325 (0.338)
Test: [8/15]	Time 0.042 (0.046)	Loss 0.0760 (0.0791)	MAE 0.337 (0.338)
Test: [9/15]	Time 0.045 (0.046)	Loss 0.0705 (0.0783)	MAE 0.333 (0.338)
Test: [10/15]	Time 0.050 (0.047)	Loss 0.0780 (0.0783)	MAE 0.345 (0.338)
Test: [11/15]	Time 0.044 (0.046)	Loss 0.0623 (0.0769)	MAE 0.331 (0.338)
Test: [12/15]	Time 0.042 (0.046)	Loss 0.1107 (0.0795)	MAE 0.386 (0.342)
Test: [13/15]	Time 0.046 (0.046)	Loss 0.0889 (0.0802)	MAE 0.355 (0.342)
Test: [14/15]	Time 0.016 (0.044)	Loss 0.0514 (0.0798)	MAE 0.287 (0.342)
 * MAE 0.342
Epoch: [29][0/114]	Time 0.153 (0.153)	Data 0.062 (0.062)	Loss 0.0692 (0.0692)	MAE 0.320 (0.320)
Epoch: [29][1/114]	Time 0.106 (0.130)	Data 0.019 (0.040)	Loss 0.0609 (0.0651)	MAE 0.331 (0.326)
Epoch: [29][2/114]	Time 0.115 (0.125)	Data 0.022 (0.034)	Loss 0.0721 (0.0674)	MAE 0.386 (0.346)
Epoch: [29][3/114]	Time 0.108 (0.121)	Data 0.018 (0.030)	Loss 0.0478 (0.0625)	MAE 0.287 (0.331)
Epoch: [29][4/114]	Time 0.114 (0.119)	Data 0.023 (0.029)	Loss 0.0587 (0.0617)	MAE 0.311 (0.327)
Epoch: [29][5/114]	Time 0.114 (0.118)	Data 0.021 (0.027)	Loss 0.0818 (0.0651)	MAE 0.392 (0.338)
Epoch: [29][6/114]	Time 0.105 (0.117)	Data 0.014 (0.025)	Loss 0.0567 (0.0639)	MAE 0.307 (0.334)
Epoch: [29][7/114]	Time 0.113 (0.116)	Data 0.020 (0.025)	Loss 0.0690 (0.0645)	MAE 0.318 (0.332)
Epoch: [29][8/114]	Time 0.122 (0.117)	Data 0.028 (0.025)	Loss 0.0720 (0.0654)	MAE 0.342 (0.333)
Epoch: [29][9/114]	Time 0.116 (0.117)	Data 0.023 (0.025)	Loss 0.0520 (0.0640)	MAE 0.305 (0.330)
Epoch: [29][10/114]	Time 0.108 (0.116)	Data 0.018 (0.024)	Loss 0.0758 (0.0651)	MAE 0.327 (0.330)
Epoch: [29][11/114]	Time 0.116 (0.116)	Data 0.024 (0.024)	Loss 0.0737 (0.0658)	MAE 0.333 (0.330)
Epoch: [29][12/114]	Time 0.116 (0.116)	Data 0.018 (0.024)	Loss 0.0646 (0.0657)	MAE 0.312 (0.329)
Epoch: [29][13/114]	Time 0.124 (0.116)	Data 0.030 (0.024)	Loss 0.0581 (0.0652)	MAE 0.322 (0.328)
Epoch: [29][14/114]	Time 0.100 (0.115)	Data 0.013 (0.023)	Loss 0.0718 (0.0656)	MAE 0.334 (0.329)
Epoch: [29][15/114]	Time 0.111 (0.115)	Data 0.023 (0.023)	Loss 0.0709 (0.0659)	MAE 0.372 (0.331)
Epoch: [29][16/114]	Time 0.110 (0.115)	Data 0.020 (0.023)	Loss 0.0765 (0.0666)	MAE 0.370 (0.334)
Epoch: [29][17/114]	Time 0.112 (0.115)	Data 0.022 (0.023)	Loss 0.0934 (0.0681)	MAE 0.376 (0.336)
Epoch: [29][18/114]	Time 0.116 (0.115)	Data 0.019 (0.023)	Loss 0.0548 (0.0674)	MAE 0.302 (0.334)
Epoch: [29][19/114]	Time 0.113 (0.115)	Data 0.024 (0.023)	Loss 0.0805 (0.0680)	MAE 0.332 (0.334)
Epoch: [29][20/114]	Time 0.105 (0.114)	Data 0.015 (0.023)	Loss 0.0612 (0.0677)	MAE 0.316 (0.333)
Epoch: [29][21/114]	Time 0.112 (0.114)	Data 0.018 (0.022)	Loss 0.0624 (0.0674)	MAE 0.326 (0.333)
Epoch: [29][22/114]	Time 0.103 (0.114)	Data 0.015 (0.022)	Loss 0.0652 (0.0673)	MAE 0.306 (0.332)
Epoch: [29][23/114]	Time 0.109 (0.113)	Data 0.020 (0.022)	Loss 0.0805 (0.0679)	MAE 0.356 (0.333)
Epoch: [29][24/114]	Time 0.107 (0.113)	Data 0.020 (0.022)	Loss 0.0823 (0.0685)	MAE 0.346 (0.333)
Epoch: [29][25/114]	Time 0.106 (0.113)	Data 0.017 (0.022)	Loss 0.0688 (0.0685)	MAE 0.328 (0.333)
Epoch: [29][26/114]	Time 0.111 (0.113)	Data 0.021 (0.022)	Loss 0.0782 (0.0688)	MAE 0.317 (0.332)
Epoch: [29][27/114]	Time 0.117 (0.113)	Data 0.022 (0.022)	Loss 0.0757 (0.0691)	MAE 0.348 (0.333)
Epoch: [29][28/114]	Time 0.114 (0.113)	Data 0.021 (0.022)	Loss 0.0744 (0.0693)	MAE 0.320 (0.333)
Epoch: [29][29/114]	Time 0.118 (0.113)	Data 0.025 (0.022)	Loss 0.1039 (0.0704)	MAE 0.454 (0.337)
Epoch: [29][30/114]	Time 0.109 (0.113)	Data 0.016 (0.022)	Loss 0.0695 (0.0704)	MAE 0.310 (0.336)
Epoch: [29][31/114]	Time 0.108 (0.113)	Data 0.019 (0.022)	Loss 0.0756 (0.0706)	MAE 0.377 (0.337)
Epoch: [29][32/114]	Time 0.116 (0.113)	Data 0.017 (0.021)	Loss 0.0766 (0.0707)	MAE 0.352 (0.337)
Epoch: [29][33/114]	Time 0.118 (0.113)	Data 0.021 (0.021)	Loss 0.0644 (0.0706)	MAE 0.325 (0.337)
Epoch: [29][34/114]	Time 0.110 (0.113)	Data 0.019 (0.021)	Loss 0.0722 (0.0706)	MAE 0.349 (0.337)
Epoch: [29][35/114]	Time 0.150 (0.114)	Data 0.024 (0.021)	Loss 0.0734 (0.0707)	MAE 0.343 (0.338)
Epoch: [29][36/114]	Time 0.111 (0.114)	Data 0.020 (0.021)	Loss 0.0692 (0.0706)	MAE 0.318 (0.337)
Epoch: [29][37/114]	Time 0.111 (0.114)	Data 0.014 (0.021)	Loss 0.0696 (0.0706)	MAE 0.334 (0.337)
Epoch: [29][38/114]	Time 0.109 (0.114)	Data 0.019 (0.021)	Loss 0.0625 (0.0704)	MAE 0.338 (0.337)
Epoch: [29][39/114]	Time 0.102 (0.113)	Data 0.015 (0.021)	Loss 0.0597 (0.0701)	MAE 0.305 (0.336)
Epoch: [29][40/114]	Time 0.115 (0.114)	Data 0.023 (0.021)	Loss 0.0710 (0.0702)	MAE 0.338 (0.336)
Epoch: [29][41/114]	Time 0.141 (0.114)	Data 0.020 (0.021)	Loss 0.0663 (0.0701)	MAE 0.323 (0.336)
Epoch: [29][42/114]	Time 0.116 (0.114)	Data 0.020 (0.021)	Loss 0.0614 (0.0699)	MAE 0.311 (0.335)
Epoch: [29][43/114]	Time 0.106 (0.114)	Data 0.014 (0.021)	Loss 0.0728 (0.0699)	MAE 0.330 (0.335)
Epoch: [29][44/114]	Time 0.109 (0.114)	Data 0.016 (0.021)	Loss 0.0784 (0.0701)	MAE 0.367 (0.336)
Epoch: [29][45/114]	Time 0.105 (0.114)	Data 0.017 (0.021)	Loss 0.0817 (0.0704)	MAE 0.319 (0.336)
Epoch: [29][46/114]	Time 0.112 (0.114)	Data 0.023 (0.021)	Loss 0.0643 (0.0702)	MAE 0.334 (0.336)
Epoch: [29][47/114]	Time 0.117 (0.114)	Data 0.023 (0.021)	Loss 0.0609 (0.0700)	MAE 0.316 (0.335)
Epoch: [29][48/114]	Time 0.122 (0.114)	Data 0.028 (0.021)	Loss 0.1073 (0.0708)	MAE 0.415 (0.337)
Epoch: [29][49/114]	Time 0.110 (0.114)	Data 0.016 (0.021)	Loss 0.0820 (0.0710)	MAE 0.364 (0.337)
Epoch: [29][50/114]	Time 0.106 (0.114)	Data 0.017 (0.021)	Loss 0.0639 (0.0709)	MAE 0.323 (0.337)
Epoch: [29][51/114]	Time 0.109 (0.114)	Data 0.014 (0.021)	Loss 0.0727 (0.0709)	MAE 0.332 (0.337)
Epoch: [29][52/114]	Time 0.112 (0.114)	Data 0.020 (0.021)	Loss 0.0656 (0.0708)	MAE 0.345 (0.337)
Epoch: [29][53/114]	Time 0.105 (0.113)	Data 0.018 (0.020)	Loss 0.0709 (0.0708)	MAE 0.350 (0.337)
Epoch: [29][54/114]	Time 0.109 (0.113)	Data 0.020 (0.020)	Loss 0.0653 (0.0707)	MAE 0.333 (0.337)
Epoch: [29][55/114]	Time 0.116 (0.113)	Data 0.021 (0.020)	Loss 0.0721 (0.0708)	MAE 0.367 (0.338)
Epoch: [29][56/114]	Time 0.102 (0.113)	Data 0.017 (0.020)	Loss 0.0918 (0.0711)	MAE 0.382 (0.339)
Epoch: [29][57/114]	Time 0.112 (0.113)	Data 0.020 (0.020)	Loss 0.0537 (0.0708)	MAE 0.293 (0.338)
Epoch: [29][58/114]	Time 0.110 (0.113)	Data 0.020 (0.020)	Loss 0.0736 (0.0709)	MAE 0.349 (0.338)
Epoch: [29][59/114]	Time 0.106 (0.113)	Data 0.020 (0.020)	Loss 0.0709 (0.0709)	MAE 0.360 (0.338)
Epoch: [29][60/114]	Time 0.108 (0.113)	Data 0.021 (0.020)	Loss 0.0643 (0.0708)	MAE 0.325 (0.338)
Epoch: [29][61/114]	Time 0.108 (0.113)	Data 0.014 (0.020)	Loss 0.0780 (0.0709)	MAE 0.341 (0.338)
Epoch: [29][62/114]	Time 0.120 (0.113)	Data 0.019 (0.020)	Loss 0.0823 (0.0711)	MAE 0.383 (0.339)
Epoch: [29][63/114]	Time 0.100 (0.113)	Data 0.013 (0.020)	Loss 0.0707 (0.0711)	MAE 0.376 (0.339)
Epoch: [29][64/114]	Time 0.133 (0.113)	Data 0.025 (0.020)	Loss 0.0686 (0.0710)	MAE 0.340 (0.339)
Epoch: [29][65/114]	Time 0.113 (0.113)	Data 0.018 (0.020)	Loss 0.0908 (0.0713)	MAE 0.373 (0.340)
Epoch: [29][66/114]	Time 0.107 (0.113)	Data 0.017 (0.020)	Loss 0.0761 (0.0714)	MAE 0.338 (0.340)
Epoch: [29][67/114]	Time 0.113 (0.113)	Data 0.021 (0.020)	Loss 0.0771 (0.0715)	MAE 0.361 (0.340)
Epoch: [29][68/114]	Time 0.122 (0.113)	Data 0.030 (0.020)	Loss 0.0653 (0.0714)	MAE 0.370 (0.341)
Epoch: [29][69/114]	Time 0.111 (0.113)	Data 0.019 (0.020)	Loss 0.0601 (0.0712)	MAE 0.329 (0.341)
Epoch: [29][70/114]	Time 0.113 (0.113)	Data 0.022 (0.020)	Loss 0.0601 (0.0711)	MAE 0.325 (0.340)
Epoch: [29][71/114]	Time 0.111 (0.113)	Data 0.015 (0.020)	Loss 0.0656 (0.0710)	MAE 0.328 (0.340)
Epoch: [29][72/114]	Time 0.124 (0.113)	Data 0.027 (0.020)	Loss 0.0498 (0.0707)	MAE 0.310 (0.340)
Epoch: [29][73/114]	Time 0.107 (0.113)	Data 0.018 (0.020)	Loss 0.0733 (0.0707)	MAE 0.345 (0.340)
Epoch: [29][74/114]	Time 0.110 (0.113)	Data 0.022 (0.020)	Loss 0.0635 (0.0706)	MAE 0.331 (0.340)
Epoch: [29][75/114]	Time 0.115 (0.113)	Data 0.021 (0.020)	Loss 0.0708 (0.0706)	MAE 0.335 (0.340)
Epoch: [29][76/114]	Time 0.108 (0.113)	Data 0.017 (0.020)	Loss 0.0588 (0.0705)	MAE 0.306 (0.339)
Epoch: [29][77/114]	Time 0.108 (0.113)	Data 0.019 (0.020)	Loss 0.0722 (0.0705)	MAE 0.363 (0.339)
Epoch: [29][78/114]	Time 0.110 (0.113)	Data 0.020 (0.020)	Loss 0.0710 (0.0705)	MAE 0.338 (0.339)
Epoch: [29][79/114]	Time 0.110 (0.113)	Data 0.018 (0.020)	Loss 0.0751 (0.0706)	MAE 0.327 (0.339)
Epoch: [29][80/114]	Time 0.101 (0.113)	Data 0.019 (0.020)	Loss 0.0744 (0.0706)	MAE 0.332 (0.339)
Epoch: [29][81/114]	Time 0.112 (0.113)	Data 0.021 (0.020)	Loss 0.0647 (0.0705)	MAE 0.353 (0.339)
Epoch: [29][82/114]	Time 0.113 (0.113)	Data 0.021 (0.020)	Loss 0.0942 (0.0708)	MAE 0.398 (0.340)
Epoch: [29][83/114]	Time 0.109 (0.113)	Data 0.018 (0.020)	Loss 0.0763 (0.0709)	MAE 0.338 (0.340)
Epoch: [29][84/114]	Time 0.109 (0.113)	Data 0.021 (0.020)	Loss 0.0835 (0.0710)	MAE 0.365 (0.340)
Epoch: [29][85/114]	Time 0.112 (0.113)	Data 0.021 (0.020)	Loss 0.0628 (0.0709)	MAE 0.315 (0.340)
Epoch: [29][86/114]	Time 0.116 (0.113)	Data 0.024 (0.020)	Loss 0.0760 (0.0710)	MAE 0.359 (0.340)
Epoch: [29][87/114]	Time 0.124 (0.113)	Data 0.025 (0.020)	Loss 0.0912 (0.0712)	MAE 0.371 (0.341)
Epoch: [29][88/114]	Time 0.122 (0.113)	Data 0.022 (0.020)	Loss 0.0644 (0.0712)	MAE 0.322 (0.340)
Epoch: [29][89/114]	Time 0.108 (0.113)	Data 0.019 (0.020)	Loss 0.0820 (0.0713)	MAE 0.324 (0.340)
Epoch: [29][90/114]	Time 0.109 (0.113)	Data 0.019 (0.020)	Loss 0.0577 (0.0711)	MAE 0.336 (0.340)
Epoch: [29][91/114]	Time 0.118 (0.113)	Data 0.013 (0.020)	Loss 0.1144 (0.0716)	MAE 0.395 (0.341)
Epoch: [29][92/114]	Time 0.112 (0.113)	Data 0.018 (0.020)	Loss 0.0645 (0.0715)	MAE 0.348 (0.341)
Epoch: [29][93/114]	Time 0.109 (0.113)	Data 0.018 (0.020)	Loss 0.0866 (0.0717)	MAE 0.366 (0.341)
Epoch: [29][94/114]	Time 0.109 (0.113)	Data 0.022 (0.020)	Loss 0.0655 (0.0716)	MAE 0.350 (0.341)
Epoch: [29][95/114]	Time 0.113 (0.113)	Data 0.018 (0.020)	Loss 0.0869 (0.0718)	MAE 0.367 (0.341)
Epoch: [29][96/114]	Time 0.108 (0.113)	Data 0.018 (0.020)	Loss 0.0765 (0.0718)	MAE 0.361 (0.342)
Epoch: [29][97/114]	Time 0.110 (0.113)	Data 0.018 (0.020)	Loss 0.0682 (0.0718)	MAE 0.346 (0.342)
Epoch: [29][98/114]	Time 0.112 (0.113)	Data 0.018 (0.020)	Loss 0.0685 (0.0718)	MAE 0.335 (0.342)
Epoch: [29][99/114]	Time 0.119 (0.113)	Data 0.017 (0.020)	Loss 0.0778 (0.0718)	MAE 0.381 (0.342)
Epoch: [29][100/114]	Time 0.111 (0.113)	Data 0.023 (0.020)	Loss 0.0670 (0.0718)	MAE 0.351 (0.342)
Epoch: [29][101/114]	Time 0.119 (0.113)	Data 0.026 (0.020)	Loss 0.0791 (0.0718)	MAE 0.361 (0.342)
Epoch: [29][102/114]	Time 0.111 (0.113)	Data 0.020 (0.020)	Loss 0.0922 (0.0720)	MAE 0.350 (0.342)
Epoch: [29][103/114]	Time 0.103 (0.113)	Data 0.013 (0.020)	Loss 0.0749 (0.0721)	MAE 0.334 (0.342)
Epoch: [29][104/114]	Time 0.110 (0.113)	Data 0.018 (0.020)	Loss 0.0707 (0.0721)	MAE 0.324 (0.342)
Epoch: [29][105/114]	Time 0.110 (0.113)	Data 0.022 (0.020)	Loss 0.0918 (0.0722)	MAE 0.402 (0.343)
Epoch: [29][106/114]	Time 0.118 (0.113)	Data 0.027 (0.020)	Loss 0.0570 (0.0721)	MAE 0.334 (0.343)
Epoch: [29][107/114]	Time 0.124 (0.113)	Data 0.030 (0.020)	Loss 0.0731 (0.0721)	MAE 0.369 (0.343)
Epoch: [29][108/114]	Time 0.106 (0.113)	Data 0.017 (0.020)	Loss 0.1011 (0.0724)	MAE 0.396 (0.343)
Epoch: [29][109/114]	Time 0.110 (0.113)	Data 0.021 (0.020)	Loss 0.0863 (0.0725)	MAE 0.390 (0.344)
Epoch: [29][110/114]	Time 0.110 (0.113)	Data 0.019 (0.020)	Loss 0.0823 (0.0726)	MAE 0.377 (0.344)
Epoch: [29][111/114]	Time 0.117 (0.113)	Data 0.020 (0.020)	Loss 0.0962 (0.0728)	MAE 0.380 (0.344)
Epoch: [29][112/114]	Time 0.118 (0.113)	Data 0.025 (0.020)	Loss 0.0602 (0.0727)	MAE 0.337 (0.344)
Epoch: [29][113/114]	Time 0.090 (0.113)	Data 0.027 (0.020)	Loss 0.0880 (0.0728)	MAE 0.379 (0.345)
Test: [0/15]	Time 0.049 (0.049)	Loss 0.0680 (0.0680)	MAE 0.348 (0.348)
Test: [1/15]	Time 0.044 (0.047)	Loss 0.0864 (0.0772)	MAE 0.347 (0.347)
Test: [2/15]	Time 0.047 (0.047)	Loss 0.0915 (0.0820)	MAE 0.367 (0.354)
Test: [3/15]	Time 0.046 (0.046)	Loss 0.0723 (0.0796)	MAE 0.342 (0.351)
Test: [4/15]	Time 0.052 (0.048)	Loss 0.0771 (0.0791)	MAE 0.326 (0.346)
Test: [5/15]	Time 0.044 (0.047)	Loss 0.0860 (0.0802)	MAE 0.364 (0.349)
Test: [6/15]	Time 0.044 (0.047)	Loss 0.0643 (0.0780)	MAE 0.317 (0.344)
Test: [7/15]	Time 0.050 (0.047)	Loss 0.0758 (0.0777)	MAE 0.353 (0.345)
Test: [8/15]	Time 0.051 (0.048)	Loss 0.0697 (0.0768)	MAE 0.351 (0.346)
Test: [9/15]	Time 0.048 (0.048)	Loss 0.0693 (0.0761)	MAE 0.341 (0.345)
Test: [10/15]	Time 0.044 (0.047)	Loss 0.0893 (0.0773)	MAE 0.353 (0.346)
Test: [11/15]	Time 0.042 (0.047)	Loss 0.0882 (0.0782)	MAE 0.354 (0.347)
Test: [12/15]	Time 0.043 (0.047)	Loss 0.0689 (0.0775)	MAE 0.345 (0.347)
Test: [13/15]	Time 0.039 (0.046)	Loss 0.0924 (0.0785)	MAE 0.382 (0.349)
Test: [14/15]	Time 0.015 (0.044)	Loss 0.0878 (0.0787)	MAE 0.321 (0.349)
 * MAE 0.349
---------Evaluate Model on Test Set---------------
Test: [0/15]	Time 0.048 (0.048)	Loss 0.0762 (0.0762)	MAE 0.308 (0.308)
Test: [1/15]	Time 0.046 (0.047)	Loss 0.0810 (0.0786)	MAE 0.337 (0.322)
Test: [2/15]	Time 0.051 (0.048)	Loss 0.0725 (0.0766)	MAE 0.330 (0.325)
Test: [3/15]	Time 0.043 (0.047)	Loss 0.0650 (0.0737)	MAE 0.330 (0.326)
Test: [4/15]	Time 0.055 (0.049)	Loss 0.0650 (0.0719)	MAE 0.301 (0.321)
Test: [5/15]	Time 0.048 (0.048)	Loss 0.0786 (0.0730)	MAE 0.325 (0.322)
Test: [6/15]	Time 0.052 (0.049)	Loss 0.0767 (0.0736)	MAE 0.337 (0.324)
Test: [7/15]	Time 0.051 (0.049)	Loss 0.0826 (0.0747)	MAE 0.345 (0.326)
Test: [8/15]	Time 0.044 (0.049)	Loss 0.0587 (0.0729)	MAE 0.296 (0.323)
Test: [9/15]	Time 0.050 (0.049)	Loss 0.0750 (0.0731)	MAE 0.349 (0.326)
Test: [10/15]	Time 0.046 (0.048)	Loss 0.0838 (0.0741)	MAE 0.354 (0.328)
Test: [11/15]	Time 0.050 (0.049)	Loss 0.0736 (0.0741)	MAE 0.325 (0.328)
Test: [12/15]	Time 0.046 (0.048)	Loss 0.0608 (0.0730)	MAE 0.301 (0.326)
Test: [13/15]	Time 0.053 (0.049)	Loss 0.0858 (0.0739)	MAE 0.342 (0.327)
Test: [14/15]	Time 0.022 (0.047)	Loss 0.0827 (0.0741)	MAE 0.363 (0.328)
 ** MAE 0.328
