Epoch: [0][0/114]	Time 0.601 (0.601)	Data 0.096 (0.096)	Loss 1.7614 (1.7614)	MAE 1.084 (1.084)
Epoch: [0][1/114]	Time 0.124 (0.363)	Data 0.023 (0.060)	Loss 4.0938 (2.9276)	MAE 1.786 (1.435)
Epoch: [0][2/114]	Time 0.119 (0.282)	Data 0.021 (0.047)	Loss 7.1598 (4.3383)	MAE 2.647 (1.839)
Epoch: [0][3/114]	Time 0.115 (0.240)	Data 0.023 (0.041)	Loss 3.6190 (4.1585)	MAE 1.719 (1.809)
Epoch: [0][4/114]	Time 0.120 (0.216)	Data 0.025 (0.038)	Loss 2.4105 (3.8089)	MAE 1.386 (1.725)
Epoch: [0][5/114]	Time 0.114 (0.199)	Data 0.021 (0.035)	Loss 1.0198 (3.3441)	MAE 0.850 (1.579)
Epoch: [0][6/114]	Time 0.108 (0.186)	Data 0.017 (0.032)	Loss 2.4632 (3.2182)	MAE 1.353 (1.546)
Epoch: [0][7/114]	Time 0.121 (0.178)	Data 0.026 (0.032)	Loss 1.5859 (3.0142)	MAE 1.018 (1.480)
Epoch: [0][8/114]	Time 0.110 (0.170)	Data 0.020 (0.030)	Loss 0.9664 (2.7866)	MAE 0.817 (1.407)
Epoch: [0][9/114]	Time 0.121 (0.165)	Data 0.024 (0.030)	Loss 0.7126 (2.5792)	MAE 0.754 (1.341)
Epoch: [0][10/114]	Time 0.114 (0.161)	Data 0.022 (0.029)	Loss 0.9120 (2.4277)	MAE 0.840 (1.296)
Epoch: [0][11/114]	Time 0.113 (0.157)	Data 0.023 (0.028)	Loss 0.9024 (2.3006)	MAE 0.830 (1.257)
Epoch: [0][12/114]	Time 0.112 (0.153)	Data 0.019 (0.028)	Loss 0.8843 (2.1916)	MAE 0.801 (1.222)
Epoch: [0][13/114]	Time 0.115 (0.151)	Data 0.021 (0.027)	Loss 0.6770 (2.0834)	MAE 0.700 (1.185)
Epoch: [0][14/114]	Time 0.112 (0.148)	Data 0.018 (0.027)	Loss 0.4733 (1.9761)	MAE 0.586 (1.145)
Epoch: [0][15/114]	Time 0.120 (0.146)	Data 0.026 (0.027)	Loss 0.4373 (1.8799)	MAE 0.556 (1.108)
Epoch: [0][16/114]	Time 0.122 (0.145)	Data 0.027 (0.027)	Loss 0.4204 (1.7941)	MAE 0.558 (1.076)
Epoch: [0][17/114]	Time 0.127 (0.144)	Data 0.028 (0.027)	Loss 0.5570 (1.7253)	MAE 0.633 (1.051)
Epoch: [0][18/114]	Time 0.111 (0.142)	Data 0.016 (0.026)	Loss 0.6986 (1.6713)	MAE 0.722 (1.034)
Epoch: [0][19/114]	Time 0.119 (0.141)	Data 0.028 (0.026)	Loss 0.2825 (1.6019)	MAE 0.437 (1.004)
Epoch: [0][20/114]	Time 0.112 (0.140)	Data 0.016 (0.026)	Loss 0.3547 (1.5425)	MAE 0.489 (0.979)
Epoch: [0][21/114]	Time 0.113 (0.138)	Data 0.024 (0.026)	Loss 0.3193 (1.4869)	MAE 0.474 (0.956)
Epoch: [0][22/114]	Time 0.113 (0.137)	Data 0.021 (0.026)	Loss 0.3822 (1.4388)	MAE 0.505 (0.937)
Epoch: [0][23/114]	Time 0.111 (0.136)	Data 0.022 (0.025)	Loss 0.4339 (1.3970)	MAE 0.559 (0.921)
Epoch: [0][24/114]	Time 0.113 (0.135)	Data 0.024 (0.025)	Loss 0.5122 (1.3616)	MAE 0.596 (0.908)
Epoch: [0][25/114]	Time 0.109 (0.134)	Data 0.019 (0.025)	Loss 0.2905 (1.3204)	MAE 0.458 (0.891)
Epoch: [0][26/114]	Time 0.114 (0.134)	Data 0.019 (0.025)	Loss 0.3079 (1.2829)	MAE 0.467 (0.875)
Epoch: [0][27/114]	Time 0.118 (0.133)	Data 0.022 (0.025)	Loss 0.3056 (1.2480)	MAE 0.448 (0.860)
Epoch: [0][28/114]	Time 0.116 (0.132)	Data 0.020 (0.025)	Loss 0.3766 (1.2179)	MAE 0.517 (0.848)
Epoch: [0][29/114]	Time 0.121 (0.132)	Data 0.028 (0.025)	Loss 0.2832 (1.1868)	MAE 0.421 (0.834)
Epoch: [0][30/114]	Time 0.114 (0.131)	Data 0.022 (0.025)	Loss 0.3064 (1.1584)	MAE 0.457 (0.822)
Epoch: [0][31/114]	Time 0.115 (0.131)	Data 0.023 (0.025)	Loss 0.1948 (1.1283)	MAE 0.361 (0.807)
Epoch: [0][32/114]	Time 0.113 (0.130)	Data 0.022 (0.024)	Loss 0.2191 (1.1007)	MAE 0.370 (0.794)
Epoch: [0][33/114]	Time 0.123 (0.130)	Data 0.033 (0.025)	Loss 0.2157 (1.0747)	MAE 0.363 (0.781)
Epoch: [0][34/114]	Time 0.115 (0.130)	Data 0.023 (0.025)	Loss 0.2402 (1.0508)	MAE 0.375 (0.770)
Epoch: [0][35/114]	Time 0.124 (0.130)	Data 0.028 (0.025)	Loss 0.2715 (1.0292)	MAE 0.395 (0.759)
Epoch: [0][36/114]	Time 0.111 (0.129)	Data 0.019 (0.025)	Loss 0.1669 (1.0059)	MAE 0.325 (0.747)
Epoch: [0][37/114]	Time 0.121 (0.129)	Data 0.028 (0.025)	Loss 0.1339 (0.9829)	MAE 0.280 (0.735)
Epoch: [0][38/114]	Time 0.116 (0.129)	Data 0.023 (0.025)	Loss 0.2183 (0.9633)	MAE 0.344 (0.725)
Epoch: [0][39/114]	Time 0.112 (0.128)	Data 0.019 (0.025)	Loss 0.1750 (0.9436)	MAE 0.321 (0.715)
Epoch: [0][40/114]	Time 0.109 (0.128)	Data 0.016 (0.024)	Loss 0.1889 (0.9252)	MAE 0.357 (0.706)
Epoch: [0][41/114]	Time 0.113 (0.127)	Data 0.020 (0.024)	Loss 0.1575 (0.9069)	MAE 0.328 (0.697)
Epoch: [0][42/114]	Time 0.105 (0.127)	Data 0.016 (0.024)	Loss 0.1616 (0.8896)	MAE 0.309 (0.688)
Epoch: [0][43/114]	Time 0.113 (0.127)	Data 0.020 (0.024)	Loss 0.1291 (0.8723)	MAE 0.283 (0.679)
Epoch: [0][44/114]	Time 0.110 (0.126)	Data 0.017 (0.024)	Loss 0.1311 (0.8558)	MAE 0.292 (0.670)
Epoch: [0][45/114]	Time 0.115 (0.126)	Data 0.021 (0.024)	Loss 0.1409 (0.8403)	MAE 0.281 (0.662)
Epoch: [0][46/114]	Time 0.107 (0.126)	Data 0.015 (0.024)	Loss 0.2059 (0.8268)	MAE 0.333 (0.655)
Epoch: [0][47/114]	Time 0.111 (0.125)	Data 0.021 (0.023)	Loss 0.2990 (0.8158)	MAE 0.359 (0.649)
Epoch: [0][48/114]	Time 0.115 (0.125)	Data 0.024 (0.024)	Loss 0.1324 (0.8019)	MAE 0.281 (0.641)
Epoch: [0][49/114]	Time 0.116 (0.125)	Data 0.024 (0.024)	Loss 0.1520 (0.7889)	MAE 0.276 (0.634)
Epoch: [0][50/114]	Time 0.109 (0.125)	Data 0.020 (0.023)	Loss 0.1173 (0.7757)	MAE 0.244 (0.626)
Epoch: [0][51/114]	Time 0.121 (0.124)	Data 0.026 (0.023)	Loss 0.1872 (0.7644)	MAE 0.363 (0.621)
Epoch: [0][52/114]	Time 0.132 (0.125)	Data 0.040 (0.024)	Loss 0.1852 (0.7535)	MAE 0.365 (0.616)
Epoch: [0][53/114]	Time 0.111 (0.124)	Data 0.019 (0.024)	Loss 0.1125 (0.7416)	MAE 0.261 (0.610)
Epoch: [0][54/114]	Time 0.119 (0.124)	Data 0.028 (0.024)	Loss 0.1557 (0.7309)	MAE 0.306 (0.604)
Epoch: [0][55/114]	Time 0.112 (0.124)	Data 0.021 (0.024)	Loss 0.0883 (0.7195)	MAE 0.240 (0.598)
Epoch: [0][56/114]	Time 0.118 (0.124)	Data 0.026 (0.024)	Loss 0.1662 (0.7097)	MAE 0.305 (0.593)
Epoch: [0][57/114]	Time 0.123 (0.124)	Data 0.032 (0.024)	Loss 0.1628 (0.7003)	MAE 0.300 (0.588)
Epoch: [0][58/114]	Time 0.120 (0.124)	Data 0.025 (0.024)	Loss 0.0977 (0.6901)	MAE 0.255 (0.582)
Epoch: [0][59/114]	Time 0.107 (0.124)	Data 0.015 (0.024)	Loss 0.1403 (0.6809)	MAE 0.297 (0.577)
Epoch: [0][60/114]	Time 0.123 (0.124)	Data 0.029 (0.024)	Loss 0.0820 (0.6711)	MAE 0.246 (0.572)
Epoch: [0][61/114]	Time 0.111 (0.123)	Data 0.020 (0.024)	Loss 0.1400 (0.6626)	MAE 0.255 (0.567)
Epoch: [0][62/114]	Time 0.113 (0.123)	Data 0.022 (0.024)	Loss 0.0874 (0.6534)	MAE 0.232 (0.561)
Epoch: [0][63/114]	Time 0.107 (0.123)	Data 0.016 (0.024)	Loss 0.1402 (0.6454)	MAE 0.281 (0.557)
Epoch: [0][64/114]	Time 0.107 (0.123)	Data 0.019 (0.024)	Loss 0.1594 (0.6379)	MAE 0.277 (0.553)
Epoch: [0][65/114]	Time 0.114 (0.123)	Data 0.018 (0.024)	Loss 0.1095 (0.6299)	MAE 0.250 (0.548)
Epoch: [0][66/114]	Time 0.105 (0.122)	Data 0.015 (0.023)	Loss 0.1025 (0.6221)	MAE 0.231 (0.543)
Epoch: [0][67/114]	Time 0.114 (0.122)	Data 0.021 (0.023)	Loss 0.1093 (0.6145)	MAE 0.270 (0.539)
Epoch: [0][68/114]	Time 0.113 (0.122)	Data 0.023 (0.023)	Loss 0.0777 (0.6067)	MAE 0.217 (0.535)
Epoch: [0][69/114]	Time 0.105 (0.122)	Data 0.015 (0.023)	Loss 0.1352 (0.6000)	MAE 0.307 (0.531)
Epoch: [0][70/114]	Time 0.119 (0.122)	Data 0.028 (0.023)	Loss 0.1106 (0.5931)	MAE 0.273 (0.528)
Epoch: [0][71/114]	Time 0.119 (0.122)	Data 0.026 (0.023)	Loss 0.0970 (0.5862)	MAE 0.230 (0.524)
Epoch: [0][72/114]	Time 0.124 (0.122)	Data 0.034 (0.023)	Loss 0.0960 (0.5795)	MAE 0.243 (0.520)
Epoch: [0][73/114]	Time 0.115 (0.122)	Data 0.021 (0.023)	Loss 0.1210 (0.5733)	MAE 0.240 (0.516)
Epoch: [0][74/114]	Time 0.117 (0.122)	Data 0.022 (0.023)	Loss 0.1009 (0.5670)	MAE 0.237 (0.512)
Epoch: [0][75/114]	Time 0.118 (0.122)	Data 0.023 (0.023)	Loss 0.0715 (0.5605)	MAE 0.212 (0.508)
Epoch: [0][76/114]	Time 0.119 (0.122)	Data 0.024 (0.023)	Loss 0.0673 (0.5541)	MAE 0.198 (0.504)
Epoch: [0][77/114]	Time 0.108 (0.121)	Data 0.016 (0.023)	Loss 0.0993 (0.5482)	MAE 0.232 (0.501)
Epoch: [0][78/114]	Time 0.111 (0.121)	Data 0.017 (0.023)	Loss 0.0997 (0.5426)	MAE 0.274 (0.498)
Epoch: [0][79/114]	Time 0.110 (0.121)	Data 0.018 (0.023)	Loss 0.1104 (0.5372)	MAE 0.226 (0.495)
Epoch: [0][80/114]	Time 0.116 (0.121)	Data 0.023 (0.023)	Loss 0.1110 (0.5319)	MAE 0.247 (0.492)
Epoch: [0][81/114]	Time 0.112 (0.121)	Data 0.021 (0.023)	Loss 0.0888 (0.5265)	MAE 0.243 (0.488)
Epoch: [0][82/114]	Time 0.113 (0.121)	Data 0.022 (0.023)	Loss 0.0902 (0.5212)	MAE 0.211 (0.485)
Epoch: [0][83/114]	Time 0.107 (0.121)	Data 0.016 (0.023)	Loss 0.0766 (0.5160)	MAE 0.202 (0.482)
Epoch: [0][84/114]	Time 0.121 (0.121)	Data 0.022 (0.023)	Loss 0.0725 (0.5107)	MAE 0.204 (0.479)
Epoch: [0][85/114]	Time 0.116 (0.121)	Data 0.023 (0.023)	Loss 0.0649 (0.5056)	MAE 0.187 (0.475)
Epoch: [0][86/114]	Time 0.110 (0.121)	Data 0.019 (0.023)	Loss 0.0899 (0.5008)	MAE 0.239 (0.472)
Epoch: [0][87/114]	Time 0.112 (0.120)	Data 0.018 (0.023)	Loss 0.1040 (0.4963)	MAE 0.224 (0.470)
Epoch: [0][88/114]	Time 0.112 (0.120)	Data 0.019 (0.023)	Loss 0.0957 (0.4918)	MAE 0.231 (0.467)
Epoch: [0][89/114]	Time 0.112 (0.120)	Data 0.017 (0.023)	Loss 0.0730 (0.4871)	MAE 0.215 (0.464)
Epoch: [0][90/114]	Time 0.472 (0.124)	Data 0.376 (0.027)	Loss 0.0820 (0.4827)	MAE 0.214 (0.461)
Epoch: [0][91/114]	Time 0.114 (0.124)	Data 0.018 (0.027)	Loss 0.0725 (0.4782)	MAE 0.207 (0.459)
Epoch: [0][92/114]	Time 0.117 (0.124)	Data 0.023 (0.027)	Loss 0.0854 (0.4740)	MAE 0.246 (0.456)
Epoch: [0][93/114]	Time 0.116 (0.124)	Data 0.018 (0.026)	Loss 0.0702 (0.4697)	MAE 0.211 (0.454)
Epoch: [0][94/114]	Time 0.115 (0.124)	Data 0.023 (0.026)	Loss 0.1068 (0.4659)	MAE 0.235 (0.451)
Epoch: [0][95/114]	Time 0.121 (0.124)	Data 0.022 (0.026)	Loss 0.1069 (0.4621)	MAE 0.228 (0.449)
Epoch: [0][96/114]	Time 0.122 (0.124)	Data 0.028 (0.026)	Loss 0.0650 (0.4580)	MAE 0.196 (0.446)
Epoch: [0][97/114]	Time 0.104 (0.123)	Data 0.017 (0.026)	Loss 0.0734 (0.4541)	MAE 0.192 (0.444)
Epoch: [0][98/114]	Time 0.118 (0.123)	Data 0.023 (0.026)	Loss 0.0960 (0.4505)	MAE 0.222 (0.442)
Epoch: [0][99/114]	Time 0.113 (0.123)	Data 0.016 (0.026)	Loss 0.0627 (0.4466)	MAE 0.197 (0.439)
Epoch: [0][100/114]	Time 0.110 (0.123)	Data 0.020 (0.026)	Loss 0.0628 (0.4428)	MAE 0.200 (0.437)
Epoch: [0][101/114]	Time 0.106 (0.123)	Data 0.017 (0.026)	Loss 0.0758 (0.4392)	MAE 0.195 (0.434)
Epoch: [0][102/114]	Time 0.118 (0.123)	Data 0.028 (0.026)	Loss 0.0851 (0.4358)	MAE 0.247 (0.433)
Epoch: [0][103/114]	Time 0.120 (0.123)	Data 0.024 (0.026)	Loss 0.1163 (0.4327)	MAE 0.289 (0.431)
Epoch: [0][104/114]	Time 0.115 (0.123)	Data 0.023 (0.026)	Loss 0.0567 (0.4291)	MAE 0.193 (0.429)
Epoch: [0][105/114]	Time 0.107 (0.123)	Data 0.018 (0.026)	Loss 0.0488 (0.4255)	MAE 0.176 (0.427)
Epoch: [0][106/114]	Time 0.111 (0.123)	Data 0.021 (0.026)	Loss 0.1023 (0.4225)	MAE 0.255 (0.425)
Epoch: [0][107/114]	Time 0.113 (0.123)	Data 0.021 (0.026)	Loss 0.1105 (0.4196)	MAE 0.280 (0.424)
Epoch: [0][108/114]	Time 0.116 (0.122)	Data 0.022 (0.026)	Loss 0.1138 (0.4168)	MAE 0.238 (0.422)
Epoch: [0][109/114]	Time 0.112 (0.122)	Data 0.022 (0.026)	Loss 0.0951 (0.4139)	MAE 0.246 (0.420)
Epoch: [0][110/114]	Time 0.111 (0.122)	Data 0.021 (0.026)	Loss 0.0820 (0.4109)	MAE 0.211 (0.418)
Epoch: [0][111/114]	Time 0.114 (0.122)	Data 0.022 (0.026)	Loss 0.1585 (0.4086)	MAE 0.196 (0.416)
Epoch: [0][112/114]	Time 0.119 (0.122)	Data 0.029 (0.026)	Loss 0.0948 (0.4059)	MAE 0.234 (0.415)
Epoch: [0][113/114]	Time 0.114 (0.122)	Data 0.032 (0.026)	Loss 0.1011 (0.4042)	MAE 0.282 (0.414)
Test: [0/15]	Time 0.069 (0.069)	Loss 0.0687 (0.0687)	MAE 0.213 (0.213)
Test: [1/15]	Time 0.049 (0.059)	Loss 0.0827 (0.0757)	MAE 0.228 (0.220)
Test: [2/15]	Time 0.048 (0.056)	Loss 0.0869 (0.0794)	MAE 0.242 (0.228)
Test: [3/15]	Time 0.048 (0.054)	Loss 0.0808 (0.0798)	MAE 0.223 (0.227)
Test: [4/15]	Time 0.045 (0.052)	Loss 0.0631 (0.0764)	MAE 0.207 (0.223)
Test: [5/15]	Time 0.047 (0.051)	Loss 0.0976 (0.0800)	MAE 0.224 (0.223)
Test: [6/15]	Time 0.046 (0.050)	Loss 0.0781 (0.0797)	MAE 0.227 (0.224)
Test: [7/15]	Time 0.047 (0.050)	Loss 0.0793 (0.0796)	MAE 0.229 (0.224)
Test: [8/15]	Time 0.055 (0.051)	Loss 0.0786 (0.0795)	MAE 0.235 (0.225)
Test: [9/15]	Time 0.045 (0.050)	Loss 0.0877 (0.0803)	MAE 0.251 (0.228)
Test: [10/15]	Time 0.058 (0.051)	Loss 0.0694 (0.0793)	MAE 0.206 (0.226)
Test: [11/15]	Time 0.048 (0.051)	Loss 0.0660 (0.0782)	MAE 0.217 (0.225)
Test: [12/15]	Time 0.042 (0.050)	Loss 0.0867 (0.0789)	MAE 0.236 (0.226)
Test: [13/15]	Time 0.046 (0.050)	Loss 0.0919 (0.0798)	MAE 0.246 (0.227)
Test: [14/15]	Time 0.018 (0.048)	Loss 0.0733 (0.0797)	MAE 0.230 (0.227)
 * MAE 0.227
Epoch: [1][0/114]	Time 0.152 (0.152)	Data 0.063 (0.063)	Loss 0.0587 (0.0587)	MAE 0.193 (0.193)
Epoch: [1][1/114]	Time 0.118 (0.135)	Data 0.022 (0.043)	Loss 0.0823 (0.0705)	MAE 0.225 (0.209)
Epoch: [1][2/114]	Time 0.107 (0.126)	Data 0.017 (0.034)	Loss 0.1279 (0.0896)	MAE 0.278 (0.232)
Epoch: [1][3/114]	Time 0.110 (0.122)	Data 0.018 (0.030)	Loss 0.1665 (0.1089)	MAE 0.309 (0.251)
Epoch: [1][4/114]	Time 0.109 (0.119)	Data 0.019 (0.028)	Loss 0.1277 (0.1126)	MAE 0.275 (0.256)
Epoch: [1][5/114]	Time 0.112 (0.118)	Data 0.020 (0.026)	Loss 0.0642 (0.1046)	MAE 0.206 (0.248)
Epoch: [1][6/114]	Time 0.120 (0.118)	Data 0.027 (0.027)	Loss 0.1120 (0.1056)	MAE 0.251 (0.248)
Epoch: [1][7/114]	Time 0.119 (0.118)	Data 0.022 (0.026)	Loss 0.1075 (0.1059)	MAE 0.286 (0.253)
Epoch: [1][8/114]	Time 0.115 (0.118)	Data 0.020 (0.025)	Loss 0.2302 (0.1197)	MAE 0.341 (0.263)
Epoch: [1][9/114]	Time 0.116 (0.118)	Data 0.023 (0.025)	Loss 0.0735 (0.1151)	MAE 0.194 (0.256)
Epoch: [1][10/114]	Time 0.122 (0.118)	Data 0.030 (0.026)	Loss 0.0544 (0.1096)	MAE 0.167 (0.248)
Epoch: [1][11/114]	Time 0.117 (0.118)	Data 0.021 (0.025)	Loss 0.0911 (0.1080)	MAE 0.221 (0.246)
Epoch: [1][12/114]	Time 0.112 (0.118)	Data 0.019 (0.025)	Loss 0.1012 (0.1075)	MAE 0.220 (0.244)
Epoch: [1][13/114]	Time 0.109 (0.117)	Data 0.015 (0.024)	Loss 0.1968 (0.1139)	MAE 0.249 (0.244)
Epoch: [1][14/114]	Time 0.119 (0.117)	Data 0.023 (0.024)	Loss 0.0882 (0.1122)	MAE 0.219 (0.242)
Epoch: [1][15/114]	Time 0.108 (0.117)	Data 0.018 (0.024)	Loss 0.0478 (0.1081)	MAE 0.159 (0.237)
Epoch: [1][16/114]	Time 0.114 (0.116)	Data 0.020 (0.023)	Loss 0.0807 (0.1065)	MAE 0.218 (0.236)
Epoch: [1][17/114]	Time 0.104 (0.116)	Data 0.014 (0.023)	Loss 0.0674 (0.1043)	MAE 0.215 (0.235)
Epoch: [1][18/114]	Time 0.115 (0.116)	Data 0.022 (0.023)	Loss 0.0610 (0.1021)	MAE 0.194 (0.233)
Epoch: [1][19/114]	Time 0.106 (0.115)	Data 0.016 (0.022)	Loss 0.0631 (0.1001)	MAE 0.210 (0.232)
Epoch: [1][20/114]	Time 0.121 (0.115)	Data 0.025 (0.023)	Loss 0.0822 (0.0993)	MAE 0.214 (0.231)
Epoch: [1][21/114]	Time 0.104 (0.115)	Data 0.014 (0.022)	Loss 0.0677 (0.0978)	MAE 0.198 (0.229)
Epoch: [1][22/114]	Time 0.111 (0.115)	Data 0.018 (0.022)	Loss 0.0613 (0.0962)	MAE 0.172 (0.227)
Epoch: [1][23/114]	Time 0.106 (0.114)	Data 0.018 (0.022)	Loss 0.0480 (0.0942)	MAE 0.179 (0.225)
Epoch: [1][24/114]	Time 0.117 (0.114)	Data 0.022 (0.022)	Loss 0.0896 (0.0940)	MAE 0.236 (0.225)
Epoch: [1][25/114]	Time 0.106 (0.114)	Data 0.016 (0.022)	Loss 0.0641 (0.0929)	MAE 0.191 (0.224)
Epoch: [1][26/114]	Time 0.123 (0.114)	Data 0.027 (0.022)	Loss 0.0439 (0.0911)	MAE 0.159 (0.221)
Epoch: [1][27/114]	Time 0.115 (0.114)	Data 0.021 (0.022)	Loss 0.0912 (0.0911)	MAE 0.199 (0.221)
Epoch: [1][28/114]	Time 0.114 (0.114)	Data 0.018 (0.022)	Loss 0.0753 (0.0905)	MAE 0.187 (0.220)
Epoch: [1][29/114]	Time 0.116 (0.115)	Data 0.019 (0.022)	Loss 0.0728 (0.0900)	MAE 0.221 (0.220)
Epoch: [1][30/114]	Time 0.122 (0.115)	Data 0.026 (0.022)	Loss 0.0899 (0.0900)	MAE 0.267 (0.221)
Epoch: [1][31/114]	Time 0.126 (0.115)	Data 0.021 (0.022)	Loss 0.0418 (0.0884)	MAE 0.173 (0.220)
Epoch: [1][32/114]	Time 0.126 (0.115)	Data 0.032 (0.022)	Loss 0.0694 (0.0879)	MAE 0.197 (0.219)
Epoch: [1][33/114]	Time 0.108 (0.115)	Data 0.018 (0.022)	Loss 0.1083 (0.0885)	MAE 0.232 (0.219)
Epoch: [1][34/114]	Time 0.110 (0.115)	Data 0.020 (0.022)	Loss 0.0891 (0.0885)	MAE 0.234 (0.220)
Epoch: [1][35/114]	Time 0.109 (0.115)	Data 0.018 (0.022)	Loss 0.0636 (0.0878)	MAE 0.183 (0.219)
Epoch: [1][36/114]	Time 0.111 (0.115)	Data 0.020 (0.022)	Loss 0.0691 (0.0873)	MAE 0.216 (0.219)
Epoch: [1][37/114]	Time 0.102 (0.114)	Data 0.018 (0.022)	Loss 0.0975 (0.0876)	MAE 0.273 (0.220)
Epoch: [1][38/114]	Time 0.114 (0.114)	Data 0.020 (0.022)	Loss 0.0853 (0.0875)	MAE 0.247 (0.221)
Epoch: [1][39/114]	Time 0.111 (0.114)	Data 0.015 (0.021)	Loss 0.0540 (0.0867)	MAE 0.173 (0.220)
Epoch: [1][40/114]	Time 0.120 (0.115)	Data 0.026 (0.022)	Loss 0.0662 (0.0862)	MAE 0.186 (0.219)
Epoch: [1][41/114]	Time 0.107 (0.114)	Data 0.014 (0.021)	Loss 0.0842 (0.0861)	MAE 0.217 (0.219)
Epoch: [1][42/114]	Time 0.110 (0.114)	Data 0.019 (0.021)	Loss 0.0590 (0.0855)	MAE 0.171 (0.218)
Epoch: [1][43/114]	Time 0.108 (0.114)	Data 0.015 (0.021)	Loss 0.0725 (0.0852)	MAE 0.202 (0.217)
Epoch: [1][44/114]	Time 0.115 (0.114)	Data 0.021 (0.021)	Loss 0.0350 (0.0841)	MAE 0.147 (0.216)
Epoch: [1][45/114]	Time 0.102 (0.114)	Data 0.017 (0.021)	Loss 0.0798 (0.0840)	MAE 0.189 (0.215)
Epoch: [1][46/114]	Time 0.114 (0.114)	Data 0.025 (0.021)	Loss 0.0848 (0.0840)	MAE 0.231 (0.215)
Epoch: [1][47/114]	Time 0.109 (0.114)	Data 0.017 (0.021)	Loss 0.0751 (0.0838)	MAE 0.223 (0.216)
Epoch: [1][48/114]	Time 0.119 (0.114)	Data 0.024 (0.021)	Loss 0.0735 (0.0836)	MAE 0.195 (0.215)
Epoch: [1][49/114]	Time 0.113 (0.114)	Data 0.024 (0.021)	Loss 0.0502 (0.0829)	MAE 0.175 (0.214)
Epoch: [1][50/114]	Time 0.121 (0.114)	Data 0.013 (0.021)	Loss 0.1010 (0.0833)	MAE 0.272 (0.215)
Epoch: [1][51/114]	Time 0.122 (0.114)	Data 0.025 (0.021)	Loss 0.0578 (0.0828)	MAE 0.175 (0.215)
Epoch: [1][52/114]	Time 0.112 (0.114)	Data 0.020 (0.021)	Loss 0.0719 (0.0826)	MAE 0.215 (0.215)
Epoch: [1][53/114]	Time 0.110 (0.114)	Data 0.019 (0.021)	Loss 0.0673 (0.0823)	MAE 0.190 (0.214)
Epoch: [1][54/114]	Time 0.106 (0.114)	Data 0.014 (0.021)	Loss 0.0872 (0.0824)	MAE 0.244 (0.215)
Epoch: [1][55/114]	Time 0.115 (0.114)	Data 0.021 (0.021)	Loss 0.0564 (0.0819)	MAE 0.181 (0.214)
Epoch: [1][56/114]	Time 0.106 (0.114)	Data 0.014 (0.021)	Loss 0.0682 (0.0817)	MAE 0.214 (0.214)
Epoch: [1][57/114]	Time 0.104 (0.114)	Data 0.017 (0.021)	Loss 0.0697 (0.0815)	MAE 0.191 (0.214)
Epoch: [1][58/114]	Time 0.115 (0.114)	Data 0.022 (0.021)	Loss 0.0983 (0.0818)	MAE 0.284 (0.215)
Epoch: [1][59/114]	Time 0.114 (0.114)	Data 0.019 (0.021)	Loss 0.0713 (0.0816)	MAE 0.201 (0.215)
Epoch: [1][60/114]	Time 0.104 (0.113)	Data 0.014 (0.021)	Loss 0.0541 (0.0812)	MAE 0.187 (0.214)
Epoch: [1][61/114]	Time 0.117 (0.114)	Data 0.022 (0.021)	Loss 0.0646 (0.0809)	MAE 0.197 (0.214)
Epoch: [1][62/114]	Time 0.103 (0.113)	Data 0.013 (0.021)	Loss 0.0572 (0.0805)	MAE 0.187 (0.214)
Epoch: [1][63/114]	Time 0.109 (0.113)	Data 0.016 (0.020)	Loss 0.1447 (0.0815)	MAE 0.192 (0.213)
Epoch: [1][64/114]	Time 0.108 (0.113)	Data 0.018 (0.020)	Loss 0.0472 (0.0810)	MAE 0.173 (0.213)
Epoch: [1][65/114]	Time 0.113 (0.113)	Data 0.021 (0.020)	Loss 0.0715 (0.0808)	MAE 0.203 (0.212)
Epoch: [1][66/114]	Time 0.104 (0.113)	Data 0.014 (0.020)	Loss 0.0554 (0.0805)	MAE 0.179 (0.212)
Epoch: [1][67/114]	Time 0.122 (0.113)	Data 0.024 (0.020)	Loss 0.0733 (0.0804)	MAE 0.199 (0.212)
Epoch: [1][68/114]	Time 0.114 (0.113)	Data 0.018 (0.020)	Loss 0.0594 (0.0800)	MAE 0.173 (0.211)
Epoch: [1][69/114]	Time 0.124 (0.113)	Data 0.031 (0.020)	Loss 0.0507 (0.0796)	MAE 0.168 (0.211)
Epoch: [1][70/114]	Time 0.106 (0.113)	Data 0.018 (0.020)	Loss 0.0475 (0.0792)	MAE 0.164 (0.210)
Epoch: [1][71/114]	Time 0.126 (0.113)	Data 0.026 (0.021)	Loss 0.0346 (0.0786)	MAE 0.142 (0.209)
Epoch: [1][72/114]	Time 0.109 (0.113)	Data 0.017 (0.020)	Loss 0.0626 (0.0783)	MAE 0.172 (0.209)
Epoch: [1][73/114]	Time 0.114 (0.113)	Data 0.023 (0.021)	Loss 0.0759 (0.0783)	MAE 0.197 (0.208)
Epoch: [1][74/114]	Time 0.111 (0.113)	Data 0.014 (0.020)	Loss 0.0408 (0.0778)	MAE 0.152 (0.208)
Epoch: [1][75/114]	Time 0.109 (0.113)	Data 0.017 (0.020)	Loss 0.0521 (0.0775)	MAE 0.171 (0.207)
Epoch: [1][76/114]	Time 0.103 (0.113)	Data 0.016 (0.020)	Loss 0.0789 (0.0775)	MAE 0.242 (0.208)
Epoch: [1][77/114]	Time 0.120 (0.113)	Data 0.022 (0.020)	Loss 0.0616 (0.0773)	MAE 0.183 (0.207)
Epoch: [1][78/114]	Time 0.104 (0.113)	Data 0.014 (0.020)	Loss 0.0559 (0.0770)	MAE 0.167 (0.207)
Epoch: [1][79/114]	Time 0.115 (0.113)	Data 0.023 (0.020)	Loss 0.0751 (0.0770)	MAE 0.199 (0.207)
Epoch: [1][80/114]	Time 0.106 (0.113)	Data 0.015 (0.020)	Loss 0.0778 (0.0770)	MAE 0.211 (0.207)
Epoch: [1][81/114]	Time 0.111 (0.113)	Data 0.016 (0.020)	Loss 0.0529 (0.0767)	MAE 0.183 (0.206)
Epoch: [1][82/114]	Time 0.105 (0.113)	Data 0.016 (0.020)	Loss 0.0421 (0.0763)	MAE 0.154 (0.206)
Epoch: [1][83/114]	Time 0.113 (0.113)	Data 0.021 (0.020)	Loss 0.0659 (0.0762)	MAE 0.183 (0.206)
Epoch: [1][84/114]	Time 0.103 (0.113)	Data 0.012 (0.020)	Loss 0.0452 (0.0758)	MAE 0.162 (0.205)
Epoch: [1][85/114]	Time 0.115 (0.113)	Data 0.025 (0.020)	Loss 0.0892 (0.0760)	MAE 0.248 (0.205)
Epoch: [1][86/114]	Time 0.105 (0.113)	Data 0.014 (0.020)	Loss 0.0510 (0.0757)	MAE 0.191 (0.205)
Epoch: [1][87/114]	Time 0.116 (0.113)	Data 0.019 (0.020)	Loss 0.0580 (0.0755)	MAE 0.172 (0.205)
Epoch: [1][88/114]	Time 0.103 (0.113)	Data 0.015 (0.020)	Loss 0.0736 (0.0754)	MAE 0.203 (0.205)
Epoch: [1][89/114]	Time 0.111 (0.113)	Data 0.020 (0.020)	Loss 0.0606 (0.0753)	MAE 0.184 (0.205)
Epoch: [1][90/114]	Time 0.110 (0.113)	Data 0.017 (0.020)	Loss 0.0792 (0.0753)	MAE 0.197 (0.205)
Epoch: [1][91/114]	Time 0.114 (0.113)	Data 0.023 (0.020)	Loss 0.0443 (0.0750)	MAE 0.167 (0.204)
Epoch: [1][92/114]	Time 0.108 (0.113)	Data 0.017 (0.020)	Loss 0.0664 (0.0749)	MAE 0.180 (0.204)
Epoch: [1][93/114]	Time 0.113 (0.113)	Data 0.018 (0.020)	Loss 0.0578 (0.0747)	MAE 0.169 (0.204)
Epoch: [1][94/114]	Time 0.132 (0.113)	Data 0.033 (0.020)	Loss 0.0490 (0.0744)	MAE 0.171 (0.203)
Epoch: [1][95/114]	Time 0.113 (0.113)	Data 0.020 (0.020)	Loss 0.0916 (0.0746)	MAE 0.232 (0.204)
Epoch: [1][96/114]	Time 0.107 (0.113)	Data 0.020 (0.020)	Loss 0.1089 (0.0750)	MAE 0.262 (0.204)
Epoch: [1][97/114]	Time 0.114 (0.113)	Data 0.022 (0.020)	Loss 0.0547 (0.0748)	MAE 0.183 (0.204)
Epoch: [1][98/114]	Time 0.108 (0.113)	Data 0.019 (0.020)	Loss 0.0581 (0.0746)	MAE 0.191 (0.204)
Epoch: [1][99/114]	Time 0.122 (0.113)	Data 0.029 (0.020)	Loss 0.0685 (0.0745)	MAE 0.189 (0.204)
Epoch: [1][100/114]	Time 0.110 (0.113)	Data 0.015 (0.020)	Loss 0.0639 (0.0744)	MAE 0.186 (0.203)
Epoch: [1][101/114]	Time 0.118 (0.113)	Data 0.024 (0.020)	Loss 0.0468 (0.0742)	MAE 0.165 (0.203)
Epoch: [1][102/114]	Time 0.109 (0.113)	Data 0.016 (0.020)	Loss 0.0511 (0.0739)	MAE 0.179 (0.203)
Epoch: [1][103/114]	Time 0.114 (0.113)	Data 0.020 (0.020)	Loss 0.0662 (0.0739)	MAE 0.191 (0.203)
Epoch: [1][104/114]	Time 0.116 (0.113)	Data 0.023 (0.020)	Loss 0.0558 (0.0737)	MAE 0.163 (0.202)
Epoch: [1][105/114]	Time 0.112 (0.113)	Data 0.017 (0.020)	Loss 0.0793 (0.0737)	MAE 0.226 (0.203)
Epoch: [1][106/114]	Time 0.112 (0.113)	Data 0.019 (0.020)	Loss 0.0522 (0.0735)	MAE 0.180 (0.202)
Epoch: [1][107/114]	Time 0.118 (0.113)	Data 0.022 (0.020)	Loss 0.0519 (0.0733)	MAE 0.183 (0.202)
Epoch: [1][108/114]	Time 0.106 (0.113)	Data 0.014 (0.020)	Loss 0.0425 (0.0731)	MAE 0.159 (0.202)
Epoch: [1][109/114]	Time 0.115 (0.113)	Data 0.020 (0.020)	Loss 0.0822 (0.0731)	MAE 0.226 (0.202)
Epoch: [1][110/114]	Time 0.109 (0.113)	Data 0.012 (0.020)	Loss 0.0403 (0.0728)	MAE 0.149 (0.202)
Epoch: [1][111/114]	Time 0.117 (0.113)	Data 0.024 (0.020)	Loss 0.0677 (0.0728)	MAE 0.188 (0.201)
Epoch: [1][112/114]	Time 0.106 (0.113)	Data 0.017 (0.020)	Loss 0.0820 (0.0729)	MAE 0.258 (0.202)
Epoch: [1][113/114]	Time 0.086 (0.113)	Data 0.025 (0.020)	Loss 0.0660 (0.0728)	MAE 0.204 (0.202)
Test: [0/15]	Time 0.047 (0.047)	Loss 0.0323 (0.0323)	MAE 0.143 (0.143)
Test: [1/15]	Time 0.044 (0.046)	Loss 0.0576 (0.0449)	MAE 0.165 (0.154)
Test: [2/15]	Time 0.040 (0.044)	Loss 0.0717 (0.0539)	MAE 0.181 (0.163)
Test: [3/15]	Time 0.049 (0.045)	Loss 0.0548 (0.0541)	MAE 0.168 (0.164)
Test: [4/15]	Time 0.049 (0.046)	Loss 0.0462 (0.0525)	MAE 0.167 (0.165)
Test: [5/15]	Time 0.050 (0.047)	Loss 0.0275 (0.0483)	MAE 0.138 (0.160)
Test: [6/15]	Time 0.042 (0.046)	Loss 0.0536 (0.0491)	MAE 0.164 (0.161)
Test: [7/15]	Time 0.046 (0.046)	Loss 0.0700 (0.0517)	MAE 0.166 (0.161)
Test: [8/15]	Time 0.053 (0.047)	Loss 0.0523 (0.0518)	MAE 0.157 (0.161)
Test: [9/15]	Time 0.044 (0.047)	Loss 0.0482 (0.0514)	MAE 0.160 (0.161)
Test: [10/15]	Time 0.049 (0.047)	Loss 0.0508 (0.0514)	MAE 0.159 (0.161)
Test: [11/15]	Time 0.044 (0.047)	Loss 0.0480 (0.0511)	MAE 0.158 (0.160)
Test: [12/15]	Time 0.047 (0.047)	Loss 0.0421 (0.0504)	MAE 0.149 (0.159)
Test: [13/15]	Time 0.048 (0.047)	Loss 0.0484 (0.0503)	MAE 0.163 (0.160)
Test: [14/15]	Time 0.023 (0.045)	Loss 0.0513 (0.0503)	MAE 0.163 (0.160)
 * MAE 0.160
Epoch: [2][0/114]	Time 0.148 (0.148)	Data 0.061 (0.061)	Loss 0.0388 (0.0388)	MAE 0.143 (0.143)
Epoch: [2][1/114]	Time 0.106 (0.127)	Data 0.017 (0.039)	Loss 0.0521 (0.0454)	MAE 0.169 (0.156)
Epoch: [2][2/114]	Time 0.120 (0.125)	Data 0.023 (0.034)	Loss 0.0854 (0.0587)	MAE 0.223 (0.178)
Epoch: [2][3/114]	Time 0.120 (0.123)	Data 0.026 (0.032)	Loss 0.0737 (0.0625)	MAE 0.228 (0.191)
Epoch: [2][4/114]	Time 0.105 (0.120)	Data 0.015 (0.028)	Loss 0.1249 (0.0750)	MAE 0.203 (0.193)
Epoch: [2][5/114]	Time 0.104 (0.117)	Data 0.018 (0.027)	Loss 0.0601 (0.0725)	MAE 0.178 (0.191)
Epoch: [2][6/114]	Time 0.108 (0.116)	Data 0.012 (0.025)	Loss 0.0534 (0.0697)	MAE 0.183 (0.189)
Epoch: [2][7/114]	Time 0.113 (0.115)	Data 0.027 (0.025)	Loss 0.0662 (0.0693)	MAE 0.195 (0.190)
Epoch: [2][8/114]	Time 0.117 (0.116)	Data 0.024 (0.025)	Loss 0.0370 (0.0657)	MAE 0.135 (0.184)
Epoch: [2][9/114]	Time 0.122 (0.116)	Data 0.022 (0.024)	Loss 0.0412 (0.0633)	MAE 0.165 (0.182)
Epoch: [2][10/114]	Time 0.111 (0.116)	Data 0.018 (0.024)	Loss 0.0579 (0.0628)	MAE 0.179 (0.182)
Epoch: [2][11/114]	Time 0.117 (0.116)	Data 0.022 (0.024)	Loss 0.0643 (0.0629)	MAE 0.190 (0.182)
Epoch: [2][12/114]	Time 0.118 (0.116)	Data 0.013 (0.023)	Loss 0.0424 (0.0613)	MAE 0.149 (0.180)
Epoch: [2][13/114]	Time 0.108 (0.115)	Data 0.019 (0.023)	Loss 0.0607 (0.0613)	MAE 0.185 (0.180)
Epoch: [2][14/114]	Time 0.107 (0.115)	Data 0.019 (0.022)	Loss 0.0466 (0.0603)	MAE 0.160 (0.179)
Epoch: [2][15/114]	Time 0.114 (0.115)	Data 0.022 (0.022)	Loss 0.0457 (0.0594)	MAE 0.154 (0.177)
Epoch: [2][16/114]	Time 0.111 (0.115)	Data 0.019 (0.022)	Loss 0.0349 (0.0579)	MAE 0.135 (0.175)
Epoch: [2][17/114]	Time 0.113 (0.115)	Data 0.019 (0.022)	Loss 0.0464 (0.0573)	MAE 0.160 (0.174)
Epoch: [2][18/114]	Time 0.111 (0.114)	Data 0.016 (0.022)	Loss 0.0454 (0.0567)	MAE 0.160 (0.173)
Epoch: [2][19/114]	Time 0.121 (0.115)	Data 0.026 (0.022)	Loss 0.0900 (0.0583)	MAE 0.274 (0.178)
Epoch: [2][20/114]	Time 0.107 (0.114)	Data 0.018 (0.022)	Loss 0.0541 (0.0581)	MAE 0.187 (0.179)
Epoch: [2][21/114]	Time 0.114 (0.114)	Data 0.022 (0.022)	Loss 0.0574 (0.0581)	MAE 0.164 (0.178)
Epoch: [2][22/114]	Time 0.110 (0.114)	Data 0.020 (0.022)	Loss 0.0462 (0.0576)	MAE 0.158 (0.177)
Epoch: [2][23/114]	Time 0.109 (0.114)	Data 0.020 (0.022)	Loss 0.0442 (0.0570)	MAE 0.153 (0.176)
Epoch: [2][24/114]	Time 0.107 (0.114)	Data 0.015 (0.021)	Loss 0.0569 (0.0570)	MAE 0.185 (0.176)
Epoch: [2][25/114]	Time 0.115 (0.114)	Data 0.022 (0.021)	Loss 0.0410 (0.0564)	MAE 0.157 (0.176)
Epoch: [2][26/114]	Time 0.109 (0.114)	Data 0.020 (0.021)	Loss 0.0830 (0.0574)	MAE 0.188 (0.176)
Epoch: [2][27/114]	Time 0.130 (0.114)	Data 0.034 (0.022)	Loss 0.0499 (0.0571)	MAE 0.173 (0.176)
Epoch: [2][28/114]	Time 0.112 (0.114)	Data 0.017 (0.022)	Loss 0.0482 (0.0568)	MAE 0.170 (0.176)
Epoch: [2][29/114]	Time 0.129 (0.115)	Data 0.019 (0.022)	Loss 0.0604 (0.0569)	MAE 0.212 (0.177)
Epoch: [2][30/114]	Time 0.112 (0.114)	Data 0.020 (0.021)	Loss 0.0570 (0.0569)	MAE 0.172 (0.177)
Epoch: [2][31/114]	Time 0.104 (0.114)	Data 0.015 (0.021)	Loss 0.0270 (0.0560)	MAE 0.127 (0.175)
Epoch: [2][32/114]	Time 0.115 (0.114)	Data 0.021 (0.021)	Loss 0.1373 (0.0585)	MAE 0.169 (0.175)
Epoch: [2][33/114]	Time 0.110 (0.114)	Data 0.020 (0.021)	Loss 0.0452 (0.0581)	MAE 0.149 (0.174)
Epoch: [2][34/114]	Time 0.114 (0.114)	Data 0.027 (0.021)	Loss 0.0448 (0.0577)	MAE 0.150 (0.174)
Epoch: [2][35/114]	Time 0.107 (0.114)	Data 0.017 (0.021)	Loss 0.0509 (0.0575)	MAE 0.177 (0.174)
Epoch: [2][36/114]	Time 0.118 (0.114)	Data 0.027 (0.021)	Loss 0.0659 (0.0577)	MAE 0.193 (0.174)
Epoch: [2][37/114]	Time 0.104 (0.114)	Data 0.013 (0.021)	Loss 0.0468 (0.0574)	MAE 0.178 (0.174)
Epoch: [2][38/114]	Time 0.109 (0.114)	Data 0.018 (0.021)	Loss 0.0401 (0.0570)	MAE 0.157 (0.174)
Epoch: [2][39/114]	Time 0.108 (0.113)	Data 0.016 (0.021)	Loss 0.0800 (0.0576)	MAE 0.247 (0.176)
Epoch: [2][40/114]	Time 0.116 (0.114)	Data 0.019 (0.021)	Loss 0.0904 (0.0584)	MAE 0.260 (0.178)
Epoch: [2][41/114]	Time 0.113 (0.114)	Data 0.014 (0.021)	Loss 0.0356 (0.0578)	MAE 0.146 (0.177)
Epoch: [2][42/114]	Time 0.118 (0.114)	Data 0.026 (0.021)	Loss 0.0518 (0.0577)	MAE 0.187 (0.177)
Epoch: [2][43/114]	Time 0.105 (0.113)	Data 0.015 (0.021)	Loss 0.0683 (0.0579)	MAE 0.194 (0.178)
Epoch: [2][44/114]	Time 0.102 (0.113)	Data 0.017 (0.021)	Loss 0.0585 (0.0579)	MAE 0.182 (0.178)
Epoch: [2][45/114]	Time 0.117 (0.113)	Data 0.021 (0.021)	Loss 0.0436 (0.0576)	MAE 0.144 (0.177)
Epoch: [2][46/114]	Time 0.111 (0.113)	Data 0.017 (0.021)	Loss 0.0874 (0.0583)	MAE 0.212 (0.178)
Epoch: [2][47/114]	Time 0.120 (0.113)	Data 0.026 (0.021)	Loss 0.0683 (0.0585)	MAE 0.211 (0.178)
Epoch: [2][48/114]	Time 0.122 (0.114)	Data 0.021 (0.021)	Loss 0.0567 (0.0584)	MAE 0.185 (0.179)
Epoch: [2][49/114]	Time 0.115 (0.114)	Data 0.022 (0.021)	Loss 0.0550 (0.0584)	MAE 0.195 (0.179)
Epoch: [2][50/114]	Time 0.107 (0.113)	Data 0.017 (0.021)	Loss 0.0539 (0.0583)	MAE 0.167 (0.179)
Epoch: [2][51/114]	Time 0.108 (0.113)	Data 0.022 (0.021)	Loss 0.0295 (0.0577)	MAE 0.130 (0.178)
Epoch: [2][52/114]	Time 0.108 (0.113)	Data 0.019 (0.021)	Loss 0.0390 (0.0574)	MAE 0.159 (0.177)
Epoch: [2][53/114]	Time 0.113 (0.113)	Data 0.022 (0.021)	Loss 0.0551 (0.0573)	MAE 0.195 (0.178)
Epoch: [2][54/114]	Time 0.103 (0.113)	Data 0.017 (0.021)	Loss 0.0487 (0.0572)	MAE 0.148 (0.177)
Epoch: [2][55/114]	Time 0.110 (0.113)	Data 0.026 (0.021)	Loss 0.0755 (0.0575)	MAE 0.196 (0.177)
Epoch: [2][56/114]	Time 0.111 (0.113)	Data 0.023 (0.021)	Loss 0.0489 (0.0574)	MAE 0.149 (0.177)
Epoch: [2][57/114]	Time 0.118 (0.113)	Data 0.025 (0.021)	Loss 0.1070 (0.0582)	MAE 0.260 (0.178)
Epoch: [2][58/114]	Time 0.108 (0.113)	Data 0.016 (0.021)	Loss 0.0630 (0.0583)	MAE 0.159 (0.178)
Epoch: [2][59/114]	Time 0.112 (0.113)	Data 0.020 (0.021)	Loss 0.0476 (0.0581)	MAE 0.157 (0.178)
Epoch: [2][60/114]	Time 0.108 (0.113)	Data 0.015 (0.021)	Loss 0.0471 (0.0579)	MAE 0.183 (0.178)
Epoch: [2][61/114]	Time 0.107 (0.113)	Data 0.018 (0.021)	Loss 0.0917 (0.0585)	MAE 0.263 (0.179)
Epoch: [2][62/114]	Time 0.107 (0.113)	Data 0.017 (0.021)	Loss 0.0938 (0.0590)	MAE 0.280 (0.181)
Epoch: [2][63/114]	Time 0.108 (0.113)	Data 0.019 (0.021)	Loss 0.0664 (0.0592)	MAE 0.205 (0.181)
Epoch: [2][64/114]	Time 0.112 (0.113)	Data 0.019 (0.020)	Loss 0.0387 (0.0588)	MAE 0.137 (0.180)
Epoch: [2][65/114]	Time 0.107 (0.113)	Data 0.019 (0.020)	Loss 0.0367 (0.0585)	MAE 0.148 (0.180)
Epoch: [2][66/114]	Time 0.111 (0.112)	Data 0.019 (0.020)	Loss 0.0789 (0.0588)	MAE 0.235 (0.181)
Epoch: [2][67/114]	Time 0.129 (0.113)	Data 0.032 (0.021)	Loss 0.1065 (0.0595)	MAE 0.283 (0.182)
Epoch: [2][68/114]	Time 0.115 (0.113)	Data 0.017 (0.021)	Loss 0.0655 (0.0596)	MAE 0.202 (0.183)
Epoch: [2][69/114]	Time 0.113 (0.113)	Data 0.024 (0.021)	Loss 0.0416 (0.0593)	MAE 0.158 (0.182)
Epoch: [2][70/114]	Time 0.113 (0.113)	Data 0.016 (0.021)	Loss 0.0787 (0.0596)	MAE 0.236 (0.183)
Epoch: [2][71/114]	Time 0.112 (0.113)	Data 0.022 (0.021)	Loss 0.0800 (0.0599)	MAE 0.242 (0.184)
Epoch: [2][72/114]	Time 0.103 (0.113)	Data 0.018 (0.021)	Loss 0.0883 (0.0603)	MAE 0.247 (0.185)
Epoch: [2][73/114]	Time 0.107 (0.113)	Data 0.021 (0.021)	Loss 0.0860 (0.0606)	MAE 0.255 (0.186)
Epoch: [2][74/114]	Time 0.105 (0.112)	Data 0.015 (0.020)	Loss 0.0430 (0.0604)	MAE 0.154 (0.185)
Epoch: [2][75/114]	Time 0.110 (0.112)	Data 0.023 (0.020)	Loss 0.0595 (0.0604)	MAE 0.178 (0.185)
Epoch: [2][76/114]	Time 0.112 (0.112)	Data 0.021 (0.020)	Loss 0.0381 (0.0601)	MAE 0.147 (0.185)
Epoch: [2][77/114]	Time 0.118 (0.112)	Data 0.023 (0.021)	Loss 0.0490 (0.0600)	MAE 0.163 (0.184)
Epoch: [2][78/114]	Time 0.122 (0.113)	Data 0.033 (0.021)	Loss 0.0560 (0.0599)	MAE 0.179 (0.184)
Epoch: [2][79/114]	Time 0.112 (0.113)	Data 0.021 (0.021)	Loss 0.0656 (0.0600)	MAE 0.200 (0.184)
Epoch: [2][80/114]	Time 0.108 (0.113)	Data 0.019 (0.021)	Loss 0.0515 (0.0599)	MAE 0.188 (0.185)
Epoch: [2][81/114]	Time 0.113 (0.113)	Data 0.021 (0.021)	Loss 0.0304 (0.0595)	MAE 0.138 (0.184)
Epoch: [2][82/114]	Time 0.113 (0.113)	Data 0.020 (0.021)	Loss 0.0476 (0.0594)	MAE 0.160 (0.184)
Epoch: [2][83/114]	Time 0.110 (0.113)	Data 0.019 (0.021)	Loss 0.0515 (0.0593)	MAE 0.180 (0.184)
Epoch: [2][84/114]	Time 0.109 (0.112)	Data 0.016 (0.021)	Loss 0.0980 (0.0597)	MAE 0.272 (0.185)
Epoch: [2][85/114]	Time 0.116 (0.113)	Data 0.022 (0.021)	Loss 0.0911 (0.0601)	MAE 0.274 (0.186)
Epoch: [2][86/114]	Time 0.113 (0.113)	Data 0.016 (0.021)	Loss 0.0413 (0.0599)	MAE 0.155 (0.185)
Epoch: [2][87/114]	Time 0.121 (0.113)	Data 0.027 (0.021)	Loss 0.0399 (0.0597)	MAE 0.153 (0.185)
Epoch: [2][88/114]	Time 0.112 (0.113)	Data 0.019 (0.021)	Loss 0.0675 (0.0597)	MAE 0.159 (0.185)
Epoch: [2][89/114]	Time 0.116 (0.113)	Data 0.021 (0.021)	Loss 0.0680 (0.0598)	MAE 0.202 (0.185)
Epoch: [2][90/114]	Time 0.101 (0.113)	Data 0.013 (0.021)	Loss 0.0651 (0.0599)	MAE 0.197 (0.185)
Epoch: [2][91/114]	Time 0.113 (0.113)	Data 0.022 (0.021)	Loss 0.0445 (0.0597)	MAE 0.160 (0.185)
Epoch: [2][92/114]	Time 0.106 (0.112)	Data 0.016 (0.020)	Loss 0.0463 (0.0596)	MAE 0.167 (0.185)
Epoch: [2][93/114]	Time 0.115 (0.112)	Data 0.021 (0.021)	Loss 0.0682 (0.0597)	MAE 0.158 (0.184)
Epoch: [2][94/114]	Time 0.105 (0.112)	Data 0.015 (0.020)	Loss 0.0396 (0.0595)	MAE 0.159 (0.184)
Epoch: [2][95/114]	Time 0.114 (0.112)	Data 0.020 (0.020)	Loss 0.0583 (0.0595)	MAE 0.185 (0.184)
Epoch: [2][96/114]	Time 0.106 (0.112)	Data 0.015 (0.020)	Loss 0.0631 (0.0595)	MAE 0.207 (0.184)
Epoch: [2][97/114]	Time 0.112 (0.112)	Data 0.023 (0.020)	Loss 0.0553 (0.0594)	MAE 0.194 (0.184)
Epoch: [2][98/114]	Time 0.106 (0.112)	Data 0.018 (0.020)	Loss 0.0546 (0.0594)	MAE 0.170 (0.184)
Epoch: [2][99/114]	Time 0.113 (0.112)	Data 0.021 (0.020)	Loss 0.0622 (0.0594)	MAE 0.213 (0.184)
Epoch: [2][100/114]	Time 0.108 (0.112)	Data 0.017 (0.020)	Loss 0.0554 (0.0594)	MAE 0.182 (0.184)
Epoch: [2][101/114]	Time 0.121 (0.112)	Data 0.024 (0.020)	Loss 0.0462 (0.0593)	MAE 0.157 (0.184)
Epoch: [2][102/114]	Time 0.103 (0.112)	Data 0.013 (0.020)	Loss 0.0590 (0.0593)	MAE 0.188 (0.184)
Epoch: [2][103/114]	Time 0.112 (0.112)	Data 0.019 (0.020)	Loss 0.0392 (0.0591)	MAE 0.153 (0.184)
Epoch: [2][104/114]	Time 0.105 (0.112)	Data 0.015 (0.020)	Loss 0.0418 (0.0589)	MAE 0.160 (0.184)
Epoch: [2][105/114]	Time 0.111 (0.112)	Data 0.020 (0.020)	Loss 0.0554 (0.0589)	MAE 0.168 (0.184)
Epoch: [2][106/114]	Time 0.114 (0.112)	Data 0.019 (0.020)	Loss 0.1715 (0.0599)	MAE 0.221 (0.184)
Epoch: [2][107/114]	Time 0.115 (0.112)	Data 0.019 (0.020)	Loss 0.0712 (0.0600)	MAE 0.208 (0.184)
Epoch: [2][108/114]	Time 0.107 (0.112)	Data 0.020 (0.020)	Loss 0.0405 (0.0598)	MAE 0.165 (0.184)
Epoch: [2][109/114]	Time 0.127 (0.112)	Data 0.034 (0.020)	Loss 0.0429 (0.0597)	MAE 0.163 (0.184)
Epoch: [2][110/114]	Time 0.104 (0.112)	Data 0.015 (0.020)	Loss 0.0716 (0.0598)	MAE 0.194 (0.184)
Epoch: [2][111/114]	Time 0.107 (0.112)	Data 0.018 (0.020)	Loss 0.0643 (0.0598)	MAE 0.183 (0.184)
Epoch: [2][112/114]	Time 0.109 (0.112)	Data 0.017 (0.020)	Loss 0.0481 (0.0597)	MAE 0.169 (0.184)
Epoch: [2][113/114]	Time 0.096 (0.112)	Data 0.032 (0.020)	Loss 0.0340 (0.0596)	MAE 0.147 (0.183)
Test: [0/15]	Time 0.048 (0.048)	Loss 0.0556 (0.0556)	MAE 0.180 (0.180)
Test: [1/15]	Time 0.045 (0.047)	Loss 0.0610 (0.0583)	MAE 0.178 (0.179)
Test: [2/15]	Time 0.050 (0.048)	Loss 0.0416 (0.0527)	MAE 0.167 (0.175)
Test: [3/15]	Time 0.055 (0.050)	Loss 0.0577 (0.0540)	MAE 0.185 (0.177)
Test: [4/15]	Time 0.048 (0.049)	Loss 0.0732 (0.0578)	MAE 0.196 (0.181)
Test: [5/15]	Time 0.050 (0.049)	Loss 0.0499 (0.0565)	MAE 0.170 (0.179)
Test: [6/15]	Time 0.055 (0.050)	Loss 0.0508 (0.0557)	MAE 0.174 (0.179)
Test: [7/15]	Time 0.048 (0.050)	Loss 0.0563 (0.0557)	MAE 0.187 (0.180)
Test: [8/15]	Time 0.052 (0.050)	Loss 0.0480 (0.0549)	MAE 0.171 (0.179)
Test: [9/15]	Time 0.056 (0.051)	Loss 0.0712 (0.0565)	MAE 0.206 (0.181)
Test: [10/15]	Time 0.043 (0.050)	Loss 0.0500 (0.0559)	MAE 0.177 (0.181)
Test: [11/15]	Time 0.047 (0.050)	Loss 0.0734 (0.0574)	MAE 0.196 (0.182)
Test: [12/15]	Time 0.047 (0.050)	Loss 0.0534 (0.0571)	MAE 0.181 (0.182)
Test: [13/15]	Time 0.043 (0.049)	Loss 0.0463 (0.0563)	MAE 0.174 (0.181)
Test: [14/15]	Time 0.019 (0.047)	Loss 0.0948 (0.0568)	MAE 0.237 (0.182)
 * MAE 0.182
Epoch: [3][0/114]	Time 0.145 (0.145)	Data 0.057 (0.057)	Loss 0.0439 (0.0439)	MAE 0.163 (0.163)
Epoch: [3][1/114]	Time 0.117 (0.131)	Data 0.023 (0.040)	Loss 0.0396 (0.0418)	MAE 0.152 (0.157)
Epoch: [3][2/114]	Time 0.112 (0.125)	Data 0.024 (0.035)	Loss 0.0516 (0.0451)	MAE 0.165 (0.160)
Epoch: [3][3/114]	Time 0.116 (0.123)	Data 0.021 (0.031)	Loss 0.0786 (0.0535)	MAE 0.219 (0.175)
Epoch: [3][4/114]	Time 0.126 (0.123)	Data 0.026 (0.030)	Loss 0.0453 (0.0518)	MAE 0.152 (0.170)
Epoch: [3][5/114]	Time 0.126 (0.124)	Data 0.030 (0.030)	Loss 0.0476 (0.0511)	MAE 0.188 (0.173)
Epoch: [3][6/114]	Time 0.122 (0.124)	Data 0.030 (0.030)	Loss 0.0385 (0.0493)	MAE 0.139 (0.168)
Epoch: [3][7/114]	Time 0.110 (0.122)	Data 0.018 (0.029)	Loss 0.0367 (0.0477)	MAE 0.133 (0.164)
Epoch: [3][8/114]	Time 0.111 (0.121)	Data 0.022 (0.028)	Loss 0.0739 (0.0506)	MAE 0.208 (0.169)
Epoch: [3][9/114]	Time 0.101 (0.119)	Data 0.013 (0.026)	Loss 0.0438 (0.0500)	MAE 0.179 (0.170)
Epoch: [3][10/114]	Time 0.111 (0.118)	Data 0.021 (0.026)	Loss 0.0357 (0.0487)	MAE 0.143 (0.167)
Epoch: [3][11/114]	Time 0.111 (0.117)	Data 0.020 (0.025)	Loss 0.0423 (0.0481)	MAE 0.148 (0.166)
Epoch: [3][12/114]	Time 0.106 (0.117)	Data 0.017 (0.025)	Loss 0.0785 (0.0505)	MAE 0.217 (0.170)
Epoch: [3][13/114]	Time 0.105 (0.116)	Data 0.017 (0.024)	Loss 0.0469 (0.0502)	MAE 0.155 (0.169)
Epoch: [3][14/114]	Time 0.115 (0.116)	Data 0.026 (0.024)	Loss 0.0327 (0.0490)	MAE 0.140 (0.167)
Epoch: [3][15/114]	Time 0.111 (0.115)	Data 0.015 (0.024)	Loss 0.0382 (0.0484)	MAE 0.150 (0.166)
Epoch: [3][16/114]	Time 0.117 (0.115)	Data 0.025 (0.024)	Loss 0.0288 (0.0472)	MAE 0.137 (0.164)
Epoch: [3][17/114]	Time 0.117 (0.116)	Data 0.023 (0.024)	Loss 0.0364 (0.0466)	MAE 0.138 (0.163)
Epoch: [3][18/114]	Time 0.112 (0.115)	Data 0.020 (0.024)	Loss 0.0311 (0.0458)	MAE 0.139 (0.161)
Epoch: [3][19/114]	Time 0.112 (0.115)	Data 0.016 (0.023)	Loss 0.0464 (0.0458)	MAE 0.154 (0.161)
Epoch: [3][20/114]	Time 0.105 (0.115)	Data 0.018 (0.023)	Loss 0.0697 (0.0470)	MAE 0.177 (0.162)
Epoch: [3][21/114]	Time 0.108 (0.114)	Data 0.017 (0.023)	Loss 0.0288 (0.0461)	MAE 0.134 (0.160)
Epoch: [3][22/114]	Time 0.109 (0.114)	Data 0.020 (0.023)	Loss 0.0350 (0.0456)	MAE 0.133 (0.159)
Epoch: [3][23/114]	Time 0.112 (0.114)	Data 0.017 (0.022)	Loss 0.0432 (0.0455)	MAE 0.173 (0.160)
Epoch: [3][24/114]	Time 0.112 (0.114)	Data 0.017 (0.022)	Loss 0.0709 (0.0466)	MAE 0.158 (0.160)
Epoch: [3][25/114]	Time 0.112 (0.114)	Data 0.021 (0.022)	Loss 0.0773 (0.0477)	MAE 0.210 (0.162)
Epoch: [3][26/114]	Time 0.115 (0.114)	Data 0.022 (0.022)	Loss 0.0443 (0.0476)	MAE 0.165 (0.162)
Epoch: [3][27/114]	Time 0.121 (0.114)	Data 0.027 (0.022)	Loss 0.0544 (0.0479)	MAE 0.187 (0.163)
Epoch: [3][28/114]	Time 0.111 (0.114)	Data 0.019 (0.022)	Loss 0.0401 (0.0476)	MAE 0.175 (0.163)
Epoch: [3][29/114]	Time 0.109 (0.114)	Data 0.015 (0.022)	Loss 0.0393 (0.0473)	MAE 0.142 (0.162)
Epoch: [3][30/114]	Time 0.110 (0.114)	Data 0.018 (0.022)	Loss 0.0425 (0.0472)	MAE 0.155 (0.162)
Epoch: [3][31/114]	Time 0.109 (0.114)	Data 0.016 (0.022)	Loss 0.0621 (0.0476)	MAE 0.195 (0.163)
Epoch: [3][32/114]	Time 0.117 (0.114)	Data 0.022 (0.022)	Loss 0.0618 (0.0481)	MAE 0.177 (0.164)
Epoch: [3][33/114]	Time 0.106 (0.114)	Data 0.013 (0.021)	Loss 0.0880 (0.0492)	MAE 0.234 (0.166)
Epoch: [3][34/114]	Time 0.112 (0.114)	Data 0.019 (0.021)	Loss 0.0401 (0.0490)	MAE 0.140 (0.165)
Epoch: [3][35/114]	Time 0.107 (0.113)	Data 0.019 (0.021)	Loss 0.0371 (0.0486)	MAE 0.148 (0.164)
Epoch: [3][36/114]	Time 0.113 (0.113)	Data 0.021 (0.021)	Loss 0.0429 (0.0485)	MAE 0.148 (0.164)
Epoch: [3][37/114]	Time 0.111 (0.113)	Data 0.018 (0.021)	Loss 0.0676 (0.0490)	MAE 0.218 (0.165)
Epoch: [3][38/114]	Time 0.105 (0.113)	Data 0.017 (0.021)	Loss 0.0700 (0.0495)	MAE 0.205 (0.166)
Epoch: [3][39/114]	Time 0.111 (0.113)	Data 0.021 (0.021)	Loss 0.0466 (0.0495)	MAE 0.172 (0.167)
Epoch: [3][40/114]	Time 0.112 (0.113)	Data 0.020 (0.021)	Loss 0.0301 (0.0490)	MAE 0.139 (0.166)
Epoch: [3][41/114]	Time 0.107 (0.113)	Data 0.018 (0.021)	Loss 0.0337 (0.0486)	MAE 0.143 (0.165)
Epoch: [3][42/114]	Time 0.112 (0.113)	Data 0.022 (0.021)	Loss 0.1256 (0.0504)	MAE 0.143 (0.165)
Epoch: [3][43/114]	Time 0.108 (0.113)	Data 0.015 (0.021)	Loss 0.0393 (0.0502)	MAE 0.149 (0.164)
Epoch: [3][44/114]	Time 0.112 (0.113)	Data 0.018 (0.021)	Loss 0.0453 (0.0500)	MAE 0.156 (0.164)
Epoch: [3][45/114]	Time 0.121 (0.113)	Data 0.027 (0.021)	Loss 0.0469 (0.0500)	MAE 0.157 (0.164)
Epoch: [3][46/114]	Time 0.120 (0.113)	Data 0.022 (0.021)	Loss 0.0416 (0.0498)	MAE 0.136 (0.164)
Epoch: [3][47/114]	Time 0.113 (0.113)	Data 0.023 (0.021)	Loss 0.0334 (0.0495)	MAE 0.137 (0.163)
Epoch: [3][48/114]	Time 0.106 (0.113)	Data 0.019 (0.021)	Loss 0.0844 (0.0502)	MAE 0.211 (0.164)
Epoch: [3][49/114]	Time 0.107 (0.113)	Data 0.018 (0.021)	Loss 0.0455 (0.0501)	MAE 0.182 (0.164)
Epoch: [3][50/114]	Time 0.120 (0.113)	Data 0.020 (0.021)	Loss 0.0355 (0.0498)	MAE 0.142 (0.164)
Epoch: [3][51/114]	Time 0.106 (0.113)	Data 0.013 (0.021)	Loss 0.0451 (0.0497)	MAE 0.172 (0.164)
Epoch: [3][52/114]	Time 0.108 (0.113)	Data 0.018 (0.021)	Loss 0.0293 (0.0493)	MAE 0.126 (0.163)
Epoch: [3][53/114]	Time 0.108 (0.113)	Data 0.016 (0.021)	Loss 0.0982 (0.0502)	MAE 0.265 (0.165)
Epoch: [3][54/114]	Time 0.105 (0.112)	Data 0.020 (0.021)	Loss 0.0475 (0.0502)	MAE 0.156 (0.165)
Epoch: [3][55/114]	Time 0.118 (0.113)	Data 0.023 (0.021)	Loss 0.1166 (0.0514)	MAE 0.165 (0.165)
Epoch: [3][56/114]	Time 0.126 (0.113)	Data 0.030 (0.021)	Loss 0.0408 (0.0512)	MAE 0.150 (0.165)
Epoch: [3][57/114]	Time 0.110 (0.113)	Data 0.020 (0.021)	Loss 0.0582 (0.0513)	MAE 0.181 (0.165)
Epoch: [3][58/114]	Time 0.111 (0.113)	Data 0.020 (0.021)	Loss 0.0431 (0.0512)	MAE 0.158 (0.165)
Epoch: [3][59/114]	Time 0.120 (0.113)	Data 0.025 (0.021)	Loss 0.1069 (0.0521)	MAE 0.269 (0.167)
Epoch: [3][60/114]	Time 0.111 (0.113)	Data 0.017 (0.021)	Loss 0.0361 (0.0518)	MAE 0.150 (0.166)
Epoch: [3][61/114]	Time 0.104 (0.113)	Data 0.013 (0.021)	Loss 0.0444 (0.0517)	MAE 0.168 (0.166)
Epoch: [3][62/114]	Time 0.109 (0.113)	Data 0.021 (0.021)	Loss 0.0421 (0.0516)	MAE 0.155 (0.166)
Epoch: [3][63/114]	Time 0.107 (0.113)	Data 0.017 (0.021)	Loss 0.0410 (0.0514)	MAE 0.146 (0.166)
Epoch: [3][64/114]	Time 0.114 (0.113)	Data 0.022 (0.021)	Loss 0.0370 (0.0512)	MAE 0.147 (0.166)
Epoch: [3][65/114]	Time 0.122 (0.113)	Data 0.023 (0.021)	Loss 0.0322 (0.0509)	MAE 0.140 (0.165)
Epoch: [3][66/114]	Time 0.140 (0.113)	Data 0.036 (0.021)	Loss 0.0295 (0.0506)	MAE 0.134 (0.165)
Epoch: [3][67/114]	Time 0.122 (0.113)	Data 0.035 (0.021)	Loss 0.0321 (0.0503)	MAE 0.142 (0.164)
Epoch: [3][68/114]	Time 0.105 (0.113)	Data 0.019 (0.021)	Loss 0.0299 (0.0500)	MAE 0.132 (0.164)
Epoch: [3][69/114]	Time 0.115 (0.113)	Data 0.023 (0.021)	Loss 0.0443 (0.0499)	MAE 0.149 (0.164)
Epoch: [3][70/114]	Time 0.111 (0.113)	Data 0.016 (0.021)	Loss 0.0398 (0.0498)	MAE 0.138 (0.163)
Epoch: [3][71/114]	Time 0.113 (0.113)	Data 0.022 (0.021)	Loss 0.0418 (0.0497)	MAE 0.135 (0.163)
Epoch: [3][72/114]	Time 0.107 (0.113)	Data 0.016 (0.021)	Loss 0.0384 (0.0495)	MAE 0.143 (0.163)
Epoch: [3][73/114]	Time 0.116 (0.113)	Data 0.022 (0.021)	Loss 0.0496 (0.0495)	MAE 0.155 (0.163)
Epoch: [3][74/114]	Time 0.107 (0.113)	Data 0.013 (0.021)	Loss 0.0313 (0.0493)	MAE 0.125 (0.162)
Epoch: [3][75/114]	Time 0.115 (0.113)	Data 0.020 (0.021)	Loss 0.0425 (0.0492)	MAE 0.157 (0.162)
Epoch: [3][76/114]	Time 0.119 (0.113)	Data 0.022 (0.021)	Loss 0.0699 (0.0494)	MAE 0.230 (0.163)
Epoch: [3][77/114]	Time 0.110 (0.113)	Data 0.019 (0.021)	Loss 0.1152 (0.0503)	MAE 0.156 (0.163)
Epoch: [3][78/114]	Time 0.115 (0.113)	Data 0.018 (0.021)	Loss 0.0358 (0.0501)	MAE 0.137 (0.163)
Epoch: [3][79/114]	Time 0.110 (0.113)	Data 0.021 (0.021)	Loss 0.0369 (0.0499)	MAE 0.140 (0.162)
Epoch: [3][80/114]	Time 0.107 (0.113)	Data 0.015 (0.021)	Loss 0.0386 (0.0498)	MAE 0.141 (0.162)
Epoch: [3][81/114]	Time 0.120 (0.113)	Data 0.026 (0.021)	Loss 0.0388 (0.0497)	MAE 0.146 (0.162)
Epoch: [3][82/114]	Time 0.103 (0.113)	Data 0.016 (0.021)	Loss 0.0618 (0.0498)	MAE 0.193 (0.162)
Epoch: [3][83/114]	Time 0.112 (0.113)	Data 0.023 (0.021)	Loss 0.0330 (0.0496)	MAE 0.132 (0.162)
Epoch: [3][84/114]	Time 0.121 (0.113)	Data 0.023 (0.021)	Loss 0.0363 (0.0495)	MAE 0.152 (0.162)
Epoch: [3][85/114]	Time 0.140 (0.113)	Data 0.039 (0.021)	Loss 0.0311 (0.0492)	MAE 0.137 (0.161)
Epoch: [3][86/114]	Time 0.114 (0.113)	Data 0.020 (0.021)	Loss 0.0553 (0.0493)	MAE 0.184 (0.162)
Epoch: [3][87/114]	Time 0.103 (0.113)	Data 0.016 (0.021)	Loss 0.0450 (0.0493)	MAE 0.175 (0.162)
Epoch: [3][88/114]	Time 0.117 (0.113)	Data 0.016 (0.021)	Loss 0.0431 (0.0492)	MAE 0.171 (0.162)
Epoch: [3][89/114]	Time 0.110 (0.113)	Data 0.022 (0.021)	Loss 0.0340 (0.0490)	MAE 0.125 (0.162)
Epoch: [3][90/114]	Time 0.120 (0.113)	Data 0.029 (0.021)	Loss 0.0373 (0.0489)	MAE 0.150 (0.161)
Epoch: [3][91/114]	Time 0.108 (0.113)	Data 0.017 (0.021)	Loss 0.0524 (0.0489)	MAE 0.178 (0.162)
Epoch: [3][92/114]	Time 0.111 (0.113)	Data 0.015 (0.021)	Loss 0.0519 (0.0490)	MAE 0.158 (0.162)
Epoch: [3][93/114]	Time 0.106 (0.113)	Data 0.017 (0.021)	Loss 0.0320 (0.0488)	MAE 0.137 (0.161)
Epoch: [3][94/114]	Time 0.122 (0.113)	Data 0.030 (0.021)	Loss 0.0403 (0.0487)	MAE 0.148 (0.161)
Epoch: [3][95/114]	Time 0.123 (0.113)	Data 0.023 (0.021)	Loss 0.0595 (0.0488)	MAE 0.219 (0.162)
Epoch: [3][96/114]	Time 0.106 (0.113)	Data 0.014 (0.021)	Loss 0.0462 (0.0488)	MAE 0.182 (0.162)
Epoch: [3][97/114]	Time 0.118 (0.113)	Data 0.023 (0.021)	Loss 0.0611 (0.0489)	MAE 0.211 (0.162)
Epoch: [3][98/114]	Time 0.113 (0.113)	Data 0.018 (0.021)	Loss 0.0398 (0.0488)	MAE 0.152 (0.162)
Epoch: [3][99/114]	Time 0.112 (0.113)	Data 0.022 (0.021)	Loss 0.0445 (0.0488)	MAE 0.150 (0.162)
Epoch: [3][100/114]	Time 0.111 (0.113)	Data 0.017 (0.021)	Loss 0.0470 (0.0488)	MAE 0.187 (0.162)
Epoch: [3][101/114]	Time 0.109 (0.113)	Data 0.017 (0.021)	Loss 0.0376 (0.0486)	MAE 0.151 (0.162)
Epoch: [3][102/114]	Time 0.108 (0.113)	Data 0.016 (0.021)	Loss 0.0725 (0.0489)	MAE 0.203 (0.163)
Epoch: [3][103/114]	Time 0.116 (0.113)	Data 0.017 (0.021)	Loss 0.0435 (0.0488)	MAE 0.162 (0.163)
Epoch: [3][104/114]	Time 0.123 (0.113)	Data 0.026 (0.021)	Loss 0.0355 (0.0487)	MAE 0.136 (0.162)
Epoch: [3][105/114]	Time 0.120 (0.113)	Data 0.023 (0.021)	Loss 0.0341 (0.0486)	MAE 0.146 (0.162)
Epoch: [3][106/114]	Time 0.116 (0.113)	Data 0.019 (0.021)	Loss 0.0338 (0.0484)	MAE 0.133 (0.162)
Epoch: [3][107/114]	Time 0.108 (0.113)	Data 0.018 (0.021)	Loss 0.0473 (0.0484)	MAE 0.187 (0.162)
Epoch: [3][108/114]	Time 0.114 (0.113)	Data 0.020 (0.021)	Loss 0.0255 (0.0482)	MAE 0.121 (0.162)
Epoch: [3][109/114]	Time 0.117 (0.113)	Data 0.022 (0.021)	Loss 0.0398 (0.0481)	MAE 0.147 (0.162)
Epoch: [3][110/114]	Time 0.111 (0.113)	Data 0.015 (0.021)	Loss 0.0486 (0.0481)	MAE 0.161 (0.162)
Epoch: [3][111/114]	Time 0.118 (0.113)	Data 0.026 (0.021)	Loss 0.0394 (0.0480)	MAE 0.151 (0.162)
Epoch: [3][112/114]	Time 0.110 (0.113)	Data 0.017 (0.021)	Loss 0.0352 (0.0479)	MAE 0.147 (0.162)
Epoch: [3][113/114]	Time 0.097 (0.113)	Data 0.025 (0.021)	Loss 0.0908 (0.0482)	MAE 0.261 (0.162)
Test: [0/15]	Time 0.059 (0.059)	Loss 0.0301 (0.0301)	MAE 0.125 (0.125)
Test: [1/15]	Time 0.053 (0.056)	Loss 0.0287 (0.0294)	MAE 0.116 (0.121)
Test: [2/15]	Time 0.051 (0.054)	Loss 0.0453 (0.0347)	MAE 0.143 (0.128)
Test: [3/15]	Time 0.045 (0.052)	Loss 0.0245 (0.0321)	MAE 0.109 (0.123)
Test: [4/15]	Time 0.046 (0.051)	Loss 0.0280 (0.0313)	MAE 0.119 (0.122)
Test: [5/15]	Time 0.049 (0.051)	Loss 0.0261 (0.0304)	MAE 0.120 (0.122)
Test: [6/15]	Time 0.044 (0.050)	Loss 0.0423 (0.0321)	MAE 0.135 (0.124)
Test: [7/15]	Time 0.049 (0.050)	Loss 0.0246 (0.0312)	MAE 0.115 (0.123)
Test: [8/15]	Time 0.048 (0.049)	Loss 0.0370 (0.0318)	MAE 0.130 (0.124)
Test: [9/15]	Time 0.044 (0.049)	Loss 0.0354 (0.0322)	MAE 0.123 (0.123)
Test: [10/15]	Time 0.045 (0.049)	Loss 0.0231 (0.0314)	MAE 0.112 (0.122)
Test: [11/15]	Time 0.047 (0.048)	Loss 0.0367 (0.0318)	MAE 0.126 (0.123)
Test: [12/15]	Time 0.045 (0.048)	Loss 0.0340 (0.0320)	MAE 0.130 (0.123)
Test: [13/15]	Time 0.044 (0.048)	Loss 0.0345 (0.0322)	MAE 0.116 (0.123)
Test: [14/15]	Time 0.015 (0.046)	Loss 0.0435 (0.0323)	MAE 0.133 (0.123)
 * MAE 0.123
Epoch: [4][0/114]	Time 0.146 (0.146)	Data 0.058 (0.058)	Loss 0.0277 (0.0277)	MAE 0.128 (0.128)
Epoch: [4][1/114]	Time 0.113 (0.130)	Data 0.018 (0.038)	Loss 0.1514 (0.0895)	MAE 0.256 (0.192)
Epoch: [4][2/114]	Time 0.118 (0.126)	Data 0.025 (0.034)	Loss 0.0339 (0.0710)	MAE 0.138 (0.174)
Epoch: [4][3/114]	Time 0.115 (0.123)	Data 0.019 (0.030)	Loss 0.0616 (0.0686)	MAE 0.218 (0.185)
Epoch: [4][4/114]	Time 0.125 (0.123)	Data 0.031 (0.030)	Loss 0.0385 (0.0626)	MAE 0.161 (0.180)
Epoch: [4][5/114]	Time 0.103 (0.120)	Data 0.013 (0.027)	Loss 0.0544 (0.0612)	MAE 0.176 (0.180)
Epoch: [4][6/114]	Time 0.108 (0.118)	Data 0.017 (0.026)	Loss 0.0346 (0.0574)	MAE 0.134 (0.173)
Epoch: [4][7/114]	Time 0.107 (0.117)	Data 0.016 (0.025)	Loss 0.0319 (0.0542)	MAE 0.134 (0.168)
Epoch: [4][8/114]	Time 0.124 (0.118)	Data 0.031 (0.025)	Loss 0.0686 (0.0558)	MAE 0.202 (0.172)
Epoch: [4][9/114]	Time 0.105 (0.117)	Data 0.017 (0.025)	Loss 0.0257 (0.0528)	MAE 0.119 (0.167)
Epoch: [4][10/114]	Time 0.107 (0.116)	Data 0.020 (0.024)	Loss 0.0280 (0.0506)	MAE 0.125 (0.163)
Epoch: [4][11/114]	Time 0.110 (0.115)	Data 0.014 (0.023)	Loss 0.0297 (0.0488)	MAE 0.127 (0.160)
Epoch: [4][12/114]	Time 0.108 (0.115)	Data 0.019 (0.023)	Loss 0.0282 (0.0472)	MAE 0.125 (0.157)
Epoch: [4][13/114]	Time 0.108 (0.114)	Data 0.015 (0.022)	Loss 0.1277 (0.0530)	MAE 0.157 (0.157)
Epoch: [4][14/114]	Time 0.111 (0.114)	Data 0.023 (0.022)	Loss 0.0446 (0.0524)	MAE 0.158 (0.157)
Epoch: [4][15/114]	Time 0.107 (0.114)	Data 0.012 (0.022)	Loss 0.0324 (0.0512)	MAE 0.143 (0.156)
Epoch: [4][16/114]	Time 0.108 (0.113)	Data 0.018 (0.022)	Loss 0.0600 (0.0517)	MAE 0.216 (0.160)
Epoch: [4][17/114]	Time 0.107 (0.113)	Data 0.016 (0.021)	Loss 0.0429 (0.0512)	MAE 0.167 (0.160)
Epoch: [4][18/114]	Time 0.118 (0.113)	Data 0.018 (0.021)	Loss 0.0236 (0.0498)	MAE 0.119 (0.158)
Epoch: [4][19/114]	Time 0.107 (0.113)	Data 0.018 (0.021)	Loss 0.0359 (0.0491)	MAE 0.138 (0.157)
Epoch: [4][20/114]	Time 0.120 (0.113)	Data 0.024 (0.021)	Loss 0.0405 (0.0487)	MAE 0.147 (0.157)
Epoch: [4][21/114]	Time 0.108 (0.113)	Data 0.015 (0.021)	Loss 0.0738 (0.0498)	MAE 0.218 (0.159)
Epoch: [4][22/114]	Time 0.115 (0.113)	Data 0.021 (0.021)	Loss 0.0989 (0.0519)	MAE 0.240 (0.163)
Epoch: [4][23/114]	Time 0.108 (0.113)	Data 0.016 (0.021)	Loss 0.0301 (0.0510)	MAE 0.123 (0.161)
Epoch: [4][24/114]	Time 0.112 (0.113)	Data 0.021 (0.021)	Loss 0.0431 (0.0507)	MAE 0.171 (0.162)
Epoch: [4][25/114]	Time 0.097 (0.112)	Data 0.013 (0.020)	Loss 0.0548 (0.0509)	MAE 0.204 (0.163)
Epoch: [4][26/114]	Time 0.113 (0.112)	Data 0.024 (0.021)	Loss 0.0898 (0.0523)	MAE 0.277 (0.167)
Epoch: [4][27/114]	Time 0.109 (0.112)	Data 0.015 (0.020)	Loss 0.0601 (0.0526)	MAE 0.215 (0.169)
Epoch: [4][28/114]	Time 0.112 (0.112)	Data 0.021 (0.020)	Loss 0.0675 (0.0531)	MAE 0.195 (0.170)
Epoch: [4][29/114]	Time 0.106 (0.112)	Data 0.018 (0.020)	Loss 0.0846 (0.0542)	MAE 0.252 (0.173)
Epoch: [4][30/114]	Time 0.110 (0.112)	Data 0.023 (0.020)	Loss 0.0620 (0.0544)	MAE 0.219 (0.174)
Epoch: [4][31/114]	Time 0.109 (0.112)	Data 0.016 (0.020)	Loss 0.0740 (0.0550)	MAE 0.225 (0.176)
Epoch: [4][32/114]	Time 0.113 (0.112)	Data 0.021 (0.020)	Loss 0.0360 (0.0544)	MAE 0.136 (0.175)
Epoch: [4][33/114]	Time 0.107 (0.112)	Data 0.018 (0.020)	Loss 0.0393 (0.0540)	MAE 0.152 (0.174)
Epoch: [4][34/114]	Time 0.121 (0.112)	Data 0.030 (0.020)	Loss 0.0353 (0.0535)	MAE 0.152 (0.173)
Epoch: [4][35/114]	Time 0.105 (0.112)	Data 0.013 (0.020)	Loss 0.0450 (0.0532)	MAE 0.161 (0.173)
Epoch: [4][36/114]	Time 0.118 (0.112)	Data 0.025 (0.020)	Loss 0.0594 (0.0534)	MAE 0.214 (0.174)
Epoch: [4][37/114]	Time 0.105 (0.112)	Data 0.018 (0.020)	Loss 0.0446 (0.0532)	MAE 0.157 (0.174)
Epoch: [4][38/114]	Time 0.121 (0.112)	Data 0.025 (0.020)	Loss 0.0402 (0.0528)	MAE 0.142 (0.173)
Epoch: [4][39/114]	Time 0.105 (0.112)	Data 0.014 (0.020)	Loss 0.0375 (0.0524)	MAE 0.152 (0.172)
Epoch: [4][40/114]	Time 0.110 (0.112)	Data 0.019 (0.020)	Loss 0.0446 (0.0523)	MAE 0.170 (0.172)
Epoch: [4][41/114]	Time 0.113 (0.112)	Data 0.018 (0.020)	Loss 0.0429 (0.0520)	MAE 0.163 (0.172)
Epoch: [4][42/114]	Time 0.108 (0.112)	Data 0.018 (0.020)	Loss 0.0215 (0.0513)	MAE 0.111 (0.171)
Epoch: [4][43/114]	Time 0.108 (0.112)	Data 0.016 (0.020)	Loss 0.0322 (0.0509)	MAE 0.131 (0.170)
Epoch: [4][44/114]	Time 0.119 (0.112)	Data 0.024 (0.020)	Loss 0.0651 (0.0512)	MAE 0.217 (0.171)
Epoch: [4][45/114]	Time 0.109 (0.112)	Data 0.019 (0.020)	Loss 0.0330 (0.0508)	MAE 0.138 (0.170)
Epoch: [4][46/114]	Time 0.114 (0.112)	Data 0.022 (0.020)	Loss 0.0419 (0.0506)	MAE 0.156 (0.170)
Epoch: [4][47/114]	Time 0.109 (0.112)	Data 0.017 (0.020)	Loss 0.0418 (0.0504)	MAE 0.145 (0.169)
Epoch: [4][48/114]	Time 0.117 (0.112)	Data 0.025 (0.020)	Loss 0.0515 (0.0505)	MAE 0.199 (0.170)
Epoch: [4][49/114]	Time 0.100 (0.112)	Data 0.013 (0.020)	Loss 0.0349 (0.0501)	MAE 0.148 (0.169)
Epoch: [4][50/114]	Time 0.112 (0.112)	Data 0.022 (0.020)	Loss 0.0393 (0.0499)	MAE 0.152 (0.169)
Epoch: [4][51/114]	Time 0.113 (0.112)	Data 0.019 (0.020)	Loss 0.0408 (0.0498)	MAE 0.141 (0.169)
Epoch: [4][52/114]	Time 0.110 (0.112)	Data 0.019 (0.020)	Loss 0.0359 (0.0495)	MAE 0.146 (0.168)
Epoch: [4][53/114]	Time 0.109 (0.111)	Data 0.017 (0.020)	Loss 0.0303 (0.0491)	MAE 0.123 (0.167)
Epoch: [4][54/114]	Time 0.122 (0.112)	Data 0.029 (0.020)	Loss 0.0383 (0.0489)	MAE 0.134 (0.167)
Epoch: [4][55/114]	Time 0.121 (0.112)	Data 0.024 (0.020)	Loss 0.0345 (0.0487)	MAE 0.127 (0.166)
Epoch: [4][56/114]	Time 0.113 (0.112)	Data 0.021 (0.020)	Loss 0.0336 (0.0484)	MAE 0.143 (0.166)
Epoch: [4][57/114]	Time 0.108 (0.112)	Data 0.017 (0.020)	Loss 0.0357 (0.0482)	MAE 0.146 (0.165)
Epoch: [4][58/114]	Time 0.117 (0.112)	Data 0.024 (0.020)	Loss 0.0345 (0.0480)	MAE 0.150 (0.165)
Epoch: [4][59/114]	Time 0.119 (0.112)	Data 0.015 (0.020)	Loss 0.0359 (0.0478)	MAE 0.136 (0.164)
Epoch: [4][60/114]	Time 0.119 (0.112)	Data 0.024 (0.020)	Loss 0.0330 (0.0475)	MAE 0.124 (0.164)
Epoch: [4][61/114]	Time 0.111 (0.112)	Data 0.014 (0.020)	Loss 0.0282 (0.0472)	MAE 0.129 (0.163)
Epoch: [4][62/114]	Time 0.111 (0.112)	Data 0.014 (0.020)	Loss 0.0830 (0.0478)	MAE 0.250 (0.165)
Epoch: [4][63/114]	Time 0.137 (0.112)	Data 0.042 (0.020)	Loss 0.0351 (0.0476)	MAE 0.145 (0.164)
Epoch: [4][64/114]	Time 0.122 (0.113)	Data 0.032 (0.021)	Loss 0.0418 (0.0475)	MAE 0.156 (0.164)
Epoch: [4][65/114]	Time 0.111 (0.113)	Data 0.017 (0.021)	Loss 0.0566 (0.0476)	MAE 0.214 (0.165)
Epoch: [4][66/114]	Time 0.106 (0.112)	Data 0.019 (0.021)	Loss 0.0620 (0.0478)	MAE 0.212 (0.166)
Epoch: [4][67/114]	Time 0.107 (0.112)	Data 0.018 (0.020)	Loss 0.0422 (0.0478)	MAE 0.172 (0.166)
Epoch: [4][68/114]	Time 0.115 (0.112)	Data 0.024 (0.021)	Loss 0.0326 (0.0475)	MAE 0.119 (0.165)
Epoch: [4][69/114]	Time 0.104 (0.112)	Data 0.018 (0.020)	Loss 0.0482 (0.0476)	MAE 0.160 (0.165)
Epoch: [4][70/114]	Time 0.115 (0.112)	Data 0.022 (0.020)	Loss 0.0531 (0.0476)	MAE 0.183 (0.165)
Epoch: [4][71/114]	Time 0.112 (0.112)	Data 0.020 (0.020)	Loss 0.1231 (0.0487)	MAE 0.179 (0.165)
Epoch: [4][72/114]	Time 0.111 (0.112)	Data 0.019 (0.020)	Loss 0.0242 (0.0483)	MAE 0.124 (0.165)
Epoch: [4][73/114]	Time 0.111 (0.112)	Data 0.019 (0.020)	Loss 0.0394 (0.0482)	MAE 0.137 (0.164)
Epoch: [4][74/114]	Time 0.118 (0.112)	Data 0.020 (0.020)	Loss 0.0261 (0.0479)	MAE 0.121 (0.164)
Epoch: [4][75/114]	Time 0.105 (0.112)	Data 0.015 (0.020)	Loss 0.0328 (0.0477)	MAE 0.139 (0.164)
Epoch: [4][76/114]	Time 0.105 (0.112)	Data 0.018 (0.020)	Loss 0.0400 (0.0476)	MAE 0.167 (0.164)
Epoch: [4][77/114]	Time 0.108 (0.112)	Data 0.016 (0.020)	Loss 0.0522 (0.0477)	MAE 0.196 (0.164)
Epoch: [4][78/114]	Time 0.110 (0.112)	Data 0.024 (0.020)	Loss 0.0217 (0.0474)	MAE 0.117 (0.163)
Epoch: [4][79/114]	Time 0.112 (0.112)	Data 0.020 (0.020)	Loss 0.0269 (0.0471)	MAE 0.122 (0.163)
Epoch: [4][80/114]	Time 0.117 (0.112)	Data 0.020 (0.020)	Loss 0.0396 (0.0470)	MAE 0.137 (0.163)
Epoch: [4][81/114]	Time 0.108 (0.112)	Data 0.016 (0.020)	Loss 0.0278 (0.0468)	MAE 0.116 (0.162)
Epoch: [4][82/114]	Time 0.114 (0.112)	Data 0.022 (0.020)	Loss 0.0316 (0.0466)	MAE 0.128 (0.162)
Epoch: [4][83/114]	Time 0.120 (0.112)	Data 0.016 (0.020)	Loss 0.0312 (0.0464)	MAE 0.138 (0.161)
Epoch: [4][84/114]	Time 0.110 (0.112)	Data 0.024 (0.020)	Loss 0.0820 (0.0468)	MAE 0.188 (0.162)
Epoch: [4][85/114]	Time 0.098 (0.112)	Data 0.011 (0.020)	Loss 0.0427 (0.0468)	MAE 0.140 (0.161)
Epoch: [4][86/114]	Time 0.114 (0.112)	Data 0.026 (0.020)	Loss 0.0357 (0.0467)	MAE 0.138 (0.161)
Epoch: [4][87/114]	Time 0.107 (0.112)	Data 0.016 (0.020)	Loss 0.0206 (0.0464)	MAE 0.112 (0.161)
Epoch: [4][88/114]	Time 0.116 (0.112)	Data 0.022 (0.020)	Loss 0.0237 (0.0461)	MAE 0.121 (0.160)
Epoch: [4][89/114]	Time 0.108 (0.112)	Data 0.015 (0.020)	Loss 0.0466 (0.0461)	MAE 0.184 (0.160)
Epoch: [4][90/114]	Time 0.110 (0.112)	Data 0.019 (0.020)	Loss 0.0358 (0.0460)	MAE 0.136 (0.160)
Epoch: [4][91/114]	Time 0.109 (0.112)	Data 0.016 (0.020)	Loss 0.0375 (0.0459)	MAE 0.142 (0.160)
Epoch: [4][92/114]	Time 0.110 (0.112)	Data 0.018 (0.020)	Loss 0.0318 (0.0458)	MAE 0.141 (0.160)
Epoch: [4][93/114]	Time 0.110 (0.112)	Data 0.018 (0.020)	Loss 0.0417 (0.0457)	MAE 0.151 (0.160)
Epoch: [4][94/114]	Time 0.111 (0.112)	Data 0.016 (0.020)	Loss 0.0317 (0.0456)	MAE 0.138 (0.159)
Epoch: [4][95/114]	Time 0.111 (0.112)	Data 0.018 (0.020)	Loss 0.0298 (0.0454)	MAE 0.130 (0.159)
Epoch: [4][96/114]	Time 0.108 (0.112)	Data 0.020 (0.020)	Loss 0.0305 (0.0452)	MAE 0.138 (0.159)
Epoch: [4][97/114]	Time 0.105 (0.112)	Data 0.014 (0.020)	Loss 0.0503 (0.0453)	MAE 0.179 (0.159)
Epoch: [4][98/114]	Time 0.112 (0.112)	Data 0.018 (0.020)	Loss 0.0685 (0.0455)	MAE 0.216 (0.160)
Epoch: [4][99/114]	Time 0.106 (0.112)	Data 0.014 (0.020)	Loss 0.0427 (0.0455)	MAE 0.148 (0.160)
Epoch: [4][100/114]	Time 0.108 (0.112)	Data 0.018 (0.020)	Loss 0.0278 (0.0453)	MAE 0.129 (0.159)
Epoch: [4][101/114]	Time 0.109 (0.112)	Data 0.016 (0.020)	Loss 0.0382 (0.0453)	MAE 0.134 (0.159)
Epoch: [4][102/114]	Time 0.116 (0.112)	Data 0.017 (0.020)	Loss 0.0231 (0.0450)	MAE 0.114 (0.159)
Epoch: [4][103/114]	Time 0.118 (0.112)	Data 0.017 (0.020)	Loss 0.0391 (0.0450)	MAE 0.149 (0.158)
Epoch: [4][104/114]	Time 0.115 (0.112)	Data 0.025 (0.020)	Loss 0.0489 (0.0450)	MAE 0.164 (0.159)
Epoch: [4][105/114]	Time 0.105 (0.112)	Data 0.013 (0.020)	Loss 0.0279 (0.0449)	MAE 0.126 (0.158)
Epoch: [4][106/114]	Time 0.112 (0.112)	Data 0.020 (0.020)	Loss 0.0329 (0.0447)	MAE 0.144 (0.158)
Epoch: [4][107/114]	Time 0.104 (0.112)	Data 0.013 (0.020)	Loss 0.0700 (0.0450)	MAE 0.184 (0.158)
Epoch: [4][108/114]	Time 0.104 (0.112)	Data 0.019 (0.020)	Loss 0.0272 (0.0448)	MAE 0.138 (0.158)
Epoch: [4][109/114]	Time 0.104 (0.112)	Data 0.013 (0.020)	Loss 0.0434 (0.0448)	MAE 0.169 (0.158)
Epoch: [4][110/114]	Time 0.105 (0.111)	Data 0.017 (0.020)	Loss 0.0493 (0.0448)	MAE 0.171 (0.158)
Epoch: [4][111/114]	Time 0.111 (0.111)	Data 0.019 (0.020)	Loss 0.0431 (0.0448)	MAE 0.154 (0.158)
Epoch: [4][112/114]	Time 0.107 (0.111)	Data 0.019 (0.020)	Loss 0.0238 (0.0446)	MAE 0.114 (0.158)
Epoch: [4][113/114]	Time 0.087 (0.111)	Data 0.025 (0.020)	Loss 0.0325 (0.0446)	MAE 0.127 (0.158)
Test: [0/15]	Time 0.060 (0.060)	Loss 0.0324 (0.0324)	MAE 0.126 (0.126)
Test: [1/15]	Time 0.051 (0.056)	Loss 0.0423 (0.0373)	MAE 0.138 (0.132)
Test: [2/15]	Time 0.050 (0.054)	Loss 0.0339 (0.0362)	MAE 0.130 (0.131)
Test: [3/15]	Time 0.048 (0.052)	Loss 0.0464 (0.0387)	MAE 0.142 (0.134)
Test: [4/15]	Time 0.045 (0.051)	Loss 0.0336 (0.0377)	MAE 0.125 (0.132)
Test: [5/15]	Time 0.049 (0.051)	Loss 0.0404 (0.0382)	MAE 0.142 (0.134)
Test: [6/15]	Time 0.043 (0.050)	Loss 0.0475 (0.0395)	MAE 0.147 (0.136)
Test: [7/15]	Time 0.052 (0.050)	Loss 0.0336 (0.0388)	MAE 0.131 (0.135)
Test: [8/15]	Time 0.044 (0.049)	Loss 0.0262 (0.0374)	MAE 0.126 (0.134)
Test: [9/15]	Time 0.047 (0.049)	Loss 0.0371 (0.0373)	MAE 0.134 (0.134)
Test: [10/15]	Time 0.043 (0.048)	Loss 0.0335 (0.0370)	MAE 0.131 (0.134)
Test: [11/15]	Time 0.051 (0.049)	Loss 0.0231 (0.0358)	MAE 0.108 (0.132)
Test: [12/15]	Time 0.046 (0.049)	Loss 0.0275 (0.0352)	MAE 0.115 (0.130)
Test: [13/15]	Time 0.049 (0.049)	Loss 0.0297 (0.0348)	MAE 0.128 (0.130)
Test: [14/15]	Time 0.017 (0.046)	Loss 0.0369 (0.0348)	MAE 0.129 (0.130)
 * MAE 0.130
Epoch: [5][0/114]	Time 0.145 (0.145)	Data 0.053 (0.053)	Loss 0.0380 (0.0380)	MAE 0.142 (0.142)
Epoch: [5][1/114]	Time 0.109 (0.127)	Data 0.015 (0.034)	Loss 0.0272 (0.0326)	MAE 0.126 (0.134)
Epoch: [5][2/114]	Time 0.114 (0.123)	Data 0.020 (0.029)	Loss 0.0275 (0.0309)	MAE 0.122 (0.130)
Epoch: [5][3/114]	Time 0.123 (0.123)	Data 0.026 (0.029)	Loss 0.0443 (0.0342)	MAE 0.151 (0.135)
Epoch: [5][4/114]	Time 0.114 (0.121)	Data 0.024 (0.028)	Loss 0.0299 (0.0334)	MAE 0.138 (0.136)
Epoch: [5][5/114]	Time 0.110 (0.119)	Data 0.020 (0.026)	Loss 0.0327 (0.0333)	MAE 0.139 (0.136)
Epoch: [5][6/114]	Time 0.109 (0.118)	Data 0.021 (0.026)	Loss 0.0372 (0.0338)	MAE 0.164 (0.140)
Epoch: [5][7/114]	Time 0.112 (0.117)	Data 0.018 (0.025)	Loss 0.0337 (0.0338)	MAE 0.137 (0.140)
Epoch: [5][8/114]	Time 0.108 (0.116)	Data 0.020 (0.024)	Loss 0.0245 (0.0328)	MAE 0.122 (0.138)
Epoch: [5][9/114]	Time 0.114 (0.116)	Data 0.022 (0.024)	Loss 0.0366 (0.0332)	MAE 0.126 (0.137)
Epoch: [5][10/114]	Time 0.109 (0.115)	Data 0.018 (0.023)	Loss 0.0211 (0.0321)	MAE 0.112 (0.134)
Epoch: [5][11/114]	Time 0.106 (0.114)	Data 0.018 (0.023)	Loss 0.0483 (0.0334)	MAE 0.133 (0.134)
Epoch: [5][12/114]	Time 0.111 (0.114)	Data 0.023 (0.023)	Loss 0.0269 (0.0329)	MAE 0.126 (0.134)
Epoch: [5][13/114]	Time 0.109 (0.114)	Data 0.022 (0.023)	Loss 0.0353 (0.0331)	MAE 0.133 (0.134)
Epoch: [5][14/114]	Time 0.115 (0.114)	Data 0.023 (0.023)	Loss 0.0288 (0.0328)	MAE 0.113 (0.132)
Epoch: [5][15/114]	Time 0.103 (0.113)	Data 0.014 (0.022)	Loss 0.0612 (0.0346)	MAE 0.162 (0.134)
Epoch: [5][16/114]	Time 0.118 (0.113)	Data 0.024 (0.022)	Loss 0.0221 (0.0338)	MAE 0.115 (0.133)
Epoch: [5][17/114]	Time 0.105 (0.113)	Data 0.014 (0.022)	Loss 0.0300 (0.0336)	MAE 0.134 (0.133)
Epoch: [5][18/114]	Time 0.106 (0.113)	Data 0.019 (0.022)	Loss 0.0417 (0.0341)	MAE 0.143 (0.134)
Epoch: [5][19/114]	Time 0.106 (0.112)	Data 0.014 (0.021)	Loss 0.0257 (0.0336)	MAE 0.121 (0.133)
Epoch: [5][20/114]	Time 0.109 (0.112)	Data 0.017 (0.021)	Loss 0.0306 (0.0335)	MAE 0.143 (0.133)
Epoch: [5][21/114]	Time 0.109 (0.112)	Data 0.016 (0.021)	Loss 0.0258 (0.0331)	MAE 0.114 (0.133)
Epoch: [5][22/114]	Time 0.114 (0.112)	Data 0.019 (0.021)	Loss 0.0526 (0.0340)	MAE 0.190 (0.135)
Epoch: [5][23/114]	Time 0.122 (0.112)	Data 0.020 (0.021)	Loss 0.0400 (0.0342)	MAE 0.151 (0.136)
Epoch: [5][24/114]	Time 0.112 (0.112)	Data 0.024 (0.021)	Loss 0.0574 (0.0352)	MAE 0.219 (0.139)
Epoch: [5][25/114]	Time 0.104 (0.112)	Data 0.015 (0.021)	Loss 0.0293 (0.0349)	MAE 0.131 (0.139)
Epoch: [5][26/114]	Time 0.120 (0.112)	Data 0.022 (0.021)	Loss 0.0399 (0.0351)	MAE 0.133 (0.139)
Epoch: [5][27/114]	Time 0.102 (0.112)	Data 0.012 (0.020)	Loss 0.0339 (0.0351)	MAE 0.114 (0.138)
Epoch: [5][28/114]	Time 0.111 (0.112)	Data 0.019 (0.020)	Loss 0.0301 (0.0349)	MAE 0.135 (0.138)
Epoch: [5][29/114]	Time 0.101 (0.112)	Data 0.014 (0.020)	Loss 0.0358 (0.0349)	MAE 0.139 (0.138)
Epoch: [5][30/114]	Time 0.117 (0.112)	Data 0.023 (0.020)	Loss 0.0288 (0.0347)	MAE 0.137 (0.138)
Epoch: [5][31/114]	Time 0.110 (0.112)	Data 0.019 (0.020)	Loss 0.0424 (0.0350)	MAE 0.159 (0.138)
Epoch: [5][32/114]	Time 0.131 (0.112)	Data 0.037 (0.021)	Loss 0.0246 (0.0347)	MAE 0.121 (0.138)
Epoch: [5][33/114]	Time 0.107 (0.112)	Data 0.017 (0.021)	Loss 0.0256 (0.0344)	MAE 0.129 (0.138)
Epoch: [5][34/114]	Time 0.111 (0.112)	Data 0.021 (0.021)	Loss 0.0294 (0.0343)	MAE 0.131 (0.137)
Epoch: [5][35/114]	Time 0.102 (0.112)	Data 0.016 (0.021)	Loss 0.0376 (0.0343)	MAE 0.173 (0.138)
Epoch: [5][36/114]	Time 0.116 (0.112)	Data 0.025 (0.021)	Loss 0.0262 (0.0341)	MAE 0.110 (0.138)
Epoch: [5][37/114]	Time 0.106 (0.112)	Data 0.016 (0.021)	Loss 0.0307 (0.0340)	MAE 0.134 (0.137)
Epoch: [5][38/114]	Time 0.111 (0.112)	Data 0.023 (0.021)	Loss 0.0231 (0.0338)	MAE 0.119 (0.137)
Epoch: [5][39/114]	Time 0.104 (0.112)	Data 0.014 (0.020)	Loss 0.0248 (0.0335)	MAE 0.114 (0.136)
Epoch: [5][40/114]	Time 0.110 (0.112)	Data 0.018 (0.020)	Loss 0.0473 (0.0339)	MAE 0.152 (0.137)
Epoch: [5][41/114]	Time 0.107 (0.111)	Data 0.013 (0.020)	Loss 0.0322 (0.0338)	MAE 0.124 (0.136)
Epoch: [5][42/114]	Time 0.112 (0.111)	Data 0.016 (0.020)	Loss 0.0282 (0.0337)	MAE 0.129 (0.136)
Epoch: [5][43/114]	Time 0.114 (0.112)	Data 0.024 (0.020)	Loss 0.0250 (0.0335)	MAE 0.129 (0.136)
Epoch: [5][44/114]	Time 0.117 (0.112)	Data 0.025 (0.020)	Loss 0.0253 (0.0333)	MAE 0.119 (0.136)
Epoch: [5][45/114]	Time 0.097 (0.111)	Data 0.015 (0.020)	Loss 0.0338 (0.0333)	MAE 0.140 (0.136)
Epoch: [5][46/114]	Time 0.109 (0.111)	Data 0.018 (0.020)	Loss 0.0368 (0.0334)	MAE 0.145 (0.136)
Epoch: [5][47/114]	Time 0.106 (0.111)	Data 0.016 (0.020)	Loss 0.0615 (0.0340)	MAE 0.211 (0.138)
Epoch: [5][48/114]	Time 0.114 (0.111)	Data 0.021 (0.020)	Loss 0.0310 (0.0339)	MAE 0.137 (0.138)
Epoch: [5][49/114]	Time 0.106 (0.111)	Data 0.016 (0.020)	Loss 0.0441 (0.0341)	MAE 0.180 (0.138)
Epoch: [5][50/114]	Time 0.108 (0.111)	Data 0.020 (0.020)	Loss 0.0342 (0.0341)	MAE 0.135 (0.138)
Epoch: [5][51/114]	Time 0.105 (0.111)	Data 0.014 (0.020)	Loss 0.0511 (0.0345)	MAE 0.176 (0.139)
Epoch: [5][52/114]	Time 0.114 (0.111)	Data 0.022 (0.020)	Loss 0.0250 (0.0343)	MAE 0.115 (0.139)
Epoch: [5][53/114]	Time 0.110 (0.111)	Data 0.013 (0.020)	Loss 0.0274 (0.0342)	MAE 0.132 (0.139)
Epoch: [5][54/114]	Time 0.115 (0.111)	Data 0.026 (0.020)	Loss 0.0539 (0.0345)	MAE 0.192 (0.139)
Epoch: [5][55/114]	Time 0.110 (0.111)	Data 0.017 (0.020)	Loss 0.0313 (0.0345)	MAE 0.134 (0.139)
Epoch: [5][56/114]	Time 0.114 (0.111)	Data 0.020 (0.020)	Loss 0.0427 (0.0346)	MAE 0.155 (0.140)
Epoch: [5][57/114]	Time 0.103 (0.111)	Data 0.015 (0.020)	Loss 0.0379 (0.0347)	MAE 0.134 (0.140)
Epoch: [5][58/114]	Time 0.108 (0.111)	Data 0.017 (0.020)	Loss 0.0216 (0.0344)	MAE 0.117 (0.139)
Epoch: [5][59/114]	Time 0.109 (0.111)	Data 0.017 (0.020)	Loss 0.0281 (0.0343)	MAE 0.135 (0.139)
Epoch: [5][60/114]	Time 0.102 (0.111)	Data 0.017 (0.020)	Loss 0.0228 (0.0341)	MAE 0.116 (0.139)
Epoch: [5][61/114]	Time 0.102 (0.111)	Data 0.016 (0.020)	Loss 0.0430 (0.0343)	MAE 0.161 (0.139)
Epoch: [5][62/114]	Time 0.112 (0.111)	Data 0.019 (0.020)	Loss 0.0358 (0.0343)	MAE 0.155 (0.139)
Epoch: [5][63/114]	Time 0.110 (0.111)	Data 0.016 (0.020)	Loss 0.0264 (0.0342)	MAE 0.116 (0.139)
Epoch: [5][64/114]	Time 0.113 (0.111)	Data 0.025 (0.020)	Loss 0.0320 (0.0342)	MAE 0.134 (0.139)
Epoch: [5][65/114]	Time 0.103 (0.111)	Data 0.014 (0.020)	Loss 0.0235 (0.0340)	MAE 0.120 (0.139)
Epoch: [5][66/114]	Time 0.104 (0.110)	Data 0.017 (0.020)	Loss 0.0519 (0.0343)	MAE 0.172 (0.139)
Epoch: [5][67/114]	Time 0.106 (0.110)	Data 0.016 (0.019)	Loss 0.0361 (0.0343)	MAE 0.157 (0.139)
Epoch: [5][68/114]	Time 0.106 (0.110)	Data 0.019 (0.019)	Loss 0.0474 (0.0345)	MAE 0.162 (0.140)
Epoch: [5][69/114]	Time 0.107 (0.110)	Data 0.014 (0.019)	Loss 0.0583 (0.0348)	MAE 0.137 (0.140)
Epoch: [5][70/114]	Time 0.114 (0.110)	Data 0.022 (0.019)	Loss 0.0502 (0.0350)	MAE 0.182 (0.140)
Epoch: [5][71/114]	Time 0.105 (0.110)	Data 0.014 (0.019)	Loss 0.0401 (0.0351)	MAE 0.163 (0.141)
Epoch: [5][72/114]	Time 0.109 (0.110)	Data 0.020 (0.019)	Loss 0.1290 (0.0364)	MAE 0.191 (0.141)
Epoch: [5][73/114]	Time 0.108 (0.110)	Data 0.020 (0.019)	Loss 0.0350 (0.0364)	MAE 0.151 (0.141)
Epoch: [5][74/114]	Time 0.132 (0.110)	Data 0.036 (0.020)	Loss 0.0438 (0.0365)	MAE 0.170 (0.142)
Epoch: [5][75/114]	Time 0.111 (0.110)	Data 0.015 (0.020)	Loss 0.0671 (0.0369)	MAE 0.219 (0.143)
Epoch: [5][76/114]	Time 0.111 (0.110)	Data 0.021 (0.020)	Loss 0.1728 (0.0386)	MAE 0.387 (0.146)
Epoch: [5][77/114]	Time 0.100 (0.110)	Data 0.013 (0.019)	Loss 0.0266 (0.0385)	MAE 0.130 (0.146)
Epoch: [5][78/114]	Time 0.114 (0.110)	Data 0.021 (0.019)	Loss 0.1098 (0.0394)	MAE 0.162 (0.146)
Epoch: [5][79/114]	Time 0.105 (0.110)	Data 0.016 (0.019)	Loss 0.1265 (0.0405)	MAE 0.292 (0.148)
Epoch: [5][80/114]	Time 0.121 (0.110)	Data 0.034 (0.020)	Loss 0.0644 (0.0408)	MAE 0.217 (0.149)
Epoch: [5][81/114]	Time 0.104 (0.110)	Data 0.013 (0.020)	Loss 0.0831 (0.0413)	MAE 0.249 (0.150)
Epoch: [5][82/114]	Time 0.115 (0.110)	Data 0.018 (0.020)	Loss 0.1348 (0.0424)	MAE 0.165 (0.150)
Epoch: [5][83/114]	Time 0.118 (0.111)	Data 0.020 (0.020)	Loss 0.0556 (0.0426)	MAE 0.195 (0.151)
Epoch: [5][84/114]	Time 0.121 (0.111)	Data 0.025 (0.020)	Loss 0.0803 (0.0430)	MAE 0.237 (0.152)
Epoch: [5][85/114]	Time 0.111 (0.111)	Data 0.017 (0.020)	Loss 0.0424 (0.0430)	MAE 0.172 (0.152)
Epoch: [5][86/114]	Time 0.134 (0.111)	Data 0.044 (0.020)	Loss 0.0518 (0.0431)	MAE 0.189 (0.152)
Epoch: [5][87/114]	Time 0.124 (0.111)	Data 0.022 (0.020)	Loss 0.0428 (0.0431)	MAE 0.161 (0.152)
Epoch: [5][88/114]	Time 0.108 (0.111)	Data 0.017 (0.020)	Loss 0.0297 (0.0430)	MAE 0.143 (0.152)
Epoch: [5][89/114]	Time 0.104 (0.111)	Data 0.015 (0.020)	Loss 0.0326 (0.0428)	MAE 0.130 (0.152)
Epoch: [5][90/114]	Time 0.106 (0.111)	Data 0.016 (0.020)	Loss 0.0658 (0.0431)	MAE 0.206 (0.153)
Epoch: [5][91/114]	Time 0.110 (0.111)	Data 0.020 (0.020)	Loss 0.0300 (0.0429)	MAE 0.135 (0.152)
Epoch: [5][92/114]	Time 0.112 (0.111)	Data 0.020 (0.020)	Loss 0.0306 (0.0428)	MAE 0.137 (0.152)
Epoch: [5][93/114]	Time 0.130 (0.111)	Data 0.033 (0.020)	Loss 0.0440 (0.0428)	MAE 0.168 (0.152)
Epoch: [5][94/114]	Time 0.113 (0.111)	Data 0.015 (0.020)	Loss 0.0328 (0.0427)	MAE 0.129 (0.152)
Epoch: [5][95/114]	Time 0.118 (0.111)	Data 0.024 (0.020)	Loss 0.0227 (0.0425)	MAE 0.114 (0.152)
Epoch: [5][96/114]	Time 0.108 (0.111)	Data 0.020 (0.020)	Loss 0.0270 (0.0424)	MAE 0.120 (0.151)
Epoch: [5][97/114]	Time 0.111 (0.111)	Data 0.022 (0.020)	Loss 0.0503 (0.0424)	MAE 0.168 (0.152)
Epoch: [5][98/114]	Time 0.111 (0.111)	Data 0.017 (0.020)	Loss 0.0232 (0.0422)	MAE 0.113 (0.151)
Epoch: [5][99/114]	Time 0.111 (0.111)	Data 0.019 (0.020)	Loss 0.0375 (0.0422)	MAE 0.149 (0.151)
Epoch: [5][100/114]	Time 0.114 (0.111)	Data 0.018 (0.020)	Loss 0.0446 (0.0422)	MAE 0.183 (0.152)
Epoch: [5][101/114]	Time 0.114 (0.111)	Data 0.019 (0.020)	Loss 0.0243 (0.0420)	MAE 0.124 (0.151)
Epoch: [5][102/114]	Time 0.108 (0.111)	Data 0.012 (0.020)	Loss 0.0325 (0.0419)	MAE 0.125 (0.151)
Epoch: [5][103/114]	Time 0.130 (0.111)	Data 0.034 (0.020)	Loss 0.0280 (0.0418)	MAE 0.123 (0.151)
Epoch: [5][104/114]	Time 0.104 (0.111)	Data 0.015 (0.020)	Loss 0.0240 (0.0416)	MAE 0.113 (0.150)
Epoch: [5][105/114]	Time 0.114 (0.111)	Data 0.020 (0.020)	Loss 0.0350 (0.0416)	MAE 0.156 (0.150)
Epoch: [5][106/114]	Time 0.101 (0.111)	Data 0.014 (0.020)	Loss 0.0253 (0.0414)	MAE 0.124 (0.150)
Epoch: [5][107/114]	Time 0.112 (0.111)	Data 0.020 (0.020)	Loss 0.0319 (0.0413)	MAE 0.124 (0.150)
Epoch: [5][108/114]	Time 0.110 (0.111)	Data 0.021 (0.020)	Loss 0.0355 (0.0413)	MAE 0.154 (0.150)
Epoch: [5][109/114]	Time 0.105 (0.111)	Data 0.020 (0.020)	Loss 0.0310 (0.0412)	MAE 0.134 (0.150)
Epoch: [5][110/114]	Time 0.097 (0.111)	Data 0.012 (0.020)	Loss 0.0307 (0.0411)	MAE 0.124 (0.150)
Epoch: [5][111/114]	Time 0.115 (0.111)	Data 0.023 (0.020)	Loss 0.0327 (0.0410)	MAE 0.126 (0.149)
Epoch: [5][112/114]	Time 0.108 (0.111)	Data 0.017 (0.020)	Loss 0.0230 (0.0409)	MAE 0.106 (0.149)
Epoch: [5][113/114]	Time 0.094 (0.111)	Data 0.031 (0.020)	Loss 0.0348 (0.0408)	MAE 0.143 (0.149)
Test: [0/15]	Time 0.051 (0.051)	Loss 0.0266 (0.0266)	MAE 0.126 (0.126)
Test: [1/15]	Time 0.046 (0.049)	Loss 0.0345 (0.0306)	MAE 0.146 (0.136)
Test: [2/15]	Time 0.053 (0.050)	Loss 0.0261 (0.0291)	MAE 0.125 (0.132)
Test: [3/15]	Time 0.052 (0.050)	Loss 0.0334 (0.0302)	MAE 0.147 (0.136)
Test: [4/15]	Time 0.049 (0.050)	Loss 0.0379 (0.0317)	MAE 0.143 (0.137)
Test: [5/15]	Time 0.042 (0.049)	Loss 0.0429 (0.0336)	MAE 0.150 (0.139)
Test: [6/15]	Time 0.043 (0.048)	Loss 0.0311 (0.0332)	MAE 0.139 (0.139)
Test: [7/15]	Time 0.042 (0.047)	Loss 0.0342 (0.0333)	MAE 0.138 (0.139)
Test: [8/15]	Time 0.050 (0.047)	Loss 0.0269 (0.0326)	MAE 0.130 (0.138)
Test: [9/15]	Time 0.044 (0.047)	Loss 0.0293 (0.0323)	MAE 0.126 (0.137)
Test: [10/15]	Time 0.046 (0.047)	Loss 0.0303 (0.0321)	MAE 0.129 (0.136)
Test: [11/15]	Time 0.040 (0.046)	Loss 0.0309 (0.0320)	MAE 0.126 (0.136)
Test: [12/15]	Time 0.050 (0.047)	Loss 0.0277 (0.0317)	MAE 0.123 (0.135)
Test: [13/15]	Time 0.046 (0.047)	Loss 0.0312 (0.0316)	MAE 0.137 (0.135)
Test: [14/15]	Time 0.015 (0.045)	Loss 0.0297 (0.0316)	MAE 0.142 (0.135)
 * MAE 0.135
Epoch: [6][0/114]	Time 0.155 (0.155)	Data 0.062 (0.062)	Loss 0.0657 (0.0657)	MAE 0.228 (0.228)
Epoch: [6][1/114]	Time 0.112 (0.134)	Data 0.018 (0.040)	Loss 0.0159 (0.0408)	MAE 0.097 (0.162)
Epoch: [6][2/114]	Time 0.121 (0.129)	Data 0.023 (0.034)	Loss 0.0235 (0.0350)	MAE 0.113 (0.146)
Epoch: [6][3/114]	Time 0.122 (0.128)	Data 0.029 (0.033)	Loss 0.0298 (0.0337)	MAE 0.132 (0.142)
Epoch: [6][4/114]	Time 0.123 (0.127)	Data 0.022 (0.031)	Loss 0.0186 (0.0307)	MAE 0.101 (0.134)
Epoch: [6][5/114]	Time 0.107 (0.123)	Data 0.013 (0.028)	Loss 0.0273 (0.0301)	MAE 0.123 (0.132)
Epoch: [6][6/114]	Time 0.108 (0.121)	Data 0.018 (0.027)	Loss 0.0401 (0.0316)	MAE 0.148 (0.134)
Epoch: [6][7/114]	Time 0.107 (0.119)	Data 0.017 (0.025)	Loss 0.0206 (0.0302)	MAE 0.113 (0.132)
Epoch: [6][8/114]	Time 0.111 (0.118)	Data 0.023 (0.025)	Loss 0.0495 (0.0323)	MAE 0.175 (0.137)
Epoch: [6][9/114]	Time 0.108 (0.117)	Data 0.018 (0.024)	Loss 0.0548 (0.0346)	MAE 0.207 (0.144)
Epoch: [6][10/114]	Time 0.107 (0.116)	Data 0.020 (0.024)	Loss 0.0448 (0.0355)	MAE 0.145 (0.144)
Epoch: [6][11/114]	Time 0.119 (0.117)	Data 0.024 (0.024)	Loss 0.0416 (0.0360)	MAE 0.164 (0.145)
Epoch: [6][12/114]	Time 0.122 (0.117)	Data 0.022 (0.024)	Loss 0.0251 (0.0352)	MAE 0.120 (0.143)
Epoch: [6][13/114]	Time 0.106 (0.116)	Data 0.018 (0.023)	Loss 0.0293 (0.0348)	MAE 0.123 (0.142)
Epoch: [6][14/114]	Time 0.113 (0.116)	Data 0.018 (0.023)	Loss 0.0239 (0.0340)	MAE 0.115 (0.140)
Epoch: [6][15/114]	Time 0.106 (0.115)	Data 0.017 (0.023)	Loss 0.0289 (0.0337)	MAE 0.129 (0.139)
Epoch: [6][16/114]	Time 0.112 (0.115)	Data 0.020 (0.023)	Loss 0.0262 (0.0333)	MAE 0.127 (0.139)
Epoch: [6][17/114]	Time 0.107 (0.115)	Data 0.015 (0.022)	Loss 0.0189 (0.0325)	MAE 0.110 (0.137)
Epoch: [6][18/114]	Time 0.142 (0.116)	Data 0.017 (0.022)	Loss 0.0434 (0.0331)	MAE 0.180 (0.139)
Epoch: [6][19/114]	Time 0.114 (0.116)	Data 0.020 (0.022)	Loss 0.0284 (0.0328)	MAE 0.145 (0.140)
Epoch: [6][20/114]	Time 0.108 (0.116)	Data 0.018 (0.022)	Loss 0.0231 (0.0324)	MAE 0.120 (0.139)
Epoch: [6][21/114]	Time 0.114 (0.116)	Data 0.018 (0.021)	Loss 0.0147 (0.0316)	MAE 0.095 (0.137)
Epoch: [6][22/114]	Time 0.123 (0.116)	Data 0.025 (0.022)	Loss 0.0301 (0.0315)	MAE 0.130 (0.136)
Epoch: [6][23/114]	Time 0.120 (0.116)	Data 0.029 (0.022)	Loss 0.0256 (0.0312)	MAE 0.130 (0.136)
Epoch: [6][24/114]	Time 0.104 (0.116)	Data 0.013 (0.022)	Loss 0.0342 (0.0314)	MAE 0.122 (0.136)
Epoch: [6][25/114]	Time 0.117 (0.116)	Data 0.019 (0.021)	Loss 0.0440 (0.0318)	MAE 0.175 (0.137)
Epoch: [6][26/114]	Time 0.102 (0.115)	Data 0.012 (0.021)	Loss 0.0306 (0.0318)	MAE 0.135 (0.137)
Epoch: [6][27/114]	Time 0.144 (0.116)	Data 0.020 (0.021)	Loss 0.0175 (0.0313)	MAE 0.099 (0.136)
Epoch: [6][28/114]	Time 0.108 (0.116)	Data 0.020 (0.021)	Loss 0.0420 (0.0317)	MAE 0.151 (0.136)
Epoch: [6][29/114]	Time 0.110 (0.116)	Data 0.018 (0.021)	Loss 0.0306 (0.0316)	MAE 0.136 (0.136)
Epoch: [6][30/114]	Time 0.111 (0.116)	Data 0.018 (0.021)	Loss 0.0392 (0.0319)	MAE 0.158 (0.137)
Epoch: [6][31/114]	Time 0.112 (0.115)	Data 0.021 (0.021)	Loss 0.0378 (0.0321)	MAE 0.161 (0.138)
Epoch: [6][32/114]	Time 0.109 (0.115)	Data 0.016 (0.021)	Loss 0.0365 (0.0322)	MAE 0.159 (0.138)
Epoch: [6][33/114]	Time 0.111 (0.115)	Data 0.017 (0.021)	Loss 0.0425 (0.0325)	MAE 0.178 (0.139)
Epoch: [6][34/114]	Time 0.112 (0.115)	Data 0.017 (0.021)	Loss 0.0242 (0.0323)	MAE 0.109 (0.139)
Epoch: [6][35/114]	Time 0.110 (0.115)	Data 0.018 (0.020)	Loss 0.0501 (0.0328)	MAE 0.176 (0.140)
Epoch: [6][36/114]	Time 0.112 (0.115)	Data 0.024 (0.021)	Loss 0.0352 (0.0328)	MAE 0.149 (0.140)
Epoch: [6][37/114]	Time 0.111 (0.115)	Data 0.020 (0.021)	Loss 0.0582 (0.0335)	MAE 0.205 (0.142)
Epoch: [6][38/114]	Time 0.111 (0.115)	Data 0.020 (0.021)	Loss 0.0479 (0.0339)	MAE 0.131 (0.141)
Epoch: [6][39/114]	Time 0.114 (0.115)	Data 0.021 (0.021)	Loss 0.0354 (0.0339)	MAE 0.143 (0.141)
Epoch: [6][40/114]	Time 0.121 (0.115)	Data 0.024 (0.021)	Loss 0.0523 (0.0343)	MAE 0.210 (0.143)
Epoch: [6][41/114]	Time 0.115 (0.115)	Data 0.019 (0.021)	Loss 0.0295 (0.0342)	MAE 0.131 (0.143)
Epoch: [6][42/114]	Time 0.121 (0.115)	Data 0.025 (0.021)	Loss 0.0468 (0.0345)	MAE 0.189 (0.144)
Epoch: [6][43/114]	Time 0.105 (0.115)	Data 0.019 (0.021)	Loss 0.0243 (0.0343)	MAE 0.119 (0.143)
Epoch: [6][44/114]	Time 0.109 (0.115)	Data 0.016 (0.021)	Loss 0.0271 (0.0341)	MAE 0.130 (0.143)
Epoch: [6][45/114]	Time 0.111 (0.115)	Data 0.020 (0.021)	Loss 0.0258 (0.0339)	MAE 0.124 (0.143)
Epoch: [6][46/114]	Time 0.117 (0.115)	Data 0.024 (0.021)	Loss 0.0246 (0.0337)	MAE 0.120 (0.142)
Epoch: [6][47/114]	Time 0.109 (0.114)	Data 0.017 (0.021)	Loss 0.0366 (0.0338)	MAE 0.140 (0.142)
Epoch: [6][48/114]	Time 0.119 (0.115)	Data 0.021 (0.021)	Loss 0.0266 (0.0337)	MAE 0.123 (0.142)
Epoch: [6][49/114]	Time 0.107 (0.114)	Data 0.013 (0.020)	Loss 0.0480 (0.0339)	MAE 0.174 (0.142)
Epoch: [6][50/114]	Time 0.116 (0.114)	Data 0.025 (0.020)	Loss 0.0365 (0.0340)	MAE 0.148 (0.142)
Epoch: [6][51/114]	Time 0.104 (0.114)	Data 0.013 (0.020)	Loss 0.0369 (0.0341)	MAE 0.136 (0.142)
Epoch: [6][52/114]	Time 0.119 (0.114)	Data 0.023 (0.020)	Loss 0.0270 (0.0339)	MAE 0.122 (0.142)
Epoch: [6][53/114]	Time 0.119 (0.114)	Data 0.023 (0.020)	Loss 0.0290 (0.0338)	MAE 0.136 (0.142)
Epoch: [6][54/114]	Time 0.113 (0.114)	Data 0.019 (0.020)	Loss 0.0269 (0.0337)	MAE 0.132 (0.142)
Epoch: [6][55/114]	Time 0.106 (0.114)	Data 0.014 (0.020)	Loss 0.0395 (0.0338)	MAE 0.160 (0.142)
Epoch: [6][56/114]	Time 0.106 (0.114)	Data 0.017 (0.020)	Loss 0.0649 (0.0344)	MAE 0.230 (0.144)
Epoch: [6][57/114]	Time 0.112 (0.114)	Data 0.019 (0.020)	Loss 0.0297 (0.0343)	MAE 0.136 (0.143)
Epoch: [6][58/114]	Time 0.116 (0.114)	Data 0.020 (0.020)	Loss 0.0250 (0.0341)	MAE 0.108 (0.143)
Epoch: [6][59/114]	Time 0.110 (0.114)	Data 0.018 (0.020)	Loss 0.0212 (0.0339)	MAE 0.112 (0.142)
Epoch: [6][60/114]	Time 0.120 (0.114)	Data 0.027 (0.020)	Loss 0.0486 (0.0341)	MAE 0.175 (0.143)
Epoch: [6][61/114]	Time 0.107 (0.114)	Data 0.014 (0.020)	Loss 0.0566 (0.0345)	MAE 0.193 (0.144)
Epoch: [6][62/114]	Time 0.116 (0.114)	Data 0.024 (0.020)	Loss 0.0343 (0.0345)	MAE 0.142 (0.144)
Epoch: [6][63/114]	Time 0.104 (0.114)	Data 0.014 (0.020)	Loss 0.0305 (0.0344)	MAE 0.123 (0.143)
Epoch: [6][64/114]	Time 0.112 (0.114)	Data 0.018 (0.020)	Loss 0.1040 (0.0355)	MAE 0.142 (0.143)
Epoch: [6][65/114]	Time 0.103 (0.114)	Data 0.015 (0.020)	Loss 0.0259 (0.0354)	MAE 0.121 (0.143)
Epoch: [6][66/114]	Time 0.112 (0.114)	Data 0.021 (0.020)	Loss 0.0368 (0.0354)	MAE 0.150 (0.143)
Epoch: [6][67/114]	Time 0.109 (0.114)	Data 0.017 (0.020)	Loss 0.0873 (0.0361)	MAE 0.266 (0.145)
Epoch: [6][68/114]	Time 0.110 (0.114)	Data 0.021 (0.020)	Loss 0.0341 (0.0361)	MAE 0.142 (0.145)
Epoch: [6][69/114]	Time 0.110 (0.114)	Data 0.015 (0.020)	Loss 0.0268 (0.0360)	MAE 0.123 (0.144)
Epoch: [6][70/114]	Time 0.106 (0.113)	Data 0.018 (0.020)	Loss 0.0305 (0.0359)	MAE 0.123 (0.144)
Epoch: [6][71/114]	Time 0.111 (0.113)	Data 0.018 (0.020)	Loss 0.0253 (0.0358)	MAE 0.116 (0.144)
Epoch: [6][72/114]	Time 0.120 (0.113)	Data 0.026 (0.020)	Loss 0.0233 (0.0356)	MAE 0.123 (0.143)
Epoch: [6][73/114]	Time 0.113 (0.113)	Data 0.020 (0.020)	Loss 0.0293 (0.0355)	MAE 0.116 (0.143)
Epoch: [6][74/114]	Time 0.118 (0.114)	Data 0.022 (0.020)	Loss 0.0285 (0.0354)	MAE 0.127 (0.143)
Epoch: [6][75/114]	Time 0.102 (0.113)	Data 0.012 (0.020)	Loss 0.0581 (0.0357)	MAE 0.205 (0.144)
Epoch: [6][76/114]	Time 0.112 (0.113)	Data 0.018 (0.020)	Loss 0.0500 (0.0359)	MAE 0.166 (0.144)
Epoch: [6][77/114]	Time 0.104 (0.113)	Data 0.016 (0.020)	Loss 0.0411 (0.0360)	MAE 0.152 (0.144)
Epoch: [6][78/114]	Time 0.115 (0.113)	Data 0.019 (0.020)	Loss 0.0238 (0.0358)	MAE 0.112 (0.144)
Epoch: [6][79/114]	Time 0.103 (0.113)	Data 0.018 (0.020)	Loss 0.0220 (0.0356)	MAE 0.115 (0.143)
Epoch: [6][80/114]	Time 0.114 (0.113)	Data 0.022 (0.020)	Loss 0.0757 (0.0361)	MAE 0.250 (0.145)
Epoch: [6][81/114]	Time 0.116 (0.113)	Data 0.019 (0.020)	Loss 0.0524 (0.0363)	MAE 0.193 (0.145)
Epoch: [6][82/114]	Time 0.133 (0.113)	Data 0.037 (0.020)	Loss 0.0318 (0.0363)	MAE 0.122 (0.145)
Epoch: [6][83/114]	Time 0.107 (0.113)	Data 0.016 (0.020)	Loss 0.0315 (0.0362)	MAE 0.138 (0.145)
Epoch: [6][84/114]	Time 0.117 (0.113)	Data 0.025 (0.020)	Loss 0.0265 (0.0361)	MAE 0.113 (0.145)
Epoch: [6][85/114]	Time 0.105 (0.113)	Data 0.017 (0.020)	Loss 0.0316 (0.0361)	MAE 0.124 (0.144)
Epoch: [6][86/114]	Time 0.114 (0.113)	Data 0.024 (0.020)	Loss 0.0256 (0.0359)	MAE 0.131 (0.144)
Epoch: [6][87/114]	Time 0.108 (0.113)	Data 0.017 (0.020)	Loss 0.0620 (0.0362)	MAE 0.217 (0.145)
Epoch: [6][88/114]	Time 0.116 (0.113)	Data 0.021 (0.020)	Loss 0.0365 (0.0362)	MAE 0.148 (0.145)
Epoch: [6][89/114]	Time 0.114 (0.113)	Data 0.016 (0.020)	Loss 0.0461 (0.0363)	MAE 0.133 (0.145)
Epoch: [6][90/114]	Time 0.114 (0.113)	Data 0.023 (0.020)	Loss 0.0209 (0.0362)	MAE 0.120 (0.145)
Epoch: [6][91/114]	Time 0.111 (0.113)	Data 0.016 (0.020)	Loss 0.1040 (0.0369)	MAE 0.223 (0.145)
Epoch: [6][92/114]	Time 0.123 (0.113)	Data 0.035 (0.020)	Loss 0.0622 (0.0372)	MAE 0.227 (0.146)
Epoch: [6][93/114]	Time 0.105 (0.113)	Data 0.014 (0.020)	Loss 0.0262 (0.0371)	MAE 0.120 (0.146)
Epoch: [6][94/114]	Time 0.113 (0.113)	Data 0.018 (0.020)	Loss 0.0203 (0.0369)	MAE 0.104 (0.146)
Epoch: [6][95/114]	Time 0.109 (0.113)	Data 0.014 (0.020)	Loss 0.0317 (0.0368)	MAE 0.135 (0.145)
Epoch: [6][96/114]	Time 0.111 (0.113)	Data 0.017 (0.020)	Loss 0.0293 (0.0368)	MAE 0.124 (0.145)
Epoch: [6][97/114]	Time 0.107 (0.113)	Data 0.017 (0.020)	Loss 0.1227 (0.0376)	MAE 0.154 (0.145)
Epoch: [6][98/114]	Time 0.116 (0.113)	Data 0.020 (0.020)	Loss 0.0351 (0.0376)	MAE 0.142 (0.145)
Epoch: [6][99/114]	Time 0.105 (0.113)	Data 0.013 (0.020)	Loss 0.0358 (0.0376)	MAE 0.153 (0.145)
Epoch: [6][100/114]	Time 0.112 (0.113)	Data 0.021 (0.020)	Loss 0.0532 (0.0377)	MAE 0.146 (0.145)
Epoch: [6][101/114]	Time 0.112 (0.113)	Data 0.015 (0.020)	Loss 0.0416 (0.0378)	MAE 0.154 (0.145)
Epoch: [6][102/114]	Time 0.126 (0.113)	Data 0.030 (0.020)	Loss 0.0204 (0.0376)	MAE 0.114 (0.145)
Epoch: [6][103/114]	Time 0.112 (0.113)	Data 0.021 (0.020)	Loss 0.0222 (0.0375)	MAE 0.111 (0.145)
Epoch: [6][104/114]	Time 0.110 (0.113)	Data 0.024 (0.020)	Loss 0.0252 (0.0373)	MAE 0.124 (0.145)
Epoch: [6][105/114]	Time 0.101 (0.113)	Data 0.013 (0.020)	Loss 0.0342 (0.0373)	MAE 0.135 (0.145)
Epoch: [6][106/114]	Time 0.110 (0.113)	Data 0.020 (0.020)	Loss 0.0216 (0.0372)	MAE 0.118 (0.144)
Epoch: [6][107/114]	Time 0.100 (0.113)	Data 0.015 (0.020)	Loss 0.0419 (0.0372)	MAE 0.145 (0.144)
Epoch: [6][108/114]	Time 0.120 (0.113)	Data 0.026 (0.020)	Loss 0.0367 (0.0372)	MAE 0.145 (0.144)
Epoch: [6][109/114]	Time 0.112 (0.113)	Data 0.021 (0.020)	Loss 0.0471 (0.0373)	MAE 0.180 (0.145)
Epoch: [6][110/114]	Time 0.106 (0.113)	Data 0.018 (0.020)	Loss 0.0273 (0.0372)	MAE 0.118 (0.144)
Epoch: [6][111/114]	Time 0.107 (0.113)	Data 0.022 (0.020)	Loss 0.0256 (0.0371)	MAE 0.124 (0.144)
Epoch: [6][112/114]	Time 0.115 (0.113)	Data 0.024 (0.020)	Loss 0.0561 (0.0373)	MAE 0.190 (0.145)
Epoch: [6][113/114]	Time 0.089 (0.113)	Data 0.026 (0.020)	Loss 0.0731 (0.0375)	MAE 0.242 (0.145)
Test: [0/15]	Time 0.053 (0.053)	Loss 0.0258 (0.0258)	MAE 0.110 (0.110)
Test: [1/15]	Time 0.042 (0.048)	Loss 0.0217 (0.0238)	MAE 0.109 (0.109)
Test: [2/15]	Time 0.044 (0.046)	Loss 0.0348 (0.0274)	MAE 0.125 (0.114)
Test: [3/15]	Time 0.044 (0.046)	Loss 0.0243 (0.0267)	MAE 0.112 (0.114)
Test: [4/15]	Time 0.043 (0.045)	Loss 0.0203 (0.0254)	MAE 0.103 (0.112)
Test: [5/15]	Time 0.045 (0.045)	Loss 0.0313 (0.0264)	MAE 0.124 (0.114)
Test: [6/15]	Time 0.048 (0.046)	Loss 0.0204 (0.0255)	MAE 0.107 (0.113)
Test: [7/15]	Time 0.058 (0.047)	Loss 0.0232 (0.0252)	MAE 0.107 (0.112)
Test: [8/15]	Time 0.049 (0.047)	Loss 0.0235 (0.0250)	MAE 0.108 (0.111)
Test: [9/15]	Time 0.048 (0.047)	Loss 0.0376 (0.0263)	MAE 0.130 (0.113)
Test: [10/15]	Time 0.040 (0.047)	Loss 0.0330 (0.0269)	MAE 0.121 (0.114)
Test: [11/15]	Time 0.042 (0.046)	Loss 0.0227 (0.0266)	MAE 0.110 (0.114)
Test: [12/15]	Time 0.039 (0.046)	Loss 0.0274 (0.0266)	MAE 0.110 (0.113)
Test: [13/15]	Time 0.048 (0.046)	Loss 0.0272 (0.0267)	MAE 0.103 (0.113)
Test: [14/15]	Time 0.016 (0.044)	Loss 0.0129 (0.0265)	MAE 0.088 (0.112)
 * MAE 0.112
Epoch: [7][0/114]	Time 0.504 (0.504)	Data 0.411 (0.411)	Loss 0.0236 (0.0236)	MAE 0.121 (0.121)
Epoch: [7][1/114]	Time 0.102 (0.303)	Data 0.015 (0.213)	Loss 0.0225 (0.0231)	MAE 0.119 (0.120)
Epoch: [7][2/114]	Time 0.118 (0.241)	Data 0.025 (0.150)	Loss 0.0626 (0.0362)	MAE 0.223 (0.154)
Epoch: [7][3/114]	Time 0.105 (0.207)	Data 0.015 (0.116)	Loss 0.0829 (0.0479)	MAE 0.270 (0.183)
Epoch: [7][4/114]	Time 0.111 (0.188)	Data 0.022 (0.097)	Loss 0.0416 (0.0466)	MAE 0.177 (0.182)
Epoch: [7][5/114]	Time 0.114 (0.176)	Data 0.020 (0.085)	Loss 0.0314 (0.0441)	MAE 0.130 (0.173)
Epoch: [7][6/114]	Time 0.104 (0.165)	Data 0.016 (0.075)	Loss 0.0429 (0.0439)	MAE 0.159 (0.171)
Epoch: [7][7/114]	Time 0.116 (0.159)	Data 0.021 (0.068)	Loss 0.0346 (0.0428)	MAE 0.140 (0.167)
Epoch: [7][8/114]	Time 0.106 (0.153)	Data 0.016 (0.062)	Loss 0.0579 (0.0444)	MAE 0.176 (0.168)
Epoch: [7][9/114]	Time 0.116 (0.150)	Data 0.019 (0.058)	Loss 0.0385 (0.0438)	MAE 0.158 (0.167)
Epoch: [7][10/114]	Time 0.108 (0.146)	Data 0.019 (0.054)	Loss 0.0232 (0.0420)	MAE 0.125 (0.163)
Epoch: [7][11/114]	Time 0.106 (0.143)	Data 0.014 (0.051)	Loss 0.0267 (0.0407)	MAE 0.123 (0.160)
Epoch: [7][12/114]	Time 0.110 (0.140)	Data 0.018 (0.048)	Loss 0.0241 (0.0394)	MAE 0.124 (0.157)
Epoch: [7][13/114]	Time 0.118 (0.139)	Data 0.017 (0.046)	Loss 0.0347 (0.0391)	MAE 0.134 (0.156)
Epoch: [7][14/114]	Time 0.115 (0.137)	Data 0.025 (0.045)	Loss 0.0386 (0.0390)	MAE 0.129 (0.154)
Epoch: [7][15/114]	Time 0.107 (0.135)	Data 0.017 (0.043)	Loss 0.0469 (0.0395)	MAE 0.180 (0.155)
Epoch: [7][16/114]	Time 0.115 (0.134)	Data 0.023 (0.042)	Loss 0.0282 (0.0389)	MAE 0.129 (0.154)
Epoch: [7][17/114]	Time 0.108 (0.132)	Data 0.017 (0.041)	Loss 0.0327 (0.0385)	MAE 0.136 (0.153)
Epoch: [7][18/114]	Time 0.111 (0.131)	Data 0.019 (0.039)	Loss 0.0169 (0.0374)	MAE 0.097 (0.150)
Epoch: [7][19/114]	Time 0.125 (0.131)	Data 0.030 (0.039)	Loss 0.0230 (0.0367)	MAE 0.125 (0.149)
Epoch: [7][20/114]	Time 0.112 (0.130)	Data 0.018 (0.038)	Loss 0.0243 (0.0361)	MAE 0.109 (0.147)
Epoch: [7][21/114]	Time 0.107 (0.129)	Data 0.015 (0.037)	Loss 0.0198 (0.0353)	MAE 0.103 (0.145)
Epoch: [7][22/114]	Time 0.122 (0.129)	Data 0.020 (0.036)	Loss 0.0291 (0.0351)	MAE 0.123 (0.144)
Epoch: [7][23/114]	Time 0.114 (0.128)	Data 0.021 (0.036)	Loss 0.0466 (0.0355)	MAE 0.179 (0.145)
Epoch: [7][24/114]	Time 0.108 (0.127)	Data 0.017 (0.035)	Loss 0.0381 (0.0357)	MAE 0.128 (0.145)
Epoch: [7][25/114]	Time 0.111 (0.127)	Data 0.018 (0.034)	Loss 0.0302 (0.0354)	MAE 0.141 (0.145)
Epoch: [7][26/114]	Time 0.112 (0.126)	Data 0.019 (0.034)	Loss 0.0278 (0.0352)	MAE 0.126 (0.144)
Epoch: [7][27/114]	Time 0.111 (0.126)	Data 0.016 (0.033)	Loss 0.0298 (0.0350)	MAE 0.140 (0.144)
Epoch: [7][28/114]	Time 0.132 (0.126)	Data 0.040 (0.033)	Loss 0.0619 (0.0359)	MAE 0.212 (0.146)
Epoch: [7][29/114]	Time 0.115 (0.125)	Data 0.023 (0.033)	Loss 0.0532 (0.0365)	MAE 0.190 (0.148)
Epoch: [7][30/114]	Time 0.101 (0.125)	Data 0.019 (0.032)	Loss 0.0298 (0.0363)	MAE 0.139 (0.147)
Epoch: [7][31/114]	Time 0.105 (0.124)	Data 0.017 (0.032)	Loss 0.0215 (0.0358)	MAE 0.107 (0.146)
Epoch: [7][32/114]	Time 0.115 (0.124)	Data 0.023 (0.032)	Loss 0.0215 (0.0354)	MAE 0.120 (0.145)
Epoch: [7][33/114]	Time 0.109 (0.123)	Data 0.020 (0.031)	Loss 0.0336 (0.0353)	MAE 0.146 (0.145)
Epoch: [7][34/114]	Time 0.114 (0.123)	Data 0.025 (0.031)	Loss 0.0765 (0.0365)	MAE 0.248 (0.148)
Epoch: [7][35/114]	Time 0.110 (0.123)	Data 0.019 (0.031)	Loss 0.0384 (0.0365)	MAE 0.136 (0.148)
Epoch: [7][36/114]	Time 0.110 (0.122)	Data 0.022 (0.031)	Loss 0.0267 (0.0363)	MAE 0.125 (0.147)
Epoch: [7][37/114]	Time 0.119 (0.122)	Data 0.023 (0.030)	Loss 0.0307 (0.0361)	MAE 0.152 (0.147)
Epoch: [7][38/114]	Time 0.113 (0.122)	Data 0.017 (0.030)	Loss 0.0270 (0.0359)	MAE 0.120 (0.147)
Epoch: [7][39/114]	Time 0.106 (0.122)	Data 0.018 (0.030)	Loss 0.0272 (0.0357)	MAE 0.136 (0.146)
Epoch: [7][40/114]	Time 0.115 (0.122)	Data 0.019 (0.029)	Loss 0.0254 (0.0354)	MAE 0.135 (0.146)
Epoch: [7][41/114]	Time 0.104 (0.121)	Data 0.013 (0.029)	Loss 0.0251 (0.0352)	MAE 0.124 (0.146)
Epoch: [7][42/114]	Time 0.106 (0.121)	Data 0.018 (0.029)	Loss 0.0602 (0.0358)	MAE 0.140 (0.145)
Epoch: [7][43/114]	Time 0.104 (0.120)	Data 0.016 (0.029)	Loss 0.0321 (0.0357)	MAE 0.131 (0.145)
Epoch: [7][44/114]	Time 0.107 (0.120)	Data 0.022 (0.028)	Loss 0.0414 (0.0358)	MAE 0.158 (0.145)
Epoch: [7][45/114]	Time 0.107 (0.120)	Data 0.014 (0.028)	Loss 0.0285 (0.0356)	MAE 0.113 (0.145)
Epoch: [7][46/114]	Time 0.105 (0.119)	Data 0.020 (0.028)	Loss 0.0304 (0.0355)	MAE 0.126 (0.144)
Epoch: [7][47/114]	Time 0.115 (0.119)	Data 0.018 (0.028)	Loss 0.0443 (0.0357)	MAE 0.170 (0.145)
Epoch: [7][48/114]	Time 0.107 (0.119)	Data 0.018 (0.028)	Loss 0.0382 (0.0358)	MAE 0.162 (0.145)
Epoch: [7][49/114]	Time 0.113 (0.119)	Data 0.020 (0.027)	Loss 0.0358 (0.0358)	MAE 0.120 (0.145)
Epoch: [7][50/114]	Time 0.110 (0.119)	Data 0.020 (0.027)	Loss 0.0251 (0.0356)	MAE 0.110 (0.144)
Epoch: [7][51/114]	Time 0.104 (0.119)	Data 0.014 (0.027)	Loss 0.0230 (0.0353)	MAE 0.113 (0.143)
Epoch: [7][52/114]	Time 0.109 (0.118)	Data 0.021 (0.027)	Loss 0.0225 (0.0351)	MAE 0.108 (0.143)
Epoch: [7][53/114]	Time 0.108 (0.118)	Data 0.020 (0.027)	Loss 0.0387 (0.0351)	MAE 0.159 (0.143)
Epoch: [7][54/114]	Time 0.111 (0.118)	Data 0.022 (0.027)	Loss 0.0312 (0.0351)	MAE 0.127 (0.143)
Epoch: [7][55/114]	Time 0.114 (0.118)	Data 0.021 (0.027)	Loss 0.0481 (0.0353)	MAE 0.178 (0.143)
Epoch: [7][56/114]	Time 0.115 (0.118)	Data 0.019 (0.026)	Loss 0.0270 (0.0352)	MAE 0.125 (0.143)
Epoch: [7][57/114]	Time 0.118 (0.118)	Data 0.023 (0.026)	Loss 0.0260 (0.0350)	MAE 0.116 (0.143)
Epoch: [7][58/114]	Time 0.126 (0.118)	Data 0.033 (0.026)	Loss 0.0357 (0.0350)	MAE 0.154 (0.143)
Epoch: [7][59/114]	Time 0.119 (0.118)	Data 0.024 (0.026)	Loss 0.0548 (0.0353)	MAE 0.181 (0.143)
Epoch: [7][60/114]	Time 0.114 (0.118)	Data 0.022 (0.026)	Loss 0.0325 (0.0353)	MAE 0.137 (0.143)
Epoch: [7][61/114]	Time 0.102 (0.118)	Data 0.016 (0.026)	Loss 0.0438 (0.0354)	MAE 0.130 (0.143)
Epoch: [7][62/114]	Time 0.109 (0.118)	Data 0.020 (0.026)	Loss 0.0343 (0.0354)	MAE 0.149 (0.143)
Epoch: [7][63/114]	Time 0.098 (0.117)	Data 0.012 (0.026)	Loss 0.0379 (0.0355)	MAE 0.165 (0.144)
Epoch: [7][64/114]	Time 0.116 (0.117)	Data 0.023 (0.026)	Loss 0.1102 (0.0366)	MAE 0.187 (0.144)
Epoch: [7][65/114]	Time 0.105 (0.117)	Data 0.016 (0.026)	Loss 0.0305 (0.0365)	MAE 0.144 (0.144)
Epoch: [7][66/114]	Time 0.109 (0.117)	Data 0.021 (0.026)	Loss 0.0600 (0.0369)	MAE 0.186 (0.145)
Epoch: [7][67/114]	Time 0.109 (0.117)	Data 0.017 (0.025)	Loss 0.0259 (0.0367)	MAE 0.123 (0.145)
Epoch: [7][68/114]	Time 0.127 (0.117)	Data 0.036 (0.026)	Loss 0.0326 (0.0366)	MAE 0.132 (0.144)
Epoch: [7][69/114]	Time 0.110 (0.117)	Data 0.017 (0.026)	Loss 0.0507 (0.0368)	MAE 0.161 (0.145)
Epoch: [7][70/114]	Time 0.104 (0.117)	Data 0.019 (0.025)	Loss 0.0422 (0.0369)	MAE 0.151 (0.145)
Epoch: [7][71/114]	Time 0.112 (0.117)	Data 0.017 (0.025)	Loss 0.0408 (0.0370)	MAE 0.143 (0.145)
Epoch: [7][72/114]	Time 0.121 (0.117)	Data 0.023 (0.025)	Loss 0.0294 (0.0369)	MAE 0.119 (0.144)
Epoch: [7][73/114]	Time 0.107 (0.117)	Data 0.017 (0.025)	Loss 0.0722 (0.0373)	MAE 0.239 (0.146)
Epoch: [7][74/114]	Time 0.115 (0.117)	Data 0.021 (0.025)	Loss 0.0417 (0.0374)	MAE 0.175 (0.146)
Epoch: [7][75/114]	Time 0.110 (0.116)	Data 0.020 (0.025)	Loss 0.0555 (0.0376)	MAE 0.197 (0.147)
Epoch: [7][76/114]	Time 0.116 (0.116)	Data 0.023 (0.025)	Loss 0.0337 (0.0376)	MAE 0.145 (0.147)
Epoch: [7][77/114]	Time 0.111 (0.116)	Data 0.014 (0.025)	Loss 0.0293 (0.0375)	MAE 0.147 (0.147)
Epoch: [7][78/114]	Time 0.121 (0.116)	Data 0.025 (0.025)	Loss 0.0242 (0.0373)	MAE 0.119 (0.146)
Epoch: [7][79/114]	Time 0.106 (0.116)	Data 0.018 (0.025)	Loss 0.0618 (0.0376)	MAE 0.190 (0.147)
Epoch: [7][80/114]	Time 0.109 (0.116)	Data 0.021 (0.025)	Loss 0.0369 (0.0376)	MAE 0.148 (0.147)
Epoch: [7][81/114]	Time 0.111 (0.116)	Data 0.020 (0.025)	Loss 0.0407 (0.0376)	MAE 0.159 (0.147)
Epoch: [7][82/114]	Time 0.105 (0.116)	Data 0.017 (0.025)	Loss 0.0232 (0.0375)	MAE 0.113 (0.147)
Epoch: [7][83/114]	Time 0.104 (0.116)	Data 0.016 (0.024)	Loss 0.0309 (0.0374)	MAE 0.145 (0.147)
Epoch: [7][84/114]	Time 0.110 (0.116)	Data 0.022 (0.024)	Loss 0.0404 (0.0374)	MAE 0.143 (0.147)
Epoch: [7][85/114]	Time 0.106 (0.116)	Data 0.014 (0.024)	Loss 0.0278 (0.0373)	MAE 0.140 (0.146)
Epoch: [7][86/114]	Time 0.115 (0.116)	Data 0.019 (0.024)	Loss 0.0469 (0.0374)	MAE 0.182 (0.147)
Epoch: [7][87/114]	Time 0.105 (0.116)	Data 0.014 (0.024)	Loss 0.0286 (0.0373)	MAE 0.129 (0.147)
Epoch: [7][88/114]	Time 0.124 (0.116)	Data 0.032 (0.024)	Loss 0.0181 (0.0371)	MAE 0.104 (0.146)
Epoch: [7][89/114]	Time 0.110 (0.116)	Data 0.018 (0.024)	Loss 0.0229 (0.0370)	MAE 0.119 (0.146)
Epoch: [7][90/114]	Time 0.112 (0.116)	Data 0.019 (0.024)	Loss 0.0277 (0.0369)	MAE 0.130 (0.146)
Epoch: [7][91/114]	Time 0.102 (0.115)	Data 0.013 (0.024)	Loss 0.0187 (0.0367)	MAE 0.105 (0.145)
Epoch: [7][92/114]	Time 0.116 (0.115)	Data 0.023 (0.024)	Loss 0.0457 (0.0368)	MAE 0.162 (0.145)
Epoch: [7][93/114]	Time 0.106 (0.115)	Data 0.014 (0.024)	Loss 0.0231 (0.0366)	MAE 0.111 (0.145)
Epoch: [7][94/114]	Time 0.115 (0.115)	Data 0.022 (0.024)	Loss 0.0314 (0.0366)	MAE 0.150 (0.145)
Epoch: [7][95/114]	Time 0.102 (0.115)	Data 0.013 (0.024)	Loss 0.0211 (0.0364)	MAE 0.105 (0.145)
Epoch: [7][96/114]	Time 0.115 (0.115)	Data 0.020 (0.024)	Loss 0.0348 (0.0364)	MAE 0.150 (0.145)
Epoch: [7][97/114]	Time 0.113 (0.115)	Data 0.018 (0.024)	Loss 0.0231 (0.0362)	MAE 0.113 (0.144)
Epoch: [7][98/114]	Time 0.137 (0.115)	Data 0.043 (0.024)	Loss 0.0188 (0.0361)	MAE 0.106 (0.144)
Epoch: [7][99/114]	Time 0.101 (0.115)	Data 0.013 (0.024)	Loss 0.0255 (0.0360)	MAE 0.122 (0.144)
Epoch: [7][100/114]	Time 0.109 (0.115)	Data 0.022 (0.024)	Loss 0.0200 (0.0358)	MAE 0.101 (0.143)
Epoch: [7][101/114]	Time 0.109 (0.115)	Data 0.019 (0.024)	Loss 0.0270 (0.0357)	MAE 0.123 (0.143)
Epoch: [7][102/114]	Time 0.109 (0.115)	Data 0.021 (0.024)	Loss 0.0347 (0.0357)	MAE 0.154 (0.143)
Epoch: [7][103/114]	Time 0.115 (0.115)	Data 0.020 (0.024)	Loss 0.0199 (0.0356)	MAE 0.109 (0.143)
Epoch: [7][104/114]	Time 0.121 (0.115)	Data 0.027 (0.024)	Loss 0.0242 (0.0354)	MAE 0.119 (0.143)
Epoch: [7][105/114]	Time 0.114 (0.115)	Data 0.017 (0.024)	Loss 0.0509 (0.0356)	MAE 0.177 (0.143)
Epoch: [7][106/114]	Time 0.112 (0.115)	Data 0.022 (0.024)	Loss 0.0218 (0.0355)	MAE 0.109 (0.143)
Epoch: [7][107/114]	Time 0.104 (0.115)	Data 0.012 (0.023)	Loss 0.0347 (0.0355)	MAE 0.117 (0.143)
Epoch: [7][108/114]	Time 0.114 (0.115)	Data 0.022 (0.023)	Loss 0.1338 (0.0364)	MAE 0.240 (0.143)
Epoch: [7][109/114]	Time 0.107 (0.115)	Data 0.015 (0.023)	Loss 0.1251 (0.0372)	MAE 0.165 (0.144)
Epoch: [7][110/114]	Time 0.110 (0.115)	Data 0.016 (0.023)	Loss 0.0524 (0.0373)	MAE 0.204 (0.144)
Epoch: [7][111/114]	Time 0.111 (0.115)	Data 0.014 (0.023)	Loss 0.0390 (0.0373)	MAE 0.170 (0.144)
Epoch: [7][112/114]	Time 0.116 (0.115)	Data 0.025 (0.023)	Loss 0.0362 (0.0373)	MAE 0.158 (0.145)
Epoch: [7][113/114]	Time 0.086 (0.115)	Data 0.025 (0.023)	Loss 0.0387 (0.0373)	MAE 0.160 (0.145)
Test: [0/15]	Time 0.051 (0.051)	Loss 0.0413 (0.0413)	MAE 0.132 (0.132)
Test: [1/15]	Time 0.049 (0.050)	Loss 0.0236 (0.0324)	MAE 0.112 (0.122)
Test: [2/15]	Time 0.050 (0.050)	Loss 0.0319 (0.0323)	MAE 0.120 (0.121)
Test: [3/15]	Time 0.049 (0.050)	Loss 0.0203 (0.0293)	MAE 0.107 (0.118)
Test: [4/15]	Time 0.042 (0.048)	Loss 0.0378 (0.0310)	MAE 0.124 (0.119)
Test: [5/15]	Time 0.050 (0.048)	Loss 0.0326 (0.0312)	MAE 0.122 (0.119)
Test: [6/15]	Time 0.045 (0.048)	Loss 0.0250 (0.0303)	MAE 0.108 (0.118)
Test: [7/15]	Time 0.045 (0.048)	Loss 0.0267 (0.0299)	MAE 0.119 (0.118)
Test: [8/15]	Time 0.048 (0.048)	Loss 0.0216 (0.0290)	MAE 0.111 (0.117)
Test: [9/15]	Time 0.048 (0.048)	Loss 0.0197 (0.0280)	MAE 0.105 (0.116)
Test: [10/15]	Time 0.057 (0.048)	Loss 0.0308 (0.0283)	MAE 0.114 (0.116)
Test: [11/15]	Time 0.052 (0.049)	Loss 0.0211 (0.0277)	MAE 0.104 (0.115)
Test: [12/15]	Time 0.051 (0.049)	Loss 0.0291 (0.0278)	MAE 0.116 (0.115)
Test: [13/15]	Time 0.045 (0.049)	Loss 0.0162 (0.0270)	MAE 0.098 (0.114)
Test: [14/15]	Time 0.019 (0.047)	Loss 0.0194 (0.0269)	MAE 0.090 (0.113)
 * MAE 0.113
Epoch: [8][0/114]	Time 0.141 (0.141)	Data 0.053 (0.053)	Loss 0.0227 (0.0227)	MAE 0.109 (0.109)
Epoch: [8][1/114]	Time 0.102 (0.121)	Data 0.018 (0.036)	Loss 0.0312 (0.0269)	MAE 0.130 (0.120)
Epoch: [8][2/114]	Time 0.111 (0.118)	Data 0.022 (0.031)	Loss 0.0296 (0.0278)	MAE 0.133 (0.124)
Epoch: [8][3/114]	Time 0.110 (0.116)	Data 0.021 (0.029)	Loss 0.0733 (0.0392)	MAE 0.235 (0.152)
Epoch: [8][4/114]	Time 0.119 (0.116)	Data 0.026 (0.028)	Loss 0.0430 (0.0399)	MAE 0.136 (0.149)
Epoch: [8][5/114]	Time 0.110 (0.115)	Data 0.016 (0.026)	Loss 0.0329 (0.0388)	MAE 0.124 (0.145)
Epoch: [8][6/114]	Time 0.112 (0.115)	Data 0.022 (0.026)	Loss 0.0284 (0.0373)	MAE 0.126 (0.142)
Epoch: [8][7/114]	Time 0.106 (0.114)	Data 0.018 (0.025)	Loss 0.0235 (0.0356)	MAE 0.117 (0.139)
Epoch: [8][8/114]	Time 0.111 (0.113)	Data 0.022 (0.024)	Loss 0.0343 (0.0354)	MAE 0.159 (0.141)
Epoch: [8][9/114]	Time 0.106 (0.113)	Data 0.014 (0.023)	Loss 0.0513 (0.0370)	MAE 0.196 (0.147)
Epoch: [8][10/114]	Time 0.113 (0.113)	Data 0.019 (0.023)	Loss 0.0542 (0.0386)	MAE 0.203 (0.152)
Epoch: [8][11/114]	Time 0.104 (0.112)	Data 0.014 (0.022)	Loss 0.0267 (0.0376)	MAE 0.122 (0.149)
Epoch: [8][12/114]	Time 0.112 (0.112)	Data 0.020 (0.022)	Loss 0.0512 (0.0386)	MAE 0.136 (0.148)
Epoch: [8][13/114]	Time 0.108 (0.112)	Data 0.019 (0.022)	Loss 0.0717 (0.0410)	MAE 0.239 (0.155)
Epoch: [8][14/114]	Time 0.111 (0.112)	Data 0.018 (0.021)	Loss 0.0532 (0.0418)	MAE 0.200 (0.158)
Epoch: [8][15/114]	Time 0.107 (0.111)	Data 0.014 (0.021)	Loss 0.0323 (0.0412)	MAE 0.146 (0.157)
Epoch: [8][16/114]	Time 0.109 (0.111)	Data 0.019 (0.021)	Loss 0.0480 (0.0416)	MAE 0.159 (0.157)
Epoch: [8][17/114]	Time 0.115 (0.112)	Data 0.018 (0.021)	Loss 0.0593 (0.0426)	MAE 0.196 (0.159)
Epoch: [8][18/114]	Time 0.131 (0.113)	Data 0.037 (0.022)	Loss 0.0561 (0.0433)	MAE 0.205 (0.162)
Epoch: [8][19/114]	Time 0.109 (0.112)	Data 0.018 (0.021)	Loss 0.0401 (0.0431)	MAE 0.160 (0.162)
Epoch: [8][20/114]	Time 0.109 (0.112)	Data 0.020 (0.021)	Loss 0.0339 (0.0427)	MAE 0.155 (0.161)
Epoch: [8][21/114]	Time 0.115 (0.112)	Data 0.020 (0.021)	Loss 0.0203 (0.0417)	MAE 0.108 (0.159)
Epoch: [8][22/114]	Time 0.107 (0.112)	Data 0.017 (0.021)	Loss 0.0179 (0.0406)	MAE 0.102 (0.156)
Epoch: [8][23/114]	Time 0.119 (0.112)	Data 0.019 (0.021)	Loss 0.0332 (0.0403)	MAE 0.148 (0.156)
Epoch: [8][24/114]	Time 0.117 (0.113)	Data 0.023 (0.021)	Loss 0.0227 (0.0396)	MAE 0.117 (0.154)
Epoch: [8][25/114]	Time 0.108 (0.112)	Data 0.017 (0.021)	Loss 0.0323 (0.0393)	MAE 0.138 (0.154)
Epoch: [8][26/114]	Time 0.125 (0.113)	Data 0.025 (0.021)	Loss 0.0294 (0.0390)	MAE 0.140 (0.153)
Epoch: [8][27/114]	Time 0.133 (0.114)	Data 0.033 (0.022)	Loss 0.0274 (0.0386)	MAE 0.117 (0.152)
Epoch: [8][28/114]	Time 0.112 (0.114)	Data 0.024 (0.022)	Loss 0.0450 (0.0388)	MAE 0.170 (0.153)
Epoch: [8][29/114]	Time 0.111 (0.113)	Data 0.020 (0.022)	Loss 0.0211 (0.0382)	MAE 0.112 (0.151)
Epoch: [8][30/114]	Time 0.112 (0.113)	Data 0.022 (0.022)	Loss 0.0155 (0.0375)	MAE 0.099 (0.150)
Epoch: [8][31/114]	Time 0.108 (0.113)	Data 0.018 (0.021)	Loss 0.0545 (0.0380)	MAE 0.199 (0.151)
Epoch: [8][32/114]	Time 0.117 (0.113)	Data 0.022 (0.021)	Loss 0.0212 (0.0375)	MAE 0.117 (0.150)
Epoch: [8][33/114]	Time 0.109 (0.113)	Data 0.011 (0.021)	Loss 0.0309 (0.0373)	MAE 0.133 (0.150)
Epoch: [8][34/114]	Time 0.115 (0.113)	Data 0.023 (0.021)	Loss 0.0263 (0.0370)	MAE 0.114 (0.149)
Epoch: [8][35/114]	Time 0.106 (0.113)	Data 0.016 (0.021)	Loss 0.0209 (0.0365)	MAE 0.113 (0.148)
Epoch: [8][36/114]	Time 0.115 (0.113)	Data 0.022 (0.021)	Loss 0.0345 (0.0365)	MAE 0.151 (0.148)
Epoch: [8][37/114]	Time 0.128 (0.113)	Data 0.033 (0.021)	Loss 0.0523 (0.0369)	MAE 0.168 (0.148)
Epoch: [8][38/114]	Time 0.108 (0.113)	Data 0.019 (0.021)	Loss 0.0424 (0.0370)	MAE 0.156 (0.148)
Epoch: [8][39/114]	Time 0.105 (0.113)	Data 0.018 (0.021)	Loss 0.0232 (0.0367)	MAE 0.128 (0.148)
Epoch: [8][40/114]	Time 0.114 (0.113)	Data 0.021 (0.021)	Loss 0.0220 (0.0363)	MAE 0.116 (0.147)
Epoch: [8][41/114]	Time 0.110 (0.113)	Data 0.018 (0.021)	Loss 0.0383 (0.0364)	MAE 0.165 (0.148)
Epoch: [8][42/114]	Time 0.112 (0.113)	Data 0.021 (0.021)	Loss 0.0555 (0.0368)	MAE 0.182 (0.148)
Epoch: [8][43/114]	Time 0.104 (0.113)	Data 0.017 (0.021)	Loss 0.0268 (0.0366)	MAE 0.124 (0.148)
Epoch: [8][44/114]	Time 0.118 (0.113)	Data 0.024 (0.021)	Loss 0.0225 (0.0363)	MAE 0.114 (0.147)
Epoch: [8][45/114]	Time 0.105 (0.113)	Data 0.014 (0.021)	Loss 0.0258 (0.0361)	MAE 0.127 (0.147)
Epoch: [8][46/114]	Time 0.111 (0.113)	Data 0.020 (0.021)	Loss 0.0500 (0.0363)	MAE 0.200 (0.148)
Epoch: [8][47/114]	Time 0.104 (0.113)	Data 0.015 (0.021)	Loss 0.0243 (0.0361)	MAE 0.110 (0.147)
Epoch: [8][48/114]	Time 0.117 (0.113)	Data 0.021 (0.021)	Loss 0.0249 (0.0359)	MAE 0.115 (0.146)
Epoch: [8][49/114]	Time 0.113 (0.113)	Data 0.013 (0.021)	Loss 0.0706 (0.0366)	MAE 0.161 (0.147)
Epoch: [8][50/114]	Time 0.112 (0.113)	Data 0.022 (0.021)	Loss 0.1328 (0.0385)	MAE 0.174 (0.147)
Epoch: [8][51/114]	Time 0.135 (0.113)	Data 0.021 (0.021)	Loss 0.0182 (0.0381)	MAE 0.100 (0.146)
Epoch: [8][52/114]	Time 0.120 (0.113)	Data 0.023 (0.021)	Loss 0.0231 (0.0378)	MAE 0.108 (0.145)
Epoch: [8][53/114]	Time 0.104 (0.113)	Data 0.014 (0.021)	Loss 0.0256 (0.0376)	MAE 0.109 (0.145)
Epoch: [8][54/114]	Time 0.114 (0.113)	Data 0.023 (0.021)	Loss 0.0415 (0.0376)	MAE 0.157 (0.145)
Epoch: [8][55/114]	Time 0.109 (0.113)	Data 0.019 (0.021)	Loss 0.0254 (0.0374)	MAE 0.132 (0.145)
Epoch: [8][56/114]	Time 0.109 (0.113)	Data 0.018 (0.021)	Loss 0.0298 (0.0373)	MAE 0.134 (0.145)
Epoch: [8][57/114]	Time 0.115 (0.113)	Data 0.021 (0.021)	Loss 0.0280 (0.0371)	MAE 0.124 (0.144)
Epoch: [8][58/114]	Time 0.106 (0.113)	Data 0.016 (0.021)	Loss 0.0414 (0.0372)	MAE 0.147 (0.144)
Epoch: [8][59/114]	Time 0.105 (0.113)	Data 0.014 (0.020)	Loss 0.0185 (0.0369)	MAE 0.109 (0.144)
Epoch: [8][60/114]	Time 0.112 (0.113)	Data 0.022 (0.020)	Loss 0.0237 (0.0367)	MAE 0.116 (0.143)
Epoch: [8][61/114]	Time 0.105 (0.113)	Data 0.016 (0.020)	Loss 0.0280 (0.0365)	MAE 0.134 (0.143)
Epoch: [8][62/114]	Time 0.116 (0.113)	Data 0.026 (0.020)	Loss 0.0307 (0.0364)	MAE 0.133 (0.143)
Epoch: [8][63/114]	Time 0.107 (0.113)	Data 0.017 (0.020)	Loss 0.0187 (0.0362)	MAE 0.102 (0.142)
Epoch: [8][64/114]	Time 0.108 (0.112)	Data 0.020 (0.020)	Loss 0.0345 (0.0361)	MAE 0.143 (0.142)
Epoch: [8][65/114]	Time 0.109 (0.112)	Data 0.020 (0.020)	Loss 0.0325 (0.0361)	MAE 0.125 (0.142)
Epoch: [8][66/114]	Time 0.116 (0.112)	Data 0.029 (0.021)	Loss 0.0464 (0.0362)	MAE 0.182 (0.143)
Epoch: [8][67/114]	Time 0.106 (0.112)	Data 0.014 (0.020)	Loss 0.1172 (0.0374)	MAE 0.153 (0.143)
Epoch: [8][68/114]	Time 0.112 (0.112)	Data 0.026 (0.021)	Loss 0.0203 (0.0372)	MAE 0.107 (0.142)
Epoch: [8][69/114]	Time 0.108 (0.112)	Data 0.016 (0.020)	Loss 0.0471 (0.0373)	MAE 0.185 (0.143)
Epoch: [8][70/114]	Time 0.116 (0.112)	Data 0.021 (0.020)	Loss 0.0310 (0.0372)	MAE 0.109 (0.142)
Epoch: [8][71/114]	Time 0.109 (0.112)	Data 0.020 (0.020)	Loss 0.0236 (0.0370)	MAE 0.122 (0.142)
Epoch: [8][72/114]	Time 0.119 (0.112)	Data 0.023 (0.020)	Loss 0.0245 (0.0369)	MAE 0.136 (0.142)
Epoch: [8][73/114]	Time 0.110 (0.112)	Data 0.020 (0.020)	Loss 0.0299 (0.0368)	MAE 0.118 (0.142)
Epoch: [8][74/114]	Time 0.105 (0.112)	Data 0.018 (0.020)	Loss 0.0438 (0.0369)	MAE 0.181 (0.142)
Epoch: [8][75/114]	Time 0.103 (0.112)	Data 0.014 (0.020)	Loss 0.0229 (0.0367)	MAE 0.123 (0.142)
Epoch: [8][76/114]	Time 0.117 (0.112)	Data 0.020 (0.020)	Loss 0.0181 (0.0364)	MAE 0.111 (0.142)
Epoch: [8][77/114]	Time 0.127 (0.112)	Data 0.030 (0.020)	Loss 0.0295 (0.0363)	MAE 0.127 (0.141)
Epoch: [8][78/114]	Time 0.123 (0.113)	Data 0.022 (0.021)	Loss 0.0262 (0.0362)	MAE 0.127 (0.141)
Epoch: [8][79/114]	Time 0.113 (0.113)	Data 0.018 (0.020)	Loss 0.0277 (0.0361)	MAE 0.132 (0.141)
Epoch: [8][80/114]	Time 0.111 (0.113)	Data 0.026 (0.021)	Loss 0.0322 (0.0361)	MAE 0.145 (0.141)
Epoch: [8][81/114]	Time 0.113 (0.113)	Data 0.022 (0.021)	Loss 0.0220 (0.0359)	MAE 0.124 (0.141)
Epoch: [8][82/114]	Time 0.112 (0.113)	Data 0.021 (0.021)	Loss 0.0221 (0.0357)	MAE 0.115 (0.141)
Epoch: [8][83/114]	Time 0.120 (0.113)	Data 0.020 (0.021)	Loss 0.0223 (0.0356)	MAE 0.110 (0.140)
Epoch: [8][84/114]	Time 0.117 (0.113)	Data 0.022 (0.021)	Loss 0.0176 (0.0354)	MAE 0.095 (0.140)
Epoch: [8][85/114]	Time 0.118 (0.113)	Data 0.025 (0.021)	Loss 0.0262 (0.0352)	MAE 0.126 (0.140)
Epoch: [8][86/114]	Time 0.128 (0.113)	Data 0.035 (0.021)	Loss 0.0239 (0.0351)	MAE 0.112 (0.139)
Epoch: [8][87/114]	Time 0.119 (0.113)	Data 0.027 (0.021)	Loss 0.0313 (0.0351)	MAE 0.133 (0.139)
Epoch: [8][88/114]	Time 0.126 (0.113)	Data 0.023 (0.021)	Loss 0.0226 (0.0349)	MAE 0.111 (0.139)
Epoch: [8][89/114]	Time 0.107 (0.113)	Data 0.014 (0.021)	Loss 0.0392 (0.0350)	MAE 0.161 (0.139)
Epoch: [8][90/114]	Time 0.118 (0.113)	Data 0.024 (0.021)	Loss 0.0297 (0.0349)	MAE 0.140 (0.139)
Epoch: [8][91/114]	Time 0.115 (0.113)	Data 0.018 (0.021)	Loss 0.0263 (0.0348)	MAE 0.120 (0.139)
Epoch: [8][92/114]	Time 0.112 (0.113)	Data 0.021 (0.021)	Loss 0.0355 (0.0348)	MAE 0.134 (0.139)
Epoch: [8][93/114]	Time 0.109 (0.113)	Data 0.017 (0.021)	Loss 0.1195 (0.0357)	MAE 0.332 (0.141)
Epoch: [8][94/114]	Time 0.113 (0.113)	Data 0.020 (0.021)	Loss 0.0281 (0.0357)	MAE 0.124 (0.141)
Epoch: [8][95/114]	Time 0.112 (0.113)	Data 0.018 (0.021)	Loss 0.0259 (0.0356)	MAE 0.124 (0.141)
Epoch: [8][96/114]	Time 0.117 (0.113)	Data 0.028 (0.021)	Loss 0.0313 (0.0355)	MAE 0.123 (0.140)
Epoch: [8][97/114]	Time 0.104 (0.113)	Data 0.019 (0.021)	Loss 0.0206 (0.0354)	MAE 0.111 (0.140)
Epoch: [8][98/114]	Time 0.109 (0.113)	Data 0.021 (0.021)	Loss 0.0425 (0.0354)	MAE 0.165 (0.140)
Epoch: [8][99/114]	Time 0.111 (0.113)	Data 0.022 (0.021)	Loss 0.0335 (0.0354)	MAE 0.146 (0.140)
Epoch: [8][100/114]	Time 0.111 (0.113)	Data 0.016 (0.021)	Loss 0.0243 (0.0353)	MAE 0.111 (0.140)
Epoch: [8][101/114]	Time 0.108 (0.113)	Data 0.015 (0.021)	Loss 0.0248 (0.0352)	MAE 0.134 (0.140)
Epoch: [8][102/114]	Time 0.112 (0.113)	Data 0.024 (0.021)	Loss 0.0295 (0.0351)	MAE 0.138 (0.140)
Epoch: [8][103/114]	Time 0.104 (0.113)	Data 0.015 (0.021)	Loss 0.0232 (0.0350)	MAE 0.112 (0.140)
Epoch: [8][104/114]	Time 0.115 (0.113)	Data 0.024 (0.021)	Loss 0.0184 (0.0349)	MAE 0.106 (0.139)
Epoch: [8][105/114]	Time 0.115 (0.113)	Data 0.020 (0.021)	Loss 0.0256 (0.0348)	MAE 0.125 (0.139)
Epoch: [8][106/114]	Time 0.128 (0.113)	Data 0.029 (0.021)	Loss 0.0253 (0.0347)	MAE 0.111 (0.139)
Epoch: [8][107/114]	Time 0.106 (0.113)	Data 0.015 (0.021)	Loss 0.0165 (0.0345)	MAE 0.092 (0.139)
Epoch: [8][108/114]	Time 0.114 (0.113)	Data 0.022 (0.021)	Loss 0.0240 (0.0344)	MAE 0.116 (0.138)
Epoch: [8][109/114]	Time 0.106 (0.113)	Data 0.018 (0.021)	Loss 0.0232 (0.0343)	MAE 0.111 (0.138)
Epoch: [8][110/114]	Time 0.114 (0.113)	Data 0.019 (0.021)	Loss 0.0230 (0.0342)	MAE 0.116 (0.138)
Epoch: [8][111/114]	Time 0.106 (0.113)	Data 0.016 (0.021)	Loss 0.0231 (0.0341)	MAE 0.109 (0.138)
Epoch: [8][112/114]	Time 0.112 (0.113)	Data 0.019 (0.021)	Loss 0.0224 (0.0340)	MAE 0.106 (0.137)
Epoch: [8][113/114]	Time 0.088 (0.113)	Data 0.022 (0.021)	Loss 0.0162 (0.0339)	MAE 0.106 (0.137)
Test: [0/15]	Time 0.047 (0.047)	Loss 0.0322 (0.0322)	MAE 0.117 (0.117)
Test: [1/15]	Time 0.049 (0.048)	Loss 0.0229 (0.0276)	MAE 0.108 (0.112)
Test: [2/15]	Time 0.048 (0.048)	Loss 0.0185 (0.0245)	MAE 0.105 (0.110)
Test: [3/15]	Time 0.048 (0.048)	Loss 0.0186 (0.0231)	MAE 0.099 (0.107)
Test: [4/15]	Time 0.050 (0.049)	Loss 0.0222 (0.0229)	MAE 0.109 (0.107)
Test: [5/15]	Time 0.048 (0.048)	Loss 0.0202 (0.0225)	MAE 0.107 (0.107)
Test: [6/15]	Time 0.048 (0.048)	Loss 0.0215 (0.0223)	MAE 0.104 (0.107)
Test: [7/15]	Time 0.043 (0.048)	Loss 0.0234 (0.0224)	MAE 0.107 (0.107)
Test: [8/15]	Time 0.042 (0.047)	Loss 0.0233 (0.0225)	MAE 0.107 (0.107)
Test: [9/15]	Time 0.040 (0.046)	Loss 0.0321 (0.0235)	MAE 0.114 (0.108)
Test: [10/15]	Time 0.047 (0.046)	Loss 0.0318 (0.0242)	MAE 0.117 (0.108)
Test: [11/15]	Time 0.050 (0.047)	Loss 0.0211 (0.0240)	MAE 0.110 (0.108)
Test: [12/15]	Time 0.048 (0.047)	Loss 0.0289 (0.0244)	MAE 0.115 (0.109)
Test: [13/15]	Time 0.042 (0.046)	Loss 0.0175 (0.0239)	MAE 0.099 (0.108)
Test: [14/15]	Time 0.016 (0.044)	Loss 0.0482 (0.0242)	MAE 0.140 (0.109)
 * MAE 0.109
Epoch: [9][0/114]	Time 0.162 (0.162)	Data 0.068 (0.068)	Loss 0.0153 (0.0153)	MAE 0.097 (0.097)
Epoch: [9][1/114]	Time 0.104 (0.133)	Data 0.015 (0.042)	Loss 0.0350 (0.0252)	MAE 0.145 (0.121)
Epoch: [9][2/114]	Time 0.113 (0.126)	Data 0.024 (0.036)	Loss 0.0587 (0.0364)	MAE 0.180 (0.141)
Epoch: [9][3/114]	Time 0.112 (0.123)	Data 0.020 (0.032)	Loss 0.0194 (0.0321)	MAE 0.108 (0.133)
Epoch: [9][4/114]	Time 0.117 (0.122)	Data 0.027 (0.031)	Loss 0.0190 (0.0295)	MAE 0.104 (0.127)
Epoch: [9][5/114]	Time 0.108 (0.119)	Data 0.019 (0.029)	Loss 0.0278 (0.0292)	MAE 0.133 (0.128)
Epoch: [9][6/114]	Time 0.117 (0.119)	Data 0.022 (0.028)	Loss 0.0354 (0.0301)	MAE 0.156 (0.132)
Epoch: [9][7/114]	Time 0.105 (0.117)	Data 0.019 (0.027)	Loss 0.0251 (0.0295)	MAE 0.131 (0.132)
Epoch: [9][8/114]	Time 0.110 (0.117)	Data 0.025 (0.027)	Loss 0.0224 (0.0287)	MAE 0.123 (0.131)
Epoch: [9][9/114]	Time 0.113 (0.116)	Data 0.018 (0.026)	Loss 0.0304 (0.0288)	MAE 0.140 (0.132)
Epoch: [9][10/114]	Time 0.107 (0.115)	Data 0.020 (0.025)	Loss 0.0250 (0.0285)	MAE 0.117 (0.130)
Epoch: [9][11/114]	Time 0.109 (0.115)	Data 0.020 (0.025)	Loss 0.0641 (0.0315)	MAE 0.212 (0.137)
Epoch: [9][12/114]	Time 0.116 (0.115)	Data 0.023 (0.025)	Loss 0.0188 (0.0305)	MAE 0.107 (0.135)
Epoch: [9][13/114]	Time 0.105 (0.114)	Data 0.015 (0.024)	Loss 0.0316 (0.0306)	MAE 0.121 (0.134)
Epoch: [9][14/114]	Time 0.111 (0.114)	Data 0.022 (0.024)	Loss 0.0275 (0.0304)	MAE 0.120 (0.133)
Epoch: [9][15/114]	Time 0.110 (0.114)	Data 0.019 (0.023)	Loss 0.0210 (0.0298)	MAE 0.112 (0.132)
Epoch: [9][16/114]	Time 0.113 (0.114)	Data 0.022 (0.023)	Loss 0.0451 (0.0307)	MAE 0.187 (0.135)
Epoch: [9][17/114]	Time 0.108 (0.113)	Data 0.017 (0.023)	Loss 0.0173 (0.0299)	MAE 0.103 (0.133)
Epoch: [9][18/114]	Time 0.108 (0.113)	Data 0.017 (0.023)	Loss 0.0340 (0.0301)	MAE 0.149 (0.134)
Epoch: [9][19/114]	Time 0.105 (0.113)	Data 0.019 (0.023)	Loss 0.0416 (0.0307)	MAE 0.164 (0.135)
Epoch: [9][20/114]	Time 0.119 (0.113)	Data 0.020 (0.022)	Loss 0.0318 (0.0308)	MAE 0.140 (0.136)
Epoch: [9][21/114]	Time 0.114 (0.113)	Data 0.017 (0.022)	Loss 0.0408 (0.0312)	MAE 0.118 (0.135)
Epoch: [9][22/114]	Time 0.112 (0.113)	Data 0.018 (0.022)	Loss 0.0240 (0.0309)	MAE 0.111 (0.134)
Epoch: [9][23/114]	Time 0.113 (0.113)	Data 0.017 (0.022)	Loss 0.0359 (0.0311)	MAE 0.161 (0.135)
Epoch: [9][24/114]	Time 0.125 (0.114)	Data 0.029 (0.022)	Loss 0.0221 (0.0308)	MAE 0.121 (0.134)
Epoch: [9][25/114]	Time 0.110 (0.113)	Data 0.021 (0.022)	Loss 0.0484 (0.0314)	MAE 0.144 (0.135)
Epoch: [9][26/114]	Time 0.117 (0.114)	Data 0.027 (0.022)	Loss 0.0312 (0.0314)	MAE 0.131 (0.135)
Epoch: [9][27/114]	Time 0.109 (0.113)	Data 0.017 (0.022)	Loss 0.0268 (0.0313)	MAE 0.126 (0.134)
Epoch: [9][28/114]	Time 0.110 (0.113)	Data 0.018 (0.022)	Loss 0.0250 (0.0311)	MAE 0.115 (0.134)
Epoch: [9][29/114]	Time 0.116 (0.113)	Data 0.020 (0.022)	Loss 0.0379 (0.0313)	MAE 0.135 (0.134)
Epoch: [9][30/114]	Time 0.108 (0.113)	Data 0.020 (0.022)	Loss 0.0242 (0.0310)	MAE 0.108 (0.133)
Epoch: [9][31/114]	Time 0.120 (0.113)	Data 0.015 (0.022)	Loss 0.0206 (0.0307)	MAE 0.107 (0.132)
Epoch: [9][32/114]	Time 0.104 (0.113)	Data 0.017 (0.021)	Loss 0.0244 (0.0305)	MAE 0.117 (0.132)
Epoch: [9][33/114]	Time 0.100 (0.113)	Data 0.017 (0.021)	Loss 0.0286 (0.0305)	MAE 0.128 (0.131)
Epoch: [9][34/114]	Time 0.110 (0.113)	Data 0.020 (0.021)	Loss 0.0316 (0.0305)	MAE 0.139 (0.132)
Epoch: [9][35/114]	Time 0.105 (0.112)	Data 0.015 (0.021)	Loss 0.0367 (0.0307)	MAE 0.158 (0.132)
Epoch: [9][36/114]	Time 0.121 (0.113)	Data 0.031 (0.021)	Loss 0.0222 (0.0304)	MAE 0.109 (0.132)
Epoch: [9][37/114]	Time 0.110 (0.113)	Data 0.020 (0.021)	Loss 0.0345 (0.0306)	MAE 0.131 (0.132)
Epoch: [9][38/114]	Time 0.105 (0.112)	Data 0.019 (0.021)	Loss 0.0475 (0.0310)	MAE 0.175 (0.133)
Epoch: [9][39/114]	Time 0.114 (0.112)	Data 0.023 (0.021)	Loss 0.1090 (0.0329)	MAE 0.126 (0.133)
Epoch: [9][40/114]	Time 0.113 (0.112)	Data 0.023 (0.021)	Loss 0.0370 (0.0330)	MAE 0.148 (0.133)
Epoch: [9][41/114]	Time 0.114 (0.112)	Data 0.023 (0.021)	Loss 0.0327 (0.0330)	MAE 0.142 (0.133)
Epoch: [9][42/114]	Time 0.106 (0.112)	Data 0.016 (0.021)	Loss 0.0265 (0.0329)	MAE 0.140 (0.133)
Epoch: [9][43/114]	Time 0.107 (0.112)	Data 0.018 (0.021)	Loss 0.0280 (0.0328)	MAE 0.133 (0.133)
Epoch: [9][44/114]	Time 0.118 (0.112)	Data 0.027 (0.021)	Loss 0.0374 (0.0329)	MAE 0.146 (0.134)
Epoch: [9][45/114]	Time 0.101 (0.112)	Data 0.014 (0.021)	Loss 0.0255 (0.0327)	MAE 0.130 (0.134)
Epoch: [9][46/114]	Time 0.125 (0.112)	Data 0.031 (0.021)	Loss 0.0306 (0.0327)	MAE 0.149 (0.134)
Epoch: [9][47/114]	Time 0.113 (0.112)	Data 0.021 (0.021)	Loss 0.0295 (0.0326)	MAE 0.121 (0.134)
Epoch: [9][48/114]	Time 0.113 (0.112)	Data 0.021 (0.021)	Loss 0.0214 (0.0324)	MAE 0.124 (0.133)
Epoch: [9][49/114]	Time 0.103 (0.112)	Data 0.015 (0.021)	Loss 0.0338 (0.0324)	MAE 0.148 (0.134)
Epoch: [9][50/114]	Time 0.120 (0.112)	Data 0.026 (0.021)	Loss 0.0500 (0.0327)	MAE 0.200 (0.135)
Epoch: [9][51/114]	Time 0.107 (0.112)	Data 0.014 (0.021)	Loss 0.0401 (0.0329)	MAE 0.152 (0.135)
Epoch: [9][52/114]	Time 0.120 (0.112)	Data 0.028 (0.021)	Loss 0.0402 (0.0330)	MAE 0.181 (0.136)
Epoch: [9][53/114]	Time 0.103 (0.112)	Data 0.014 (0.021)	Loss 0.0230 (0.0328)	MAE 0.122 (0.136)
Epoch: [9][54/114]	Time 0.116 (0.112)	Data 0.022 (0.021)	Loss 0.0370 (0.0329)	MAE 0.160 (0.136)
Epoch: [9][55/114]	Time 0.114 (0.112)	Data 0.018 (0.021)	Loss 0.0334 (0.0329)	MAE 0.152 (0.137)
Epoch: [9][56/114]	Time 0.116 (0.112)	Data 0.024 (0.021)	Loss 0.0244 (0.0328)	MAE 0.118 (0.136)
Epoch: [9][57/114]	Time 0.108 (0.112)	Data 0.018 (0.021)	Loss 0.0323 (0.0328)	MAE 0.135 (0.136)
Epoch: [9][58/114]	Time 0.113 (0.112)	Data 0.019 (0.021)	Loss 0.0214 (0.0326)	MAE 0.113 (0.136)
Epoch: [9][59/114]	Time 0.108 (0.112)	Data 0.013 (0.021)	Loss 0.0167 (0.0323)	MAE 0.098 (0.135)
Epoch: [9][60/114]	Time 0.115 (0.112)	Data 0.023 (0.021)	Loss 0.0216 (0.0321)	MAE 0.112 (0.135)
Epoch: [9][61/114]	Time 0.111 (0.112)	Data 0.018 (0.021)	Loss 0.0195 (0.0319)	MAE 0.117 (0.135)
Epoch: [9][62/114]	Time 0.115 (0.112)	Data 0.026 (0.021)	Loss 0.0285 (0.0319)	MAE 0.122 (0.134)
Epoch: [9][63/114]	Time 0.119 (0.112)	Data 0.021 (0.021)	Loss 0.0254 (0.0318)	MAE 0.123 (0.134)
Epoch: [9][64/114]	Time 0.114 (0.112)	Data 0.021 (0.021)	Loss 0.0266 (0.0317)	MAE 0.130 (0.134)
Epoch: [9][65/114]	Time 0.108 (0.112)	Data 0.017 (0.021)	Loss 0.0570 (0.0321)	MAE 0.201 (0.135)
Epoch: [9][66/114]	Time 0.111 (0.112)	Data 0.022 (0.021)	Loss 0.0244 (0.0320)	MAE 0.113 (0.135)
Epoch: [9][67/114]	Time 0.108 (0.112)	Data 0.018 (0.021)	Loss 0.0240 (0.0318)	MAE 0.119 (0.135)
Epoch: [9][68/114]	Time 0.115 (0.112)	Data 0.021 (0.021)	Loss 0.0352 (0.0319)	MAE 0.157 (0.135)
Epoch: [9][69/114]	Time 0.107 (0.112)	Data 0.017 (0.021)	Loss 0.0414 (0.0320)	MAE 0.173 (0.136)
Epoch: [9][70/114]	Time 0.107 (0.112)	Data 0.020 (0.021)	Loss 0.0275 (0.0320)	MAE 0.131 (0.135)
Epoch: [9][71/114]	Time 0.103 (0.112)	Data 0.016 (0.021)	Loss 0.0185 (0.0318)	MAE 0.109 (0.135)
Epoch: [9][72/114]	Time 0.110 (0.112)	Data 0.018 (0.021)	Loss 0.0247 (0.0317)	MAE 0.115 (0.135)
Epoch: [9][73/114]	Time 0.104 (0.112)	Data 0.016 (0.021)	Loss 0.0208 (0.0315)	MAE 0.108 (0.134)
Epoch: [9][74/114]	Time 0.119 (0.112)	Data 0.021 (0.021)	Loss 0.0244 (0.0314)	MAE 0.121 (0.134)
Epoch: [9][75/114]	Time 0.118 (0.112)	Data 0.021 (0.021)	Loss 0.0194 (0.0313)	MAE 0.107 (0.134)
Epoch: [9][76/114]	Time 0.126 (0.112)	Data 0.027 (0.021)	Loss 0.0195 (0.0311)	MAE 0.102 (0.133)
Epoch: [9][77/114]	Time 0.112 (0.112)	Data 0.017 (0.021)	Loss 0.0163 (0.0309)	MAE 0.097 (0.133)
Epoch: [9][78/114]	Time 0.104 (0.112)	Data 0.013 (0.021)	Loss 0.0300 (0.0309)	MAE 0.137 (0.133)
Epoch: [9][79/114]	Time 0.121 (0.112)	Data 0.024 (0.021)	Loss 0.0202 (0.0308)	MAE 0.104 (0.133)
Epoch: [9][80/114]	Time 0.112 (0.112)	Data 0.020 (0.021)	Loss 0.0282 (0.0308)	MAE 0.130 (0.133)
Epoch: [9][81/114]	Time 0.118 (0.112)	Data 0.022 (0.021)	Loss 0.0435 (0.0309)	MAE 0.169 (0.133)
Epoch: [9][82/114]	Time 0.112 (0.112)	Data 0.023 (0.021)	Loss 0.0213 (0.0308)	MAE 0.122 (0.133)
Epoch: [9][83/114]	Time 0.117 (0.112)	Data 0.021 (0.021)	Loss 0.0270 (0.0308)	MAE 0.124 (0.133)
Epoch: [9][84/114]	Time 0.118 (0.112)	Data 0.020 (0.021)	Loss 0.0171 (0.0306)	MAE 0.097 (0.132)
Epoch: [9][85/114]	Time 0.112 (0.112)	Data 0.021 (0.021)	Loss 0.0344 (0.0306)	MAE 0.132 (0.132)
Epoch: [9][86/114]	Time 0.121 (0.113)	Data 0.027 (0.021)	Loss 0.0211 (0.0305)	MAE 0.104 (0.132)
Epoch: [9][87/114]	Time 0.118 (0.113)	Data 0.020 (0.021)	Loss 0.0202 (0.0304)	MAE 0.112 (0.132)
Epoch: [9][88/114]	Time 0.107 (0.113)	Data 0.017 (0.021)	Loss 0.0263 (0.0304)	MAE 0.123 (0.132)
Epoch: [9][89/114]	Time 0.109 (0.113)	Data 0.016 (0.021)	Loss 0.0462 (0.0305)	MAE 0.158 (0.132)
Epoch: [9][90/114]	Time 0.109 (0.112)	Data 0.018 (0.021)	Loss 0.0280 (0.0305)	MAE 0.120 (0.132)
Epoch: [9][91/114]	Time 0.113 (0.112)	Data 0.018 (0.021)	Loss 0.0443 (0.0307)	MAE 0.181 (0.132)
Epoch: [9][92/114]	Time 0.111 (0.112)	Data 0.018 (0.021)	Loss 0.0427 (0.0308)	MAE 0.180 (0.133)
Epoch: [9][93/114]	Time 0.109 (0.112)	Data 0.014 (0.021)	Loss 0.0291 (0.0308)	MAE 0.135 (0.133)
Epoch: [9][94/114]	Time 0.110 (0.112)	Data 0.019 (0.021)	Loss 0.0550 (0.0310)	MAE 0.214 (0.134)
Epoch: [9][95/114]	Time 0.111 (0.112)	Data 0.019 (0.021)	Loss 0.0233 (0.0309)	MAE 0.127 (0.134)
Epoch: [9][96/114]	Time 0.110 (0.112)	Data 0.017 (0.020)	Loss 0.0177 (0.0308)	MAE 0.105 (0.134)
Epoch: [9][97/114]	Time 0.119 (0.112)	Data 0.024 (0.021)	Loss 0.0457 (0.0310)	MAE 0.160 (0.134)
Epoch: [9][98/114]	Time 0.114 (0.112)	Data 0.024 (0.021)	Loss 0.0236 (0.0309)	MAE 0.120 (0.134)
Epoch: [9][99/114]	Time 0.107 (0.112)	Data 0.015 (0.021)	Loss 0.0194 (0.0308)	MAE 0.108 (0.133)
Epoch: [9][100/114]	Time 0.125 (0.113)	Data 0.031 (0.021)	Loss 0.0176 (0.0306)	MAE 0.097 (0.133)
Epoch: [9][101/114]	Time 0.114 (0.113)	Data 0.017 (0.021)	Loss 0.0279 (0.0306)	MAE 0.135 (0.133)
Epoch: [9][102/114]	Time 0.112 (0.113)	Data 0.020 (0.021)	Loss 0.0233 (0.0305)	MAE 0.112 (0.133)
Epoch: [9][103/114]	Time 0.124 (0.113)	Data 0.033 (0.021)	Loss 0.0206 (0.0305)	MAE 0.112 (0.133)
Epoch: [9][104/114]	Time 0.122 (0.113)	Data 0.021 (0.021)	Loss 0.0344 (0.0305)	MAE 0.152 (0.133)
Epoch: [9][105/114]	Time 0.108 (0.113)	Data 0.018 (0.021)	Loss 0.0243 (0.0304)	MAE 0.119 (0.133)
Epoch: [9][106/114]	Time 0.115 (0.113)	Data 0.025 (0.021)	Loss 0.0221 (0.0304)	MAE 0.115 (0.132)
Epoch: [9][107/114]	Time 0.120 (0.113)	Data 0.024 (0.021)	Loss 0.0280 (0.0303)	MAE 0.124 (0.132)
Epoch: [9][108/114]	Time 0.110 (0.113)	Data 0.021 (0.021)	Loss 0.0402 (0.0304)	MAE 0.141 (0.133)
Epoch: [9][109/114]	Time 0.109 (0.113)	Data 0.022 (0.021)	Loss 0.0524 (0.0306)	MAE 0.166 (0.133)
Epoch: [9][110/114]	Time 0.111 (0.113)	Data 0.018 (0.021)	Loss 0.0194 (0.0305)	MAE 0.109 (0.133)
Epoch: [9][111/114]	Time 0.112 (0.113)	Data 0.021 (0.021)	Loss 0.0211 (0.0304)	MAE 0.113 (0.132)
Epoch: [9][112/114]	Time 0.126 (0.113)	Data 0.030 (0.021)	Loss 0.1081 (0.0311)	MAE 0.196 (0.133)
Epoch: [9][113/114]	Time 0.098 (0.113)	Data 0.032 (0.021)	Loss 0.0355 (0.0311)	MAE 0.165 (0.133)
Test: [0/15]	Time 0.060 (0.060)	Loss 0.0485 (0.0485)	MAE 0.184 (0.184)
Test: [1/15]	Time 0.044 (0.052)	Loss 0.0441 (0.0463)	MAE 0.179 (0.182)
Test: [2/15]	Time 0.049 (0.051)	Loss 0.0410 (0.0445)	MAE 0.171 (0.178)
Test: [3/15]	Time 0.048 (0.050)	Loss 0.0383 (0.0430)	MAE 0.171 (0.176)
Test: [4/15]	Time 0.048 (0.050)	Loss 0.0409 (0.0426)	MAE 0.176 (0.176)
Test: [5/15]	Time 0.052 (0.050)	Loss 0.0432 (0.0427)	MAE 0.178 (0.176)
Test: [6/15]	Time 0.043 (0.049)	Loss 0.0398 (0.0423)	MAE 0.172 (0.176)
Test: [7/15]	Time 0.044 (0.049)	Loss 0.0430 (0.0423)	MAE 0.173 (0.175)
Test: [8/15]	Time 0.047 (0.048)	Loss 0.0463 (0.0428)	MAE 0.175 (0.175)
Test: [9/15]	Time 0.049 (0.048)	Loss 0.0396 (0.0425)	MAE 0.169 (0.175)
Test: [10/15]	Time 0.047 (0.048)	Loss 0.0436 (0.0426)	MAE 0.174 (0.175)
Test: [11/15]	Time 0.053 (0.049)	Loss 0.0453 (0.0428)	MAE 0.176 (0.175)
Test: [12/15]	Time 0.049 (0.049)	Loss 0.0439 (0.0429)	MAE 0.174 (0.175)
Test: [13/15]	Time 0.048 (0.049)	Loss 0.0362 (0.0424)	MAE 0.160 (0.174)
Test: [14/15]	Time 0.014 (0.046)	Loss 0.0572 (0.0426)	MAE 0.200 (0.174)
 * MAE 0.174
Epoch: [10][0/114]	Time 0.149 (0.149)	Data 0.056 (0.056)	Loss 0.0420 (0.0420)	MAE 0.170 (0.170)
Epoch: [10][1/114]	Time 0.117 (0.133)	Data 0.024 (0.040)	Loss 0.0231 (0.0326)	MAE 0.113 (0.142)
Epoch: [10][2/114]	Time 0.108 (0.125)	Data 0.019 (0.033)	Loss 0.0307 (0.0320)	MAE 0.141 (0.141)
Epoch: [10][3/114]	Time 0.119 (0.123)	Data 0.019 (0.030)	Loss 0.0188 (0.0287)	MAE 0.109 (0.133)
Epoch: [10][4/114]	Time 0.117 (0.122)	Data 0.022 (0.028)	Loss 0.0364 (0.0302)	MAE 0.122 (0.131)
Epoch: [10][5/114]	Time 0.115 (0.121)	Data 0.017 (0.026)	Loss 0.0160 (0.0278)	MAE 0.092 (0.125)
Epoch: [10][6/114]	Time 0.110 (0.119)	Data 0.021 (0.025)	Loss 0.0282 (0.0279)	MAE 0.132 (0.126)
Epoch: [10][7/114]	Time 0.121 (0.120)	Data 0.023 (0.025)	Loss 0.0212 (0.0271)	MAE 0.110 (0.124)
Epoch: [10][8/114]	Time 0.104 (0.118)	Data 0.019 (0.024)	Loss 0.0194 (0.0262)	MAE 0.105 (0.122)
Epoch: [10][9/114]	Time 0.110 (0.117)	Data 0.021 (0.024)	Loss 0.0327 (0.0269)	MAE 0.147 (0.124)
Epoch: [10][10/114]	Time 0.108 (0.116)	Data 0.017 (0.023)	Loss 0.0161 (0.0259)	MAE 0.107 (0.123)
Epoch: [10][11/114]	Time 0.115 (0.116)	Data 0.026 (0.024)	Loss 0.0223 (0.0256)	MAE 0.110 (0.122)
Epoch: [10][12/114]	Time 0.114 (0.116)	Data 0.018 (0.023)	Loss 0.0265 (0.0257)	MAE 0.120 (0.122)
Epoch: [10][13/114]	Time 0.164 (0.119)	Data 0.067 (0.026)	Loss 0.0268 (0.0257)	MAE 0.120 (0.121)
Epoch: [10][14/114]	Time 0.110 (0.119)	Data 0.014 (0.026)	Loss 0.0387 (0.0266)	MAE 0.162 (0.124)
Epoch: [10][15/114]	Time 0.108 (0.118)	Data 0.019 (0.025)	Loss 0.0385 (0.0273)	MAE 0.157 (0.126)
Epoch: [10][16/114]	Time 0.106 (0.117)	Data 0.015 (0.025)	Loss 0.0206 (0.0269)	MAE 0.116 (0.126)
Epoch: [10][17/114]	Time 0.118 (0.117)	Data 0.025 (0.025)	Loss 0.0138 (0.0262)	MAE 0.097 (0.124)
Epoch: [10][18/114]	Time 0.110 (0.117)	Data 0.021 (0.024)	Loss 0.0142 (0.0256)	MAE 0.094 (0.122)
Epoch: [10][19/114]	Time 0.120 (0.117)	Data 0.024 (0.024)	Loss 0.0296 (0.0258)	MAE 0.130 (0.123)
Epoch: [10][20/114]	Time 0.109 (0.117)	Data 0.017 (0.024)	Loss 0.0939 (0.0290)	MAE 0.124 (0.123)
Epoch: [10][21/114]	Time 0.121 (0.117)	Data 0.024 (0.024)	Loss 0.0166 (0.0285)	MAE 0.099 (0.122)
Epoch: [10][22/114]	Time 0.108 (0.117)	Data 0.020 (0.024)	Loss 0.0314 (0.0286)	MAE 0.150 (0.123)
Epoch: [10][23/114]	Time 0.119 (0.117)	Data 0.026 (0.024)	Loss 0.0152 (0.0280)	MAE 0.098 (0.122)
Epoch: [10][24/114]	Time 0.121 (0.117)	Data 0.029 (0.024)	Loss 0.0217 (0.0278)	MAE 0.114 (0.122)
Epoch: [10][25/114]	Time 0.120 (0.117)	Data 0.026 (0.024)	Loss 0.0150 (0.0273)	MAE 0.097 (0.121)
Epoch: [10][26/114]	Time 0.109 (0.117)	Data 0.016 (0.024)	Loss 0.0274 (0.0273)	MAE 0.133 (0.121)
Epoch: [10][27/114]	Time 0.118 (0.117)	Data 0.021 (0.024)	Loss 0.0184 (0.0270)	MAE 0.101 (0.120)
Epoch: [10][28/114]	Time 0.108 (0.116)	Data 0.020 (0.024)	Loss 0.0186 (0.0267)	MAE 0.104 (0.120)
Epoch: [10][29/114]	Time 0.112 (0.116)	Data 0.023 (0.024)	Loss 0.0178 (0.0264)	MAE 0.106 (0.119)
Epoch: [10][30/114]	Time 0.109 (0.116)	Data 0.019 (0.024)	Loss 0.0259 (0.0264)	MAE 0.136 (0.120)
Epoch: [10][31/114]	Time 0.120 (0.116)	Data 0.026 (0.024)	Loss 0.0207 (0.0262)	MAE 0.097 (0.119)
Epoch: [10][32/114]	Time 0.113 (0.116)	Data 0.024 (0.024)	Loss 0.0771 (0.0277)	MAE 0.186 (0.121)
Epoch: [10][33/114]	Time 0.123 (0.116)	Data 0.034 (0.024)	Loss 0.0622 (0.0288)	MAE 0.223 (0.124)
Epoch: [10][34/114]	Time 0.114 (0.116)	Data 0.021 (0.024)	Loss 0.0203 (0.0285)	MAE 0.107 (0.124)
Epoch: [10][35/114]	Time 0.116 (0.116)	Data 0.025 (0.024)	Loss 0.0494 (0.0291)	MAE 0.201 (0.126)
Epoch: [10][36/114]	Time 0.117 (0.116)	Data 0.022 (0.024)	Loss 0.0320 (0.0292)	MAE 0.147 (0.126)
Epoch: [10][37/114]	Time 0.126 (0.117)	Data 0.036 (0.024)	Loss 0.0361 (0.0294)	MAE 0.162 (0.127)
Epoch: [10][38/114]	Time 0.103 (0.116)	Data 0.014 (0.024)	Loss 0.0204 (0.0291)	MAE 0.116 (0.127)
Epoch: [10][39/114]	Time 0.112 (0.116)	Data 0.022 (0.024)	Loss 0.0218 (0.0289)	MAE 0.118 (0.127)
Epoch: [10][40/114]	Time 0.114 (0.116)	Data 0.021 (0.024)	Loss 0.0243 (0.0288)	MAE 0.135 (0.127)
Epoch: [10][41/114]	Time 0.118 (0.116)	Data 0.023 (0.024)	Loss 0.0198 (0.0286)	MAE 0.108 (0.127)
Epoch: [10][42/114]	Time 0.122 (0.116)	Data 0.020 (0.024)	Loss 0.0215 (0.0284)	MAE 0.118 (0.126)
Epoch: [10][43/114]	Time 0.116 (0.116)	Data 0.023 (0.024)	Loss 0.0477 (0.0289)	MAE 0.188 (0.128)
Epoch: [10][44/114]	Time 0.118 (0.116)	Data 0.017 (0.024)	Loss 0.0228 (0.0288)	MAE 0.123 (0.128)
Epoch: [10][45/114]	Time 0.117 (0.116)	Data 0.026 (0.024)	Loss 0.0248 (0.0287)	MAE 0.114 (0.127)
Epoch: [10][46/114]	Time 0.104 (0.116)	Data 0.018 (0.023)	Loss 0.0359 (0.0288)	MAE 0.158 (0.128)
Epoch: [10][47/114]	Time 0.106 (0.116)	Data 0.023 (0.023)	Loss 0.0275 (0.0288)	MAE 0.140 (0.128)
Epoch: [10][48/114]	Time 0.103 (0.116)	Data 0.014 (0.023)	Loss 0.0168 (0.0285)	MAE 0.098 (0.128)
Epoch: [10][49/114]	Time 0.103 (0.115)	Data 0.017 (0.023)	Loss 0.0549 (0.0291)	MAE 0.192 (0.129)
Epoch: [10][50/114]	Time 0.107 (0.115)	Data 0.015 (0.023)	Loss 0.0295 (0.0291)	MAE 0.139 (0.129)
Epoch: [10][51/114]	Time 0.119 (0.115)	Data 0.022 (0.023)	Loss 0.0278 (0.0291)	MAE 0.145 (0.129)
Epoch: [10][52/114]	Time 0.115 (0.115)	Data 0.020 (0.023)	Loss 0.0443 (0.0293)	MAE 0.121 (0.129)
Epoch: [10][53/114]	Time 0.118 (0.115)	Data 0.030 (0.023)	Loss 0.0241 (0.0292)	MAE 0.110 (0.129)
Epoch: [10][54/114]	Time 0.109 (0.115)	Data 0.018 (0.023)	Loss 0.0326 (0.0293)	MAE 0.140 (0.129)
Epoch: [10][55/114]	Time 0.116 (0.115)	Data 0.027 (0.023)	Loss 0.0410 (0.0295)	MAE 0.166 (0.130)
Epoch: [10][56/114]	Time 0.121 (0.115)	Data 0.024 (0.023)	Loss 0.0273 (0.0295)	MAE 0.116 (0.130)
Epoch: [10][57/114]	Time 0.107 (0.115)	Data 0.018 (0.023)	Loss 0.0228 (0.0294)	MAE 0.112 (0.129)
Epoch: [10][58/114]	Time 0.106 (0.115)	Data 0.019 (0.023)	Loss 0.0212 (0.0292)	MAE 0.112 (0.129)
Epoch: [10][59/114]	Time 0.106 (0.115)	Data 0.021 (0.023)	Loss 0.0278 (0.0292)	MAE 0.114 (0.129)
Epoch: [10][60/114]	Time 0.104 (0.115)	Data 0.013 (0.023)	Loss 0.0371 (0.0293)	MAE 0.163 (0.129)
Epoch: [10][61/114]	Time 0.117 (0.115)	Data 0.024 (0.023)	Loss 0.0451 (0.0296)	MAE 0.172 (0.130)
Epoch: [10][62/114]	Time 0.115 (0.115)	Data 0.020 (0.023)	Loss 0.0501 (0.0299)	MAE 0.126 (0.130)
Epoch: [10][63/114]	Time 0.121 (0.115)	Data 0.030 (0.023)	Loss 0.0190 (0.0297)	MAE 0.109 (0.130)
Epoch: [10][64/114]	Time 0.110 (0.115)	Data 0.017 (0.023)	Loss 0.0351 (0.0298)	MAE 0.149 (0.130)
Epoch: [10][65/114]	Time 0.118 (0.115)	Data 0.023 (0.023)	Loss 0.0358 (0.0299)	MAE 0.156 (0.130)
Epoch: [10][66/114]	Time 0.112 (0.115)	Data 0.019 (0.023)	Loss 0.0244 (0.0298)	MAE 0.114 (0.130)
Epoch: [10][67/114]	Time 0.111 (0.115)	Data 0.019 (0.023)	Loss 0.0330 (0.0299)	MAE 0.156 (0.130)
Epoch: [10][68/114]	Time 0.101 (0.114)	Data 0.015 (0.022)	Loss 0.0195 (0.0297)	MAE 0.102 (0.130)
Epoch: [10][69/114]	Time 0.108 (0.114)	Data 0.018 (0.022)	Loss 0.0294 (0.0297)	MAE 0.136 (0.130)
Epoch: [10][70/114]	Time 0.112 (0.114)	Data 0.016 (0.022)	Loss 0.0247 (0.0297)	MAE 0.124 (0.130)
Epoch: [10][71/114]	Time 0.111 (0.114)	Data 0.021 (0.022)	Loss 0.0328 (0.0297)	MAE 0.154 (0.130)
Epoch: [10][72/114]	Time 0.118 (0.114)	Data 0.024 (0.022)	Loss 0.0371 (0.0298)	MAE 0.165 (0.131)
Epoch: [10][73/114]	Time 0.126 (0.115)	Data 0.034 (0.022)	Loss 0.0426 (0.0300)	MAE 0.183 (0.132)
Epoch: [10][74/114]	Time 0.107 (0.114)	Data 0.023 (0.022)	Loss 0.0274 (0.0299)	MAE 0.126 (0.131)
Epoch: [10][75/114]	Time 0.119 (0.114)	Data 0.024 (0.022)	Loss 0.0166 (0.0298)	MAE 0.102 (0.131)
Epoch: [10][76/114]	Time 0.110 (0.114)	Data 0.020 (0.022)	Loss 0.0501 (0.0300)	MAE 0.195 (0.132)
Epoch: [10][77/114]	Time 0.110 (0.114)	Data 0.022 (0.022)	Loss 0.0837 (0.0307)	MAE 0.262 (0.134)
Epoch: [10][78/114]	Time 0.102 (0.114)	Data 0.013 (0.022)	Loss 0.0322 (0.0307)	MAE 0.135 (0.134)
Epoch: [10][79/114]	Time 0.118 (0.114)	Data 0.017 (0.022)	Loss 0.0245 (0.0307)	MAE 0.120 (0.133)
Epoch: [10][80/114]	Time 0.110 (0.114)	Data 0.018 (0.022)	Loss 0.0264 (0.0306)	MAE 0.120 (0.133)
Epoch: [10][81/114]	Time 0.122 (0.114)	Data 0.030 (0.022)	Loss 0.0314 (0.0306)	MAE 0.145 (0.133)
Epoch: [10][82/114]	Time 0.108 (0.114)	Data 0.020 (0.022)	Loss 0.0589 (0.0310)	MAE 0.219 (0.134)
Epoch: [10][83/114]	Time 0.110 (0.114)	Data 0.023 (0.022)	Loss 0.0445 (0.0311)	MAE 0.175 (0.135)
Epoch: [10][84/114]	Time 0.105 (0.114)	Data 0.016 (0.022)	Loss 0.0517 (0.0314)	MAE 0.202 (0.136)
Epoch: [10][85/114]	Time 0.110 (0.114)	Data 0.020 (0.022)	Loss 0.0223 (0.0313)	MAE 0.112 (0.135)
Epoch: [10][86/114]	Time 0.105 (0.114)	Data 0.016 (0.022)	Loss 0.0509 (0.0315)	MAE 0.191 (0.136)
Epoch: [10][87/114]	Time 0.108 (0.114)	Data 0.019 (0.022)	Loss 0.0254 (0.0314)	MAE 0.121 (0.136)
Epoch: [10][88/114]	Time 0.106 (0.114)	Data 0.021 (0.022)	Loss 0.0282 (0.0314)	MAE 0.130 (0.136)
Epoch: [10][89/114]	Time 0.112 (0.114)	Data 0.021 (0.022)	Loss 0.0306 (0.0314)	MAE 0.137 (0.136)
Epoch: [10][90/114]	Time 0.109 (0.114)	Data 0.020 (0.022)	Loss 0.0210 (0.0313)	MAE 0.115 (0.136)
Epoch: [10][91/114]	Time 0.114 (0.114)	Data 0.021 (0.022)	Loss 0.0199 (0.0311)	MAE 0.107 (0.135)
Epoch: [10][92/114]	Time 0.116 (0.114)	Data 0.026 (0.022)	Loss 0.1059 (0.0319)	MAE 0.118 (0.135)
Epoch: [10][93/114]	Time 0.120 (0.114)	Data 0.025 (0.022)	Loss 0.0278 (0.0319)	MAE 0.116 (0.135)
Epoch: [10][94/114]	Time 0.107 (0.114)	Data 0.015 (0.022)	Loss 0.0185 (0.0317)	MAE 0.109 (0.135)
Epoch: [10][95/114]	Time 0.108 (0.114)	Data 0.020 (0.022)	Loss 0.0382 (0.0318)	MAE 0.162 (0.135)
Epoch: [10][96/114]	Time 0.115 (0.114)	Data 0.022 (0.022)	Loss 0.0700 (0.0322)	MAE 0.244 (0.136)
Epoch: [10][97/114]	Time 0.112 (0.114)	Data 0.022 (0.022)	Loss 0.0158 (0.0320)	MAE 0.100 (0.136)
Epoch: [10][98/114]	Time 0.105 (0.114)	Data 0.015 (0.022)	Loss 0.0243 (0.0320)	MAE 0.125 (0.136)
Epoch: [10][99/114]	Time 0.108 (0.114)	Data 0.018 (0.022)	Loss 0.0317 (0.0320)	MAE 0.132 (0.136)
Epoch: [10][100/114]	Time 0.107 (0.113)	Data 0.017 (0.022)	Loss 0.0404 (0.0320)	MAE 0.157 (0.136)
Epoch: [10][101/114]	Time 0.113 (0.113)	Data 0.021 (0.022)	Loss 0.0326 (0.0320)	MAE 0.124 (0.136)
Epoch: [10][102/114]	Time 0.120 (0.114)	Data 0.025 (0.022)	Loss 0.0344 (0.0321)	MAE 0.159 (0.136)
Epoch: [10][103/114]	Time 0.113 (0.114)	Data 0.021 (0.022)	Loss 0.0154 (0.0319)	MAE 0.092 (0.135)
Epoch: [10][104/114]	Time 0.108 (0.113)	Data 0.016 (0.022)	Loss 0.0372 (0.0320)	MAE 0.170 (0.136)
Epoch: [10][105/114]	Time 0.108 (0.113)	Data 0.018 (0.022)	Loss 0.0222 (0.0319)	MAE 0.114 (0.136)
Epoch: [10][106/114]	Time 0.108 (0.113)	Data 0.017 (0.022)	Loss 0.0261 (0.0318)	MAE 0.124 (0.135)
Epoch: [10][107/114]	Time 0.111 (0.113)	Data 0.022 (0.022)	Loss 0.0422 (0.0319)	MAE 0.173 (0.136)
Epoch: [10][108/114]	Time 0.107 (0.113)	Data 0.017 (0.022)	Loss 0.0227 (0.0318)	MAE 0.114 (0.136)
Epoch: [10][109/114]	Time 0.112 (0.113)	Data 0.022 (0.022)	Loss 0.0324 (0.0318)	MAE 0.143 (0.136)
Epoch: [10][110/114]	Time 0.107 (0.113)	Data 0.019 (0.022)	Loss 0.0362 (0.0319)	MAE 0.120 (0.135)
Epoch: [10][111/114]	Time 0.113 (0.113)	Data 0.022 (0.022)	Loss 0.0240 (0.0318)	MAE 0.106 (0.135)
Epoch: [10][112/114]	Time 0.118 (0.113)	Data 0.025 (0.022)	Loss 0.0306 (0.0318)	MAE 0.120 (0.135)
Epoch: [10][113/114]	Time 0.089 (0.113)	Data 0.026 (0.022)	Loss 0.0191 (0.0317)	MAE 0.101 (0.135)
Test: [0/15]	Time 0.050 (0.050)	Loss 0.0196 (0.0196)	MAE 0.105 (0.105)
Test: [1/15]	Time 0.043 (0.047)	Loss 0.0216 (0.0206)	MAE 0.110 (0.108)
Test: [2/15]	Time 0.044 (0.046)	Loss 0.0234 (0.0215)	MAE 0.106 (0.107)
Test: [3/15]	Time 0.055 (0.048)	Loss 0.0204 (0.0212)	MAE 0.108 (0.108)
Test: [4/15]	Time 0.047 (0.048)	Loss 0.0224 (0.0215)	MAE 0.105 (0.107)
Test: [5/15]	Time 0.046 (0.048)	Loss 0.0272 (0.0224)	MAE 0.115 (0.108)
Test: [6/15]	Time 0.045 (0.047)	Loss 0.0236 (0.0226)	MAE 0.106 (0.108)
Test: [7/15]	Time 0.040 (0.046)	Loss 0.0196 (0.0222)	MAE 0.104 (0.107)
Test: [8/15]	Time 0.043 (0.046)	Loss 0.0247 (0.0225)	MAE 0.108 (0.107)
Test: [9/15]	Time 0.045 (0.046)	Loss 0.0251 (0.0228)	MAE 0.109 (0.108)
Test: [10/15]	Time 0.040 (0.045)	Loss 0.0181 (0.0223)	MAE 0.101 (0.107)
Test: [11/15]	Time 0.052 (0.046)	Loss 0.0232 (0.0224)	MAE 0.104 (0.107)
Test: [12/15]	Time 0.045 (0.046)	Loss 0.0231 (0.0225)	MAE 0.108 (0.107)
Test: [13/15]	Time 0.040 (0.045)	Loss 0.0205 (0.0223)	MAE 0.103 (0.107)
Test: [14/15]	Time 0.015 (0.043)	Loss 0.0279 (0.0224)	MAE 0.113 (0.107)
 * MAE 0.107
Epoch: [11][0/114]	Time 0.163 (0.163)	Data 0.071 (0.071)	Loss 0.0230 (0.0230)	MAE 0.114 (0.114)
Epoch: [11][1/114]	Time 0.109 (0.136)	Data 0.017 (0.044)	Loss 0.0295 (0.0262)	MAE 0.136 (0.125)
Epoch: [11][2/114]	Time 0.117 (0.130)	Data 0.023 (0.037)	Loss 0.0208 (0.0244)	MAE 0.107 (0.119)
Epoch: [11][3/114]	Time 0.105 (0.124)	Data 0.013 (0.031)	Loss 0.0267 (0.0250)	MAE 0.121 (0.120)
Epoch: [11][4/114]	Time 0.106 (0.120)	Data 0.018 (0.028)	Loss 0.0222 (0.0244)	MAE 0.123 (0.120)
Epoch: [11][5/114]	Time 0.108 (0.118)	Data 0.019 (0.027)	Loss 0.0216 (0.0240)	MAE 0.113 (0.119)
Epoch: [11][6/114]	Time 0.110 (0.117)	Data 0.021 (0.026)	Loss 0.0585 (0.0289)	MAE 0.211 (0.132)
Epoch: [11][7/114]	Time 0.113 (0.116)	Data 0.019 (0.025)	Loss 0.0229 (0.0282)	MAE 0.126 (0.131)
Epoch: [11][8/114]	Time 0.106 (0.115)	Data 0.019 (0.024)	Loss 0.0178 (0.0270)	MAE 0.113 (0.129)
Epoch: [11][9/114]	Time 0.109 (0.115)	Data 0.019 (0.024)	Loss 0.0307 (0.0274)	MAE 0.130 (0.129)
Epoch: [11][10/114]	Time 0.112 (0.114)	Data 0.021 (0.024)	Loss 0.0480 (0.0293)	MAE 0.172 (0.133)
Epoch: [11][11/114]	Time 0.111 (0.114)	Data 0.018 (0.023)	Loss 0.0330 (0.0296)	MAE 0.154 (0.135)
Epoch: [11][12/114]	Time 0.127 (0.115)	Data 0.034 (0.024)	Loss 0.0438 (0.0307)	MAE 0.167 (0.137)
Epoch: [11][13/114]	Time 0.105 (0.114)	Data 0.017 (0.024)	Loss 0.0293 (0.0306)	MAE 0.131 (0.137)
Epoch: [11][14/114]	Time 0.110 (0.114)	Data 0.023 (0.023)	Loss 0.0303 (0.0306)	MAE 0.130 (0.136)
Epoch: [11][15/114]	Time 0.112 (0.114)	Data 0.019 (0.023)	Loss 0.0218 (0.0300)	MAE 0.117 (0.135)
Epoch: [11][16/114]	Time 0.108 (0.114)	Data 0.020 (0.023)	Loss 0.0378 (0.0305)	MAE 0.153 (0.136)
Epoch: [11][17/114]	Time 0.107 (0.113)	Data 0.019 (0.023)	Loss 0.0193 (0.0298)	MAE 0.111 (0.135)
Epoch: [11][18/114]	Time 0.111 (0.113)	Data 0.021 (0.023)	Loss 0.0301 (0.0299)	MAE 0.146 (0.135)
Epoch: [11][19/114]	Time 0.110 (0.113)	Data 0.015 (0.022)	Loss 0.0206 (0.0294)	MAE 0.118 (0.135)
Epoch: [11][20/114]	Time 0.131 (0.114)	Data 0.031 (0.023)	Loss 0.0171 (0.0288)	MAE 0.107 (0.133)
Epoch: [11][21/114]	Time 0.107 (0.114)	Data 0.015 (0.022)	Loss 0.0197 (0.0284)	MAE 0.103 (0.132)
Epoch: [11][22/114]	Time 0.110 (0.113)	Data 0.018 (0.022)	Loss 0.0356 (0.0287)	MAE 0.151 (0.133)
Epoch: [11][23/114]	Time 0.113 (0.113)	Data 0.018 (0.022)	Loss 0.0161 (0.0282)	MAE 0.103 (0.131)
Epoch: [11][24/114]	Time 0.108 (0.113)	Data 0.020 (0.022)	Loss 0.0330 (0.0284)	MAE 0.134 (0.132)
Epoch: [11][25/114]	Time 0.100 (0.113)	Data 0.013 (0.022)	Loss 0.0254 (0.0283)	MAE 0.131 (0.132)
Epoch: [11][26/114]	Time 0.112 (0.113)	Data 0.019 (0.021)	Loss 0.0207 (0.0280)	MAE 0.112 (0.131)
Epoch: [11][27/114]	Time 0.106 (0.112)	Data 0.017 (0.021)	Loss 0.0231 (0.0278)	MAE 0.114 (0.130)
Epoch: [11][28/114]	Time 0.111 (0.112)	Data 0.022 (0.021)	Loss 0.0153 (0.0274)	MAE 0.099 (0.129)
Epoch: [11][29/114]	Time 0.110 (0.112)	Data 0.019 (0.021)	Loss 0.0160 (0.0270)	MAE 0.107 (0.128)
Epoch: [11][30/114]	Time 0.117 (0.112)	Data 0.024 (0.021)	Loss 0.0211 (0.0268)	MAE 0.113 (0.128)
Epoch: [11][31/114]	Time 0.113 (0.112)	Data 0.019 (0.021)	Loss 0.0299 (0.0269)	MAE 0.155 (0.129)
Epoch: [11][32/114]	Time 0.115 (0.113)	Data 0.026 (0.021)	Loss 0.0384 (0.0272)	MAE 0.140 (0.129)
Epoch: [11][33/114]	Time 0.107 (0.112)	Data 0.019 (0.021)	Loss 0.0310 (0.0274)	MAE 0.134 (0.129)
Epoch: [11][34/114]	Time 0.110 (0.112)	Data 0.021 (0.021)	Loss 0.0290 (0.0274)	MAE 0.142 (0.130)
Epoch: [11][35/114]	Time 0.117 (0.112)	Data 0.022 (0.021)	Loss 0.0296 (0.0275)	MAE 0.135 (0.130)
Epoch: [11][36/114]	Time 0.112 (0.112)	Data 0.019 (0.021)	Loss 0.0317 (0.0276)	MAE 0.139 (0.130)
Epoch: [11][37/114]	Time 0.106 (0.112)	Data 0.016 (0.021)	Loss 0.0398 (0.0279)	MAE 0.158 (0.131)
Epoch: [11][38/114]	Time 0.106 (0.112)	Data 0.016 (0.021)	Loss 0.0317 (0.0280)	MAE 0.135 (0.131)
Epoch: [11][39/114]	Time 0.104 (0.112)	Data 0.016 (0.021)	Loss 0.0207 (0.0278)	MAE 0.113 (0.130)
Epoch: [11][40/114]	Time 0.126 (0.112)	Data 0.032 (0.021)	Loss 0.0378 (0.0281)	MAE 0.164 (0.131)
Epoch: [11][41/114]	Time 0.114 (0.112)	Data 0.021 (0.021)	Loss 0.0348 (0.0282)	MAE 0.170 (0.132)
Epoch: [11][42/114]	Time 0.110 (0.112)	Data 0.018 (0.021)	Loss 0.0278 (0.0282)	MAE 0.141 (0.132)
Epoch: [11][43/114]	Time 0.105 (0.112)	Data 0.015 (0.021)	Loss 0.0254 (0.0281)	MAE 0.116 (0.132)
Epoch: [11][44/114]	Time 0.110 (0.112)	Data 0.021 (0.021)	Loss 0.0216 (0.0280)	MAE 0.115 (0.132)
Epoch: [11][45/114]	Time 0.103 (0.112)	Data 0.017 (0.021)	Loss 0.0494 (0.0285)	MAE 0.144 (0.132)
Epoch: [11][46/114]	Time 0.118 (0.112)	Data 0.022 (0.021)	Loss 0.0281 (0.0285)	MAE 0.128 (0.132)
Epoch: [11][47/114]	Time 0.107 (0.112)	Data 0.015 (0.021)	Loss 0.0444 (0.0288)	MAE 0.179 (0.133)
Epoch: [11][48/114]	Time 0.111 (0.112)	Data 0.019 (0.021)	Loss 0.0274 (0.0288)	MAE 0.125 (0.133)
Epoch: [11][49/114]	Time 0.102 (0.112)	Data 0.018 (0.021)	Loss 0.0218 (0.0286)	MAE 0.110 (0.132)
Epoch: [11][50/114]	Time 0.119 (0.112)	Data 0.024 (0.021)	Loss 0.0474 (0.0290)	MAE 0.134 (0.132)
Epoch: [11][51/114]	Time 0.114 (0.112)	Data 0.022 (0.021)	Loss 0.0386 (0.0292)	MAE 0.177 (0.133)
Epoch: [11][52/114]	Time 0.116 (0.112)	Data 0.027 (0.021)	Loss 0.0907 (0.0303)	MAE 0.125 (0.133)
Epoch: [11][53/114]	Time 0.116 (0.112)	Data 0.029 (0.021)	Loss 0.0198 (0.0301)	MAE 0.098 (0.132)
Epoch: [11][54/114]	Time 0.115 (0.112)	Data 0.022 (0.021)	Loss 0.0269 (0.0301)	MAE 0.132 (0.132)
Epoch: [11][55/114]	Time 0.114 (0.112)	Data 0.023 (0.021)	Loss 0.0327 (0.0301)	MAE 0.127 (0.132)
Epoch: [11][56/114]	Time 0.113 (0.112)	Data 0.018 (0.021)	Loss 0.0263 (0.0301)	MAE 0.134 (0.132)
Epoch: [11][57/114]	Time 0.101 (0.112)	Data 0.013 (0.021)	Loss 0.0224 (0.0299)	MAE 0.106 (0.132)
Epoch: [11][58/114]	Time 0.123 (0.112)	Data 0.031 (0.021)	Loss 0.0234 (0.0298)	MAE 0.110 (0.131)
Epoch: [11][59/114]	Time 0.113 (0.112)	Data 0.021 (0.021)	Loss 0.0305 (0.0298)	MAE 0.146 (0.132)
Epoch: [11][60/114]	Time 0.124 (0.112)	Data 0.032 (0.021)	Loss 0.0200 (0.0297)	MAE 0.101 (0.131)
Epoch: [11][61/114]	Time 0.109 (0.112)	Data 0.020 (0.021)	Loss 0.0259 (0.0296)	MAE 0.113 (0.131)
Epoch: [11][62/114]	Time 0.108 (0.112)	Data 0.019 (0.021)	Loss 0.0202 (0.0295)	MAE 0.107 (0.130)
Epoch: [11][63/114]	Time 0.104 (0.112)	Data 0.017 (0.021)	Loss 0.0179 (0.0293)	MAE 0.098 (0.130)
Epoch: [11][64/114]	Time 0.112 (0.112)	Data 0.019 (0.021)	Loss 0.0254 (0.0292)	MAE 0.123 (0.130)
Epoch: [11][65/114]	Time 0.095 (0.112)	Data 0.012 (0.021)	Loss 0.0404 (0.0294)	MAE 0.124 (0.130)
Epoch: [11][66/114]	Time 0.108 (0.112)	Data 0.020 (0.021)	Loss 0.0206 (0.0293)	MAE 0.103 (0.129)
Epoch: [11][67/114]	Time 0.110 (0.112)	Data 0.015 (0.021)	Loss 0.0178 (0.0291)	MAE 0.100 (0.129)
Epoch: [11][68/114]	Time 0.114 (0.112)	Data 0.021 (0.021)	Loss 0.1137 (0.0303)	MAE 0.171 (0.130)
Epoch: [11][69/114]	Time 0.109 (0.112)	Data 0.020 (0.021)	Loss 0.0369 (0.0304)	MAE 0.137 (0.130)
Epoch: [11][70/114]	Time 0.142 (0.112)	Data 0.048 (0.021)	Loss 0.0237 (0.0303)	MAE 0.123 (0.130)
Epoch: [11][71/114]	Time 0.114 (0.112)	Data 0.020 (0.021)	Loss 0.0240 (0.0302)	MAE 0.123 (0.129)
Epoch: [11][72/114]	Time 0.119 (0.112)	Data 0.019 (0.021)	Loss 0.0298 (0.0302)	MAE 0.129 (0.129)
Epoch: [11][73/114]	Time 0.118 (0.112)	Data 0.025 (0.021)	Loss 0.0307 (0.0302)	MAE 0.147 (0.130)
Epoch: [11][74/114]	Time 0.117 (0.112)	Data 0.022 (0.021)	Loss 0.0239 (0.0301)	MAE 0.125 (0.130)
Epoch: [11][75/114]	Time 0.110 (0.112)	Data 0.021 (0.021)	Loss 0.0179 (0.0300)	MAE 0.100 (0.129)
Epoch: [11][76/114]	Time 0.112 (0.112)	Data 0.021 (0.021)	Loss 0.0227 (0.0299)	MAE 0.120 (0.129)
Epoch: [11][77/114]	Time 0.109 (0.112)	Data 0.018 (0.021)	Loss 0.0293 (0.0299)	MAE 0.123 (0.129)
Epoch: [11][78/114]	Time 0.115 (0.112)	Data 0.021 (0.021)	Loss 0.0471 (0.0301)	MAE 0.127 (0.129)
Epoch: [11][79/114]	Time 0.104 (0.112)	Data 0.012 (0.021)	Loss 0.0213 (0.0300)	MAE 0.105 (0.129)
Epoch: [11][80/114]	Time 0.120 (0.112)	Data 0.024 (0.021)	Loss 0.0153 (0.0298)	MAE 0.097 (0.128)
Epoch: [11][81/114]	Time 0.112 (0.112)	Data 0.021 (0.021)	Loss 0.0217 (0.0297)	MAE 0.119 (0.128)
Epoch: [11][82/114]	Time 0.111 (0.112)	Data 0.022 (0.021)	Loss 0.0276 (0.0297)	MAE 0.134 (0.128)
Epoch: [11][83/114]	Time 0.108 (0.112)	Data 0.018 (0.021)	Loss 0.0371 (0.0298)	MAE 0.146 (0.128)
Epoch: [11][84/114]	Time 0.108 (0.112)	Data 0.020 (0.021)	Loss 0.0239 (0.0297)	MAE 0.128 (0.128)
Epoch: [11][85/114]	Time 0.103 (0.112)	Data 0.016 (0.021)	Loss 0.0193 (0.0296)	MAE 0.113 (0.128)
Epoch: [11][86/114]	Time 0.106 (0.112)	Data 0.018 (0.021)	Loss 0.0176 (0.0294)	MAE 0.102 (0.128)
Epoch: [11][87/114]	Time 0.110 (0.112)	Data 0.020 (0.021)	Loss 0.0449 (0.0296)	MAE 0.167 (0.128)
Epoch: [11][88/114]	Time 0.110 (0.112)	Data 0.022 (0.021)	Loss 0.0296 (0.0296)	MAE 0.140 (0.129)
Epoch: [11][89/114]	Time 0.114 (0.112)	Data 0.020 (0.021)	Loss 0.0222 (0.0295)	MAE 0.114 (0.128)
Epoch: [11][90/114]	Time 0.115 (0.112)	Data 0.018 (0.021)	Loss 0.0275 (0.0295)	MAE 0.133 (0.128)
Epoch: [11][91/114]	Time 0.112 (0.112)	Data 0.015 (0.021)	Loss 0.0357 (0.0296)	MAE 0.150 (0.129)
Epoch: [11][92/114]	Time 0.116 (0.112)	Data 0.028 (0.021)	Loss 0.0233 (0.0295)	MAE 0.124 (0.129)
Epoch: [11][93/114]	Time 0.110 (0.112)	Data 0.018 (0.021)	Loss 0.0534 (0.0298)	MAE 0.207 (0.129)
Epoch: [11][94/114]	Time 0.121 (0.112)	Data 0.030 (0.021)	Loss 0.0276 (0.0297)	MAE 0.132 (0.129)
Epoch: [11][95/114]	Time 0.111 (0.112)	Data 0.019 (0.021)	Loss 0.0243 (0.0297)	MAE 0.124 (0.129)
Epoch: [11][96/114]	Time 0.107 (0.112)	Data 0.020 (0.021)	Loss 0.0250 (0.0296)	MAE 0.127 (0.129)
Epoch: [11][97/114]	Time 0.114 (0.112)	Data 0.018 (0.021)	Loss 0.0246 (0.0296)	MAE 0.121 (0.129)
Epoch: [11][98/114]	Time 0.107 (0.112)	Data 0.018 (0.021)	Loss 0.0361 (0.0297)	MAE 0.150 (0.130)
Epoch: [11][99/114]	Time 0.118 (0.112)	Data 0.022 (0.021)	Loss 0.0210 (0.0296)	MAE 0.114 (0.129)
Epoch: [11][100/114]	Time 0.117 (0.112)	Data 0.023 (0.021)	Loss 0.0239 (0.0295)	MAE 0.114 (0.129)
Epoch: [11][101/114]	Time 0.102 (0.112)	Data 0.013 (0.021)	Loss 0.0353 (0.0296)	MAE 0.152 (0.129)
Epoch: [11][102/114]	Time 0.112 (0.112)	Data 0.020 (0.021)	Loss 0.0212 (0.0295)	MAE 0.117 (0.129)
Epoch: [11][103/114]	Time 0.104 (0.112)	Data 0.013 (0.021)	Loss 0.0268 (0.0295)	MAE 0.130 (0.129)
Epoch: [11][104/114]	Time 0.107 (0.112)	Data 0.018 (0.021)	Loss 0.0252 (0.0294)	MAE 0.136 (0.129)
Epoch: [11][105/114]	Time 0.102 (0.112)	Data 0.014 (0.021)	Loss 0.0258 (0.0294)	MAE 0.112 (0.129)
Epoch: [11][106/114]	Time 0.107 (0.112)	Data 0.021 (0.021)	Loss 0.0203 (0.0293)	MAE 0.112 (0.129)
Epoch: [11][107/114]	Time 0.103 (0.112)	Data 0.014 (0.021)	Loss 0.0209 (0.0292)	MAE 0.121 (0.129)
Epoch: [11][108/114]	Time 0.111 (0.112)	Data 0.021 (0.021)	Loss 0.0335 (0.0293)	MAE 0.141 (0.129)
Epoch: [11][109/114]	Time 0.109 (0.112)	Data 0.021 (0.021)	Loss 0.0158 (0.0291)	MAE 0.096 (0.129)
Epoch: [11][110/114]	Time 0.121 (0.112)	Data 0.032 (0.021)	Loss 0.0240 (0.0291)	MAE 0.122 (0.129)
Epoch: [11][111/114]	Time 0.127 (0.112)	Data 0.026 (0.021)	Loss 0.0260 (0.0291)	MAE 0.111 (0.129)
Epoch: [11][112/114]	Time 0.125 (0.112)	Data 0.034 (0.021)	Loss 0.0129 (0.0289)	MAE 0.091 (0.128)
Epoch: [11][113/114]	Time 0.090 (0.112)	Data 0.027 (0.021)	Loss 0.0181 (0.0289)	MAE 0.095 (0.128)
Test: [0/15]	Time 0.063 (0.063)	Loss 0.0229 (0.0229)	MAE 0.100 (0.100)
Test: [1/15]	Time 0.053 (0.058)	Loss 0.0225 (0.0227)	MAE 0.097 (0.099)
Test: [2/15]	Time 0.049 (0.055)	Loss 0.0134 (0.0196)	MAE 0.086 (0.095)
Test: [3/15]	Time 0.044 (0.052)	Loss 0.0238 (0.0207)	MAE 0.094 (0.094)
Test: [4/15]	Time 0.050 (0.052)	Loss 0.0221 (0.0210)	MAE 0.104 (0.096)
Test: [5/15]	Time 0.053 (0.052)	Loss 0.0291 (0.0223)	MAE 0.109 (0.098)
Test: [6/15]	Time 0.049 (0.052)	Loss 0.0261 (0.0229)	MAE 0.100 (0.099)
Test: [7/15]	Time 0.040 (0.050)	Loss 0.0219 (0.0227)	MAE 0.103 (0.099)
Test: [8/15]	Time 0.056 (0.051)	Loss 0.0130 (0.0217)	MAE 0.088 (0.098)
Test: [9/15]	Time 0.047 (0.050)	Loss 0.0216 (0.0217)	MAE 0.095 (0.098)
Test: [10/15]	Time 0.049 (0.050)	Loss 0.0145 (0.0210)	MAE 0.088 (0.097)
Test: [11/15]	Time 0.047 (0.050)	Loss 0.0272 (0.0215)	MAE 0.105 (0.098)
Test: [12/15]	Time 0.050 (0.050)	Loss 0.0244 (0.0217)	MAE 0.095 (0.097)
Test: [13/15]	Time 0.050 (0.050)	Loss 0.0209 (0.0217)	MAE 0.093 (0.097)
Test: [14/15]	Time 0.017 (0.048)	Loss 0.0279 (0.0218)	MAE 0.091 (0.097)
 * MAE 0.097
Epoch: [12][0/114]	Time 0.145 (0.145)	Data 0.060 (0.060)	Loss 0.0146 (0.0146)	MAE 0.092 (0.092)
Epoch: [12][1/114]	Time 0.111 (0.128)	Data 0.020 (0.040)	Loss 0.0160 (0.0153)	MAE 0.106 (0.099)
Epoch: [12][2/114]	Time 0.109 (0.122)	Data 0.017 (0.032)	Loss 0.0213 (0.0173)	MAE 0.100 (0.099)
Epoch: [12][3/114]	Time 0.111 (0.119)	Data 0.016 (0.028)	Loss 0.0154 (0.0169)	MAE 0.098 (0.099)
Epoch: [12][4/114]	Time 0.111 (0.118)	Data 0.025 (0.028)	Loss 0.0287 (0.0192)	MAE 0.123 (0.104)
Epoch: [12][5/114]	Time 0.105 (0.116)	Data 0.016 (0.026)	Loss 0.0271 (0.0205)	MAE 0.140 (0.110)
Epoch: [12][6/114]	Time 0.110 (0.115)	Data 0.021 (0.025)	Loss 0.0208 (0.0206)	MAE 0.109 (0.110)
Epoch: [12][7/114]	Time 0.113 (0.115)	Data 0.018 (0.024)	Loss 0.0176 (0.0202)	MAE 0.097 (0.108)
Epoch: [12][8/114]	Time 0.115 (0.115)	Data 0.026 (0.024)	Loss 0.0272 (0.0210)	MAE 0.125 (0.110)
Epoch: [12][9/114]	Time 0.104 (0.114)	Data 0.013 (0.023)	Loss 0.0160 (0.0205)	MAE 0.097 (0.109)
Epoch: [12][10/114]	Time 0.120 (0.114)	Data 0.026 (0.024)	Loss 0.0307 (0.0214)	MAE 0.130 (0.111)
Epoch: [12][11/114]	Time 0.110 (0.114)	Data 0.024 (0.024)	Loss 0.0220 (0.0215)	MAE 0.111 (0.111)
Epoch: [12][12/114]	Time 0.128 (0.115)	Data 0.035 (0.024)	Loss 0.0249 (0.0217)	MAE 0.120 (0.111)
Epoch: [12][13/114]	Time 0.128 (0.116)	Data 0.031 (0.025)	Loss 0.0270 (0.0221)	MAE 0.139 (0.113)
Epoch: [12][14/114]	Time 0.109 (0.115)	Data 0.019 (0.025)	Loss 0.0208 (0.0220)	MAE 0.118 (0.114)
Epoch: [12][15/114]	Time 0.107 (0.115)	Data 0.015 (0.024)	Loss 0.0479 (0.0236)	MAE 0.183 (0.118)
Epoch: [12][16/114]	Time 0.124 (0.115)	Data 0.027 (0.024)	Loss 0.0186 (0.0233)	MAE 0.110 (0.118)
Epoch: [12][17/114]	Time 0.111 (0.115)	Data 0.019 (0.024)	Loss 0.0253 (0.0235)	MAE 0.121 (0.118)
Epoch: [12][18/114]	Time 0.115 (0.115)	Data 0.024 (0.024)	Loss 0.0195 (0.0232)	MAE 0.099 (0.117)
Epoch: [12][19/114]	Time 0.107 (0.115)	Data 0.015 (0.023)	Loss 0.0197 (0.0231)	MAE 0.101 (0.116)
Epoch: [12][20/114]	Time 0.110 (0.115)	Data 0.022 (0.023)	Loss 0.0297 (0.0234)	MAE 0.144 (0.117)
Epoch: [12][21/114]	Time 0.109 (0.114)	Data 0.018 (0.023)	Loss 0.0227 (0.0233)	MAE 0.127 (0.118)
Epoch: [12][22/114]	Time 0.110 (0.114)	Data 0.020 (0.023)	Loss 0.0292 (0.0236)	MAE 0.127 (0.118)
Epoch: [12][23/114]	Time 0.110 (0.114)	Data 0.019 (0.023)	Loss 0.0278 (0.0238)	MAE 0.144 (0.119)
Epoch: [12][24/114]	Time 0.111 (0.114)	Data 0.020 (0.023)	Loss 0.0262 (0.0239)	MAE 0.122 (0.119)
Epoch: [12][25/114]	Time 0.108 (0.114)	Data 0.020 (0.023)	Loss 0.0193 (0.0237)	MAE 0.108 (0.119)
Epoch: [12][26/114]	Time 0.106 (0.113)	Data 0.021 (0.023)	Loss 0.0365 (0.0242)	MAE 0.144 (0.120)
Epoch: [12][27/114]	Time 0.112 (0.113)	Data 0.022 (0.023)	Loss 0.0722 (0.0259)	MAE 0.236 (0.124)
Epoch: [12][28/114]	Time 0.111 (0.113)	Data 0.021 (0.022)	Loss 0.0206 (0.0257)	MAE 0.103 (0.123)
Epoch: [12][29/114]	Time 0.111 (0.113)	Data 0.019 (0.022)	Loss 0.0388 (0.0261)	MAE 0.117 (0.123)
Epoch: [12][30/114]	Time 0.133 (0.114)	Data 0.033 (0.023)	Loss 0.0283 (0.0262)	MAE 0.139 (0.124)
Epoch: [12][31/114]	Time 0.110 (0.114)	Data 0.014 (0.022)	Loss 0.0205 (0.0260)	MAE 0.117 (0.123)
Epoch: [12][32/114]	Time 0.117 (0.114)	Data 0.024 (0.022)	Loss 0.0256 (0.0260)	MAE 0.129 (0.124)
Epoch: [12][33/114]	Time 0.119 (0.114)	Data 0.028 (0.023)	Loss 0.0221 (0.0259)	MAE 0.122 (0.124)
Epoch: [12][34/114]	Time 0.110 (0.114)	Data 0.016 (0.022)	Loss 0.0156 (0.0256)	MAE 0.100 (0.123)
Epoch: [12][35/114]	Time 0.108 (0.114)	Data 0.014 (0.022)	Loss 0.0277 (0.0257)	MAE 0.128 (0.123)
Epoch: [12][36/114]	Time 0.120 (0.114)	Data 0.023 (0.022)	Loss 0.0211 (0.0255)	MAE 0.112 (0.123)
Epoch: [12][37/114]	Time 0.112 (0.114)	Data 0.018 (0.022)	Loss 0.0353 (0.0258)	MAE 0.156 (0.124)
Epoch: [12][38/114]	Time 0.111 (0.114)	Data 0.020 (0.022)	Loss 0.0212 (0.0257)	MAE 0.109 (0.123)
Epoch: [12][39/114]	Time 0.107 (0.114)	Data 0.017 (0.022)	Loss 0.0267 (0.0257)	MAE 0.118 (0.123)
Epoch: [12][40/114]	Time 0.112 (0.114)	Data 0.022 (0.022)	Loss 0.0332 (0.0259)	MAE 0.149 (0.124)
Epoch: [12][41/114]	Time 0.111 (0.113)	Data 0.017 (0.022)	Loss 0.0272 (0.0259)	MAE 0.130 (0.124)
Epoch: [12][42/114]	Time 0.110 (0.113)	Data 0.021 (0.022)	Loss 0.1076 (0.0278)	MAE 0.149 (0.124)
Epoch: [12][43/114]	Time 0.106 (0.113)	Data 0.016 (0.022)	Loss 0.0142 (0.0275)	MAE 0.095 (0.124)
Epoch: [12][44/114]	Time 0.111 (0.113)	Data 0.022 (0.022)	Loss 0.0304 (0.0276)	MAE 0.142 (0.124)
Epoch: [12][45/114]	Time 0.121 (0.113)	Data 0.029 (0.022)	Loss 0.0356 (0.0278)	MAE 0.163 (0.125)
Epoch: [12][46/114]	Time 0.119 (0.113)	Data 0.024 (0.022)	Loss 0.0280 (0.0278)	MAE 0.121 (0.125)
Epoch: [12][47/114]	Time 0.113 (0.113)	Data 0.019 (0.022)	Loss 0.0307 (0.0278)	MAE 0.152 (0.125)
Epoch: [12][48/114]	Time 0.114 (0.113)	Data 0.019 (0.022)	Loss 0.0262 (0.0278)	MAE 0.113 (0.125)
Epoch: [12][49/114]	Time 0.116 (0.114)	Data 0.017 (0.022)	Loss 0.0276 (0.0278)	MAE 0.131 (0.125)
Epoch: [12][50/114]	Time 0.117 (0.114)	Data 0.023 (0.022)	Loss 0.0199 (0.0276)	MAE 0.115 (0.125)
Epoch: [12][51/114]	Time 0.108 (0.113)	Data 0.015 (0.022)	Loss 0.0215 (0.0275)	MAE 0.101 (0.125)
Epoch: [12][52/114]	Time 0.124 (0.114)	Data 0.028 (0.022)	Loss 0.0208 (0.0274)	MAE 0.118 (0.125)
Epoch: [12][53/114]	Time 0.101 (0.113)	Data 0.013 (0.022)	Loss 0.0329 (0.0275)	MAE 0.161 (0.125)
Epoch: [12][54/114]	Time 0.114 (0.113)	Data 0.019 (0.021)	Loss 0.0598 (0.0281)	MAE 0.168 (0.126)
Epoch: [12][55/114]	Time 0.112 (0.113)	Data 0.021 (0.021)	Loss 0.0229 (0.0280)	MAE 0.124 (0.126)
Epoch: [12][56/114]	Time 0.118 (0.114)	Data 0.023 (0.022)	Loss 0.0469 (0.0283)	MAE 0.130 (0.126)
Epoch: [12][57/114]	Time 0.116 (0.114)	Data 0.028 (0.022)	Loss 0.0236 (0.0282)	MAE 0.112 (0.126)
Epoch: [12][58/114]	Time 0.108 (0.113)	Data 0.018 (0.022)	Loss 0.0335 (0.0283)	MAE 0.130 (0.126)
Epoch: [12][59/114]	Time 0.107 (0.113)	Data 0.019 (0.022)	Loss 0.0143 (0.0281)	MAE 0.094 (0.125)
Epoch: [12][60/114]	Time 0.111 (0.113)	Data 0.022 (0.022)	Loss 0.0196 (0.0280)	MAE 0.103 (0.125)
Epoch: [12][61/114]	Time 0.108 (0.113)	Data 0.015 (0.021)	Loss 0.0258 (0.0279)	MAE 0.112 (0.125)
Epoch: [12][62/114]	Time 0.104 (0.113)	Data 0.019 (0.021)	Loss 0.0251 (0.0279)	MAE 0.133 (0.125)
Epoch: [12][63/114]	Time 0.104 (0.113)	Data 0.016 (0.021)	Loss 0.0159 (0.0277)	MAE 0.096 (0.124)
Epoch: [12][64/114]	Time 0.107 (0.113)	Data 0.019 (0.021)	Loss 0.0632 (0.0282)	MAE 0.229 (0.126)
Epoch: [12][65/114]	Time 0.104 (0.113)	Data 0.015 (0.021)	Loss 0.0174 (0.0281)	MAE 0.095 (0.126)
Epoch: [12][66/114]	Time 0.115 (0.113)	Data 0.021 (0.021)	Loss 0.0146 (0.0279)	MAE 0.094 (0.125)
Epoch: [12][67/114]	Time 0.109 (0.113)	Data 0.017 (0.021)	Loss 0.0277 (0.0279)	MAE 0.111 (0.125)
Epoch: [12][68/114]	Time 0.121 (0.113)	Data 0.023 (0.021)	Loss 0.0626 (0.0284)	MAE 0.230 (0.126)
Epoch: [12][69/114]	Time 0.125 (0.113)	Data 0.026 (0.021)	Loss 0.0203 (0.0283)	MAE 0.103 (0.126)
Epoch: [12][70/114]	Time 0.122 (0.113)	Data 0.025 (0.021)	Loss 0.0559 (0.0286)	MAE 0.207 (0.127)
Epoch: [12][71/114]	Time 0.121 (0.113)	Data 0.031 (0.021)	Loss 0.0314 (0.0287)	MAE 0.141 (0.127)
Epoch: [12][72/114]	Time 0.108 (0.113)	Data 0.018 (0.021)	Loss 0.0304 (0.0287)	MAE 0.146 (0.128)
Epoch: [12][73/114]	Time 0.105 (0.113)	Data 0.015 (0.021)	Loss 0.0555 (0.0291)	MAE 0.206 (0.129)
Epoch: [12][74/114]	Time 0.114 (0.113)	Data 0.022 (0.021)	Loss 0.0561 (0.0294)	MAE 0.218 (0.130)
Epoch: [12][75/114]	Time 0.109 (0.113)	Data 0.019 (0.021)	Loss 0.0221 (0.0293)	MAE 0.102 (0.130)
Epoch: [12][76/114]	Time 0.120 (0.113)	Data 0.025 (0.021)	Loss 0.0279 (0.0293)	MAE 0.139 (0.130)
Epoch: [12][77/114]	Time 0.112 (0.113)	Data 0.013 (0.021)	Loss 0.0185 (0.0292)	MAE 0.098 (0.129)
Epoch: [12][78/114]	Time 0.109 (0.113)	Data 0.017 (0.021)	Loss 0.0134 (0.0290)	MAE 0.088 (0.129)
Epoch: [12][79/114]	Time 0.106 (0.113)	Data 0.016 (0.021)	Loss 0.0336 (0.0290)	MAE 0.134 (0.129)
Epoch: [12][80/114]	Time 0.111 (0.113)	Data 0.021 (0.021)	Loss 0.0428 (0.0292)	MAE 0.168 (0.129)
Epoch: [12][81/114]	Time 0.105 (0.113)	Data 0.015 (0.021)	Loss 0.1114 (0.0302)	MAE 0.147 (0.130)
Epoch: [12][82/114]	Time 0.107 (0.113)	Data 0.020 (0.021)	Loss 0.0225 (0.0301)	MAE 0.103 (0.129)
Epoch: [12][83/114]	Time 0.103 (0.113)	Data 0.013 (0.021)	Loss 0.0283 (0.0301)	MAE 0.131 (0.129)
Epoch: [12][84/114]	Time 0.103 (0.113)	Data 0.019 (0.021)	Loss 0.0152 (0.0299)	MAE 0.093 (0.129)
Epoch: [12][85/114]	Time 0.103 (0.112)	Data 0.015 (0.021)	Loss 0.0274 (0.0299)	MAE 0.133 (0.129)
Epoch: [12][86/114]	Time 0.107 (0.112)	Data 0.020 (0.021)	Loss 0.0363 (0.0300)	MAE 0.154 (0.129)
Epoch: [12][87/114]	Time 0.110 (0.112)	Data 0.017 (0.021)	Loss 0.0266 (0.0299)	MAE 0.130 (0.129)
Epoch: [12][88/114]	Time 0.116 (0.112)	Data 0.021 (0.021)	Loss 0.0237 (0.0299)	MAE 0.110 (0.129)
Epoch: [12][89/114]	Time 0.107 (0.112)	Data 0.016 (0.021)	Loss 0.0238 (0.0298)	MAE 0.100 (0.129)
Epoch: [12][90/114]	Time 0.111 (0.112)	Data 0.018 (0.021)	Loss 0.0263 (0.0297)	MAE 0.130 (0.129)
Epoch: [12][91/114]	Time 0.119 (0.112)	Data 0.026 (0.021)	Loss 0.0167 (0.0296)	MAE 0.103 (0.128)
Epoch: [12][92/114]	Time 0.124 (0.112)	Data 0.026 (0.021)	Loss 0.0212 (0.0295)	MAE 0.110 (0.128)
Epoch: [12][93/114]	Time 0.105 (0.112)	Data 0.014 (0.021)	Loss 0.0255 (0.0295)	MAE 0.119 (0.128)
Epoch: [12][94/114]	Time 0.109 (0.112)	Data 0.019 (0.021)	Loss 0.0225 (0.0294)	MAE 0.121 (0.128)
Epoch: [12][95/114]	Time 0.103 (0.112)	Data 0.015 (0.021)	Loss 0.0335 (0.0294)	MAE 0.158 (0.128)
Epoch: [12][96/114]	Time 0.110 (0.112)	Data 0.022 (0.021)	Loss 0.0238 (0.0294)	MAE 0.108 (0.128)
Epoch: [12][97/114]	Time 0.105 (0.112)	Data 0.015 (0.021)	Loss 0.0269 (0.0294)	MAE 0.107 (0.128)
Epoch: [12][98/114]	Time 0.105 (0.112)	Data 0.019 (0.021)	Loss 0.0281 (0.0293)	MAE 0.134 (0.128)
Epoch: [12][99/114]	Time 0.106 (0.112)	Data 0.016 (0.021)	Loss 0.0301 (0.0294)	MAE 0.146 (0.128)
Epoch: [12][100/114]	Time 0.117 (0.112)	Data 0.025 (0.021)	Loss 0.0180 (0.0292)	MAE 0.100 (0.128)
Epoch: [12][101/114]	Time 0.104 (0.112)	Data 0.015 (0.021)	Loss 0.0143 (0.0291)	MAE 0.093 (0.128)
Epoch: [12][102/114]	Time 0.114 (0.112)	Data 0.023 (0.021)	Loss 0.0259 (0.0291)	MAE 0.132 (0.128)
Epoch: [12][103/114]	Time 0.103 (0.112)	Data 0.018 (0.021)	Loss 0.0217 (0.0290)	MAE 0.116 (0.127)
Epoch: [12][104/114]	Time 0.119 (0.112)	Data 0.023 (0.021)	Loss 0.0250 (0.0290)	MAE 0.125 (0.127)
Epoch: [12][105/114]	Time 0.108 (0.112)	Data 0.016 (0.021)	Loss 0.0265 (0.0289)	MAE 0.121 (0.127)
Epoch: [12][106/114]	Time 0.109 (0.112)	Data 0.020 (0.020)	Loss 0.0142 (0.0288)	MAE 0.091 (0.127)
Epoch: [12][107/114]	Time 0.107 (0.112)	Data 0.017 (0.020)	Loss 0.0253 (0.0288)	MAE 0.104 (0.127)
Epoch: [12][108/114]	Time 0.111 (0.112)	Data 0.022 (0.020)	Loss 0.0273 (0.0287)	MAE 0.126 (0.127)
Epoch: [12][109/114]	Time 0.109 (0.112)	Data 0.019 (0.020)	Loss 0.0410 (0.0289)	MAE 0.175 (0.127)
Epoch: [12][110/114]	Time 0.118 (0.112)	Data 0.026 (0.021)	Loss 0.0296 (0.0289)	MAE 0.108 (0.127)
Epoch: [12][111/114]	Time 0.119 (0.112)	Data 0.018 (0.020)	Loss 0.0230 (0.0288)	MAE 0.105 (0.127)
Epoch: [12][112/114]	Time 0.151 (0.112)	Data 0.060 (0.021)	Loss 0.0188 (0.0287)	MAE 0.105 (0.127)
Epoch: [12][113/114]	Time 0.090 (0.112)	Data 0.028 (0.021)	Loss 0.0201 (0.0287)	MAE 0.107 (0.127)
Test: [0/15]	Time 0.051 (0.051)	Loss 0.0169 (0.0169)	MAE 0.095 (0.095)
Test: [1/15]	Time 0.050 (0.051)	Loss 0.0208 (0.0188)	MAE 0.105 (0.100)
Test: [2/15]	Time 0.041 (0.047)	Loss 0.0237 (0.0204)	MAE 0.109 (0.103)
Test: [3/15]	Time 0.053 (0.049)	Loss 0.0227 (0.0210)	MAE 0.108 (0.104)
Test: [4/15]	Time 0.053 (0.050)	Loss 0.0164 (0.0201)	MAE 0.099 (0.103)
Test: [5/15]	Time 0.048 (0.049)	Loss 0.0217 (0.0204)	MAE 0.107 (0.104)
Test: [6/15]	Time 0.053 (0.050)	Loss 0.0271 (0.0213)	MAE 0.112 (0.105)
Test: [7/15]	Time 0.044 (0.049)	Loss 0.0224 (0.0215)	MAE 0.101 (0.104)
Test: [8/15]	Time 0.045 (0.049)	Loss 0.0216 (0.0215)	MAE 0.102 (0.104)
Test: [9/15]	Time 0.041 (0.048)	Loss 0.0283 (0.0221)	MAE 0.118 (0.106)
Test: [10/15]	Time 0.045 (0.048)	Loss 0.0213 (0.0221)	MAE 0.106 (0.106)
Test: [11/15]	Time 0.046 (0.048)	Loss 0.0197 (0.0219)	MAE 0.101 (0.105)
Test: [12/15]	Time 0.051 (0.048)	Loss 0.0223 (0.0219)	MAE 0.106 (0.105)
Test: [13/15]	Time 0.048 (0.048)	Loss 0.0168 (0.0215)	MAE 0.100 (0.105)
Test: [14/15]	Time 0.014 (0.046)	Loss 0.0119 (0.0214)	MAE 0.089 (0.105)
 * MAE 0.105
Epoch: [13][0/114]	Time 0.149 (0.149)	Data 0.058 (0.058)	Loss 0.0240 (0.0240)	MAE 0.110 (0.110)
Epoch: [13][1/114]	Time 0.111 (0.130)	Data 0.017 (0.037)	Loss 0.0700 (0.0470)	MAE 0.246 (0.178)
Epoch: [13][2/114]	Time 0.109 (0.123)	Data 0.021 (0.032)	Loss 0.0208 (0.0383)	MAE 0.117 (0.158)
Epoch: [13][3/114]	Time 0.115 (0.121)	Data 0.022 (0.029)	Loss 0.0252 (0.0350)	MAE 0.123 (0.149)
Epoch: [13][4/114]	Time 0.110 (0.119)	Data 0.018 (0.027)	Loss 0.0546 (0.0389)	MAE 0.207 (0.161)
Epoch: [13][5/114]	Time 0.110 (0.117)	Data 0.019 (0.026)	Loss 0.0202 (0.0358)	MAE 0.110 (0.152)
Epoch: [13][6/114]	Time 0.101 (0.115)	Data 0.017 (0.025)	Loss 0.0337 (0.0355)	MAE 0.147 (0.152)
Epoch: [13][7/114]	Time 0.108 (0.114)	Data 0.021 (0.024)	Loss 0.0172 (0.0332)	MAE 0.096 (0.145)
Epoch: [13][8/114]	Time 0.107 (0.113)	Data 0.016 (0.023)	Loss 0.0154 (0.0313)	MAE 0.097 (0.139)
Epoch: [13][9/114]	Time 0.111 (0.113)	Data 0.019 (0.023)	Loss 0.0285 (0.0310)	MAE 0.135 (0.139)
Epoch: [13][10/114]	Time 0.112 (0.113)	Data 0.021 (0.023)	Loss 0.0320 (0.0311)	MAE 0.155 (0.140)
Epoch: [13][11/114]	Time 0.114 (0.113)	Data 0.019 (0.022)	Loss 0.0330 (0.0312)	MAE 0.156 (0.142)
Epoch: [13][12/114]	Time 0.108 (0.113)	Data 0.014 (0.022)	Loss 0.0179 (0.0302)	MAE 0.101 (0.139)
Epoch: [13][13/114]	Time 0.113 (0.113)	Data 0.020 (0.022)	Loss 0.0299 (0.0302)	MAE 0.127 (0.138)
Epoch: [13][14/114]	Time 0.105 (0.112)	Data 0.014 (0.021)	Loss 0.0380 (0.0307)	MAE 0.168 (0.140)
Epoch: [13][15/114]	Time 0.121 (0.113)	Data 0.021 (0.021)	Loss 0.0307 (0.0307)	MAE 0.136 (0.140)
Epoch: [13][16/114]	Time 0.116 (0.113)	Data 0.025 (0.021)	Loss 0.0250 (0.0304)	MAE 0.122 (0.138)
Epoch: [13][17/114]	Time 0.112 (0.113)	Data 0.020 (0.021)	Loss 0.0165 (0.0296)	MAE 0.096 (0.136)
Epoch: [13][18/114]	Time 0.111 (0.113)	Data 0.019 (0.021)	Loss 0.0186 (0.0290)	MAE 0.106 (0.135)
Epoch: [13][19/114]	Time 0.109 (0.113)	Data 0.020 (0.021)	Loss 0.0210 (0.0286)	MAE 0.105 (0.133)
Epoch: [13][20/114]	Time 0.104 (0.112)	Data 0.016 (0.021)	Loss 0.0442 (0.0294)	MAE 0.185 (0.136)
Epoch: [13][21/114]	Time 0.109 (0.112)	Data 0.022 (0.021)	Loss 0.0231 (0.0291)	MAE 0.123 (0.135)
Epoch: [13][22/114]	Time 0.102 (0.112)	Data 0.014 (0.021)	Loss 0.0163 (0.0285)	MAE 0.105 (0.134)
Epoch: [13][23/114]	Time 0.112 (0.112)	Data 0.021 (0.021)	Loss 0.0137 (0.0279)	MAE 0.088 (0.132)
Epoch: [13][24/114]	Time 0.108 (0.111)	Data 0.017 (0.020)	Loss 0.0185 (0.0275)	MAE 0.107 (0.131)
Epoch: [13][25/114]	Time 0.114 (0.112)	Data 0.022 (0.021)	Loss 0.0250 (0.0274)	MAE 0.115 (0.130)
Epoch: [13][26/114]	Time 0.104 (0.111)	Data 0.016 (0.020)	Loss 0.0175 (0.0271)	MAE 0.107 (0.129)
Epoch: [13][27/114]	Time 0.110 (0.111)	Data 0.023 (0.020)	Loss 0.0176 (0.0267)	MAE 0.099 (0.128)
Epoch: [13][28/114]	Time 0.109 (0.111)	Data 0.019 (0.020)	Loss 0.0187 (0.0264)	MAE 0.106 (0.127)
Epoch: [13][29/114]	Time 0.120 (0.111)	Data 0.026 (0.021)	Loss 0.0241 (0.0264)	MAE 0.121 (0.127)
Epoch: [13][30/114]	Time 0.105 (0.111)	Data 0.014 (0.020)	Loss 0.0172 (0.0261)	MAE 0.092 (0.126)
Epoch: [13][31/114]	Time 0.128 (0.112)	Data 0.035 (0.021)	Loss 0.0127 (0.0257)	MAE 0.092 (0.125)
Epoch: [13][32/114]	Time 0.117 (0.112)	Data 0.016 (0.021)	Loss 0.0442 (0.0262)	MAE 0.193 (0.127)
Epoch: [13][33/114]	Time 0.114 (0.112)	Data 0.022 (0.021)	Loss 0.0174 (0.0260)	MAE 0.103 (0.126)
Epoch: [13][34/114]	Time 0.112 (0.112)	Data 0.021 (0.021)	Loss 0.0235 (0.0259)	MAE 0.106 (0.126)
Epoch: [13][35/114]	Time 0.121 (0.112)	Data 0.026 (0.021)	Loss 0.0352 (0.0261)	MAE 0.165 (0.127)
Epoch: [13][36/114]	Time 0.106 (0.112)	Data 0.019 (0.021)	Loss 0.0164 (0.0259)	MAE 0.094 (0.126)
Epoch: [13][37/114]	Time 0.112 (0.112)	Data 0.020 (0.021)	Loss 0.0273 (0.0259)	MAE 0.134 (0.126)
Epoch: [13][38/114]	Time 0.103 (0.112)	Data 0.015 (0.021)	Loss 0.0199 (0.0258)	MAE 0.109 (0.126)
Epoch: [13][39/114]	Time 0.110 (0.112)	Data 0.022 (0.021)	Loss 0.0176 (0.0256)	MAE 0.096 (0.125)
Epoch: [13][40/114]	Time 0.114 (0.112)	Data 0.022 (0.021)	Loss 0.0296 (0.0257)	MAE 0.133 (0.125)
Epoch: [13][41/114]	Time 0.109 (0.112)	Data 0.018 (0.021)	Loss 0.0203 (0.0255)	MAE 0.099 (0.125)
Epoch: [13][42/114]	Time 0.107 (0.112)	Data 0.017 (0.021)	Loss 0.0233 (0.0255)	MAE 0.124 (0.125)
Epoch: [13][43/114]	Time 0.114 (0.112)	Data 0.023 (0.021)	Loss 0.0213 (0.0254)	MAE 0.120 (0.125)
Epoch: [13][44/114]	Time 0.104 (0.112)	Data 0.017 (0.021)	Loss 0.0176 (0.0252)	MAE 0.110 (0.124)
Epoch: [13][45/114]	Time 0.117 (0.112)	Data 0.024 (0.021)	Loss 0.0472 (0.0257)	MAE 0.188 (0.126)
Epoch: [13][46/114]	Time 0.105 (0.111)	Data 0.016 (0.021)	Loss 0.0164 (0.0255)	MAE 0.092 (0.125)
Epoch: [13][47/114]	Time 0.113 (0.112)	Data 0.022 (0.021)	Loss 0.0194 (0.0254)	MAE 0.115 (0.125)
Epoch: [13][48/114]	Time 0.122 (0.112)	Data 0.026 (0.021)	Loss 0.0151 (0.0252)	MAE 0.097 (0.124)
Epoch: [13][49/114]	Time 0.118 (0.112)	Data 0.030 (0.021)	Loss 0.0210 (0.0251)	MAE 0.109 (0.124)
Epoch: [13][50/114]	Time 0.114 (0.112)	Data 0.019 (0.021)	Loss 0.0201 (0.0250)	MAE 0.098 (0.123)
Epoch: [13][51/114]	Time 0.109 (0.112)	Data 0.018 (0.021)	Loss 0.0163 (0.0248)	MAE 0.097 (0.123)
Epoch: [13][52/114]	Time 0.117 (0.112)	Data 0.020 (0.021)	Loss 0.0579 (0.0254)	MAE 0.207 (0.124)
Epoch: [13][53/114]	Time 0.118 (0.112)	Data 0.025 (0.021)	Loss 0.0240 (0.0254)	MAE 0.128 (0.124)
Epoch: [13][54/114]	Time 0.120 (0.112)	Data 0.020 (0.021)	Loss 0.0266 (0.0254)	MAE 0.139 (0.125)
Epoch: [13][55/114]	Time 0.112 (0.112)	Data 0.021 (0.021)	Loss 0.0184 (0.0253)	MAE 0.109 (0.124)
Epoch: [13][56/114]	Time 0.111 (0.112)	Data 0.019 (0.021)	Loss 0.0382 (0.0255)	MAE 0.175 (0.125)
Epoch: [13][57/114]	Time 0.106 (0.112)	Data 0.019 (0.021)	Loss 0.0200 (0.0254)	MAE 0.102 (0.125)
Epoch: [13][58/114]	Time 0.106 (0.112)	Data 0.013 (0.021)	Loss 0.0292 (0.0255)	MAE 0.125 (0.125)
Epoch: [13][59/114]	Time 0.111 (0.112)	Data 0.019 (0.021)	Loss 0.0452 (0.0258)	MAE 0.144 (0.125)
Epoch: [13][60/114]	Time 0.104 (0.112)	Data 0.014 (0.020)	Loss 0.0229 (0.0258)	MAE 0.124 (0.125)
Epoch: [13][61/114]	Time 0.105 (0.112)	Data 0.017 (0.020)	Loss 0.0264 (0.0258)	MAE 0.104 (0.125)
Epoch: [13][62/114]	Time 0.110 (0.112)	Data 0.022 (0.020)	Loss 0.0385 (0.0260)	MAE 0.174 (0.126)
Epoch: [13][63/114]	Time 0.114 (0.112)	Data 0.023 (0.021)	Loss 0.0279 (0.0260)	MAE 0.132 (0.126)
Epoch: [13][64/114]	Time 0.106 (0.112)	Data 0.016 (0.020)	Loss 0.0296 (0.0261)	MAE 0.143 (0.126)
Epoch: [13][65/114]	Time 0.114 (0.112)	Data 0.025 (0.021)	Loss 0.0205 (0.0260)	MAE 0.112 (0.126)
Epoch: [13][66/114]	Time 0.109 (0.112)	Data 0.018 (0.020)	Loss 0.0211 (0.0259)	MAE 0.113 (0.126)
Epoch: [13][67/114]	Time 0.113 (0.112)	Data 0.020 (0.020)	Loss 0.0221 (0.0259)	MAE 0.107 (0.125)
Epoch: [13][68/114]	Time 0.108 (0.112)	Data 0.017 (0.020)	Loss 0.0291 (0.0259)	MAE 0.137 (0.126)
Epoch: [13][69/114]	Time 0.120 (0.112)	Data 0.029 (0.021)	Loss 0.0167 (0.0258)	MAE 0.095 (0.125)
Epoch: [13][70/114]	Time 0.112 (0.112)	Data 0.018 (0.021)	Loss 0.0293 (0.0258)	MAE 0.126 (0.125)
Epoch: [13][71/114]	Time 0.118 (0.112)	Data 0.021 (0.021)	Loss 0.0228 (0.0258)	MAE 0.125 (0.125)
Epoch: [13][72/114]	Time 0.106 (0.112)	Data 0.014 (0.020)	Loss 0.0344 (0.0259)	MAE 0.154 (0.126)
Epoch: [13][73/114]	Time 0.114 (0.112)	Data 0.023 (0.020)	Loss 0.0164 (0.0258)	MAE 0.104 (0.125)
Epoch: [13][74/114]	Time 0.111 (0.112)	Data 0.015 (0.020)	Loss 0.0200 (0.0257)	MAE 0.105 (0.125)
Epoch: [13][75/114]	Time 0.107 (0.112)	Data 0.019 (0.020)	Loss 0.0238 (0.0257)	MAE 0.122 (0.125)
Epoch: [13][76/114]	Time 0.104 (0.112)	Data 0.015 (0.020)	Loss 0.0257 (0.0257)	MAE 0.110 (0.125)
Epoch: [13][77/114]	Time 0.111 (0.112)	Data 0.023 (0.020)	Loss 0.0284 (0.0257)	MAE 0.131 (0.125)
Epoch: [13][78/114]	Time 0.104 (0.111)	Data 0.017 (0.020)	Loss 0.0187 (0.0256)	MAE 0.101 (0.125)
Epoch: [13][79/114]	Time 0.103 (0.111)	Data 0.017 (0.020)	Loss 0.0171 (0.0255)	MAE 0.100 (0.124)
Epoch: [13][80/114]	Time 0.116 (0.111)	Data 0.022 (0.020)	Loss 0.0242 (0.0255)	MAE 0.123 (0.124)
Epoch: [13][81/114]	Time 0.109 (0.111)	Data 0.017 (0.020)	Loss 0.0218 (0.0255)	MAE 0.107 (0.124)
Epoch: [13][82/114]	Time 0.108 (0.111)	Data 0.018 (0.020)	Loss 0.0215 (0.0254)	MAE 0.114 (0.124)
Epoch: [13][83/114]	Time 0.107 (0.111)	Data 0.020 (0.020)	Loss 0.1309 (0.0267)	MAE 0.254 (0.125)
Epoch: [13][84/114]	Time 0.108 (0.111)	Data 0.018 (0.020)	Loss 0.0307 (0.0267)	MAE 0.147 (0.126)
Epoch: [13][85/114]	Time 0.107 (0.111)	Data 0.020 (0.020)	Loss 0.0182 (0.0266)	MAE 0.100 (0.125)
Epoch: [13][86/114]	Time 0.102 (0.111)	Data 0.013 (0.020)	Loss 0.0214 (0.0265)	MAE 0.106 (0.125)
Epoch: [13][87/114]	Time 0.108 (0.111)	Data 0.020 (0.020)	Loss 0.0213 (0.0265)	MAE 0.110 (0.125)
Epoch: [13][88/114]	Time 0.111 (0.111)	Data 0.022 (0.020)	Loss 0.0167 (0.0264)	MAE 0.099 (0.125)
Epoch: [13][89/114]	Time 0.110 (0.111)	Data 0.019 (0.020)	Loss 0.0272 (0.0264)	MAE 0.121 (0.125)
Epoch: [13][90/114]	Time 0.113 (0.111)	Data 0.021 (0.020)	Loss 0.0359 (0.0265)	MAE 0.107 (0.124)
Epoch: [13][91/114]	Time 0.119 (0.111)	Data 0.026 (0.020)	Loss 0.0271 (0.0265)	MAE 0.118 (0.124)
Epoch: [13][92/114]	Time 0.116 (0.111)	Data 0.023 (0.020)	Loss 0.0159 (0.0264)	MAE 0.095 (0.124)
Epoch: [13][93/114]	Time 0.120 (0.111)	Data 0.028 (0.020)	Loss 0.0210 (0.0263)	MAE 0.118 (0.124)
Epoch: [13][94/114]	Time 0.117 (0.111)	Data 0.020 (0.020)	Loss 0.0339 (0.0264)	MAE 0.154 (0.124)
Epoch: [13][95/114]	Time 0.117 (0.111)	Data 0.019 (0.020)	Loss 0.0171 (0.0263)	MAE 0.095 (0.124)
Epoch: [13][96/114]	Time 0.103 (0.111)	Data 0.017 (0.020)	Loss 0.1063 (0.0271)	MAE 0.131 (0.124)
Epoch: [13][97/114]	Time 0.105 (0.111)	Data 0.016 (0.020)	Loss 0.0224 (0.0271)	MAE 0.106 (0.124)
Epoch: [13][98/114]	Time 0.104 (0.111)	Data 0.015 (0.020)	Loss 0.0264 (0.0271)	MAE 0.137 (0.124)
Epoch: [13][99/114]	Time 0.109 (0.111)	Data 0.022 (0.020)	Loss 0.0179 (0.0270)	MAE 0.110 (0.124)
Epoch: [13][100/114]	Time 0.102 (0.111)	Data 0.012 (0.020)	Loss 0.0246 (0.0270)	MAE 0.113 (0.124)
Epoch: [13][101/114]	Time 0.115 (0.111)	Data 0.020 (0.020)	Loss 0.0218 (0.0269)	MAE 0.107 (0.124)
Epoch: [13][102/114]	Time 0.109 (0.111)	Data 0.015 (0.020)	Loss 0.0272 (0.0269)	MAE 0.145 (0.124)
Epoch: [13][103/114]	Time 0.107 (0.111)	Data 0.020 (0.020)	Loss 0.0130 (0.0268)	MAE 0.088 (0.123)
Epoch: [13][104/114]	Time 0.104 (0.111)	Data 0.015 (0.020)	Loss 0.0307 (0.0268)	MAE 0.128 (0.124)
Epoch: [13][105/114]	Time 0.112 (0.111)	Data 0.023 (0.020)	Loss 0.0237 (0.0268)	MAE 0.119 (0.123)
Epoch: [13][106/114]	Time 0.107 (0.111)	Data 0.016 (0.020)	Loss 0.0206 (0.0267)	MAE 0.104 (0.123)
Epoch: [13][107/114]	Time 0.113 (0.111)	Data 0.024 (0.020)	Loss 0.0126 (0.0266)	MAE 0.090 (0.123)
Epoch: [13][108/114]	Time 0.114 (0.111)	Data 0.021 (0.020)	Loss 0.0254 (0.0266)	MAE 0.128 (0.123)
Epoch: [13][109/114]	Time 0.108 (0.111)	Data 0.018 (0.020)	Loss 0.0349 (0.0267)	MAE 0.136 (0.123)
Epoch: [13][110/114]	Time 0.115 (0.111)	Data 0.025 (0.020)	Loss 0.0459 (0.0268)	MAE 0.188 (0.124)
Epoch: [13][111/114]	Time 0.124 (0.111)	Data 0.025 (0.020)	Loss 0.0269 (0.0268)	MAE 0.101 (0.124)
Epoch: [13][112/114]	Time 0.115 (0.111)	Data 0.024 (0.020)	Loss 0.0377 (0.0269)	MAE 0.168 (0.124)
Epoch: [13][113/114]	Time 0.087 (0.111)	Data 0.024 (0.020)	Loss 0.0178 (0.0269)	MAE 0.108 (0.124)
Test: [0/15]	Time 0.056 (0.056)	Loss 0.0178 (0.0178)	MAE 0.100 (0.100)
Test: [1/15]	Time 0.046 (0.051)	Loss 0.0206 (0.0192)	MAE 0.100 (0.100)
Test: [2/15]	Time 0.052 (0.051)	Loss 0.0189 (0.0191)	MAE 0.095 (0.098)
Test: [3/15]	Time 0.045 (0.050)	Loss 0.0189 (0.0191)	MAE 0.096 (0.098)
Test: [4/15]	Time 0.047 (0.049)	Loss 0.0176 (0.0188)	MAE 0.098 (0.098)
Test: [5/15]	Time 0.044 (0.048)	Loss 0.0239 (0.0196)	MAE 0.104 (0.099)
Test: [6/15]	Time 0.042 (0.047)	Loss 0.0254 (0.0204)	MAE 0.107 (0.100)
Test: [7/15]	Time 0.047 (0.047)	Loss 0.0183 (0.0202)	MAE 0.090 (0.099)
Test: [8/15]	Time 0.039 (0.047)	Loss 0.0235 (0.0205)	MAE 0.115 (0.100)
Test: [9/15]	Time 0.045 (0.046)	Loss 0.0181 (0.0203)	MAE 0.097 (0.100)
Test: [10/15]	Time 0.047 (0.046)	Loss 0.0159 (0.0199)	MAE 0.089 (0.099)
Test: [11/15]	Time 0.054 (0.047)	Loss 0.0231 (0.0202)	MAE 0.109 (0.100)
Test: [12/15]	Time 0.041 (0.047)	Loss 0.0292 (0.0209)	MAE 0.105 (0.100)
Test: [13/15]	Time 0.046 (0.047)	Loss 0.0184 (0.0207)	MAE 0.099 (0.100)
Test: [14/15]	Time 0.017 (0.045)	Loss 0.0253 (0.0208)	MAE 0.104 (0.100)
 * MAE 0.100
Epoch: [14][0/114]	Time 0.149 (0.149)	Data 0.061 (0.061)	Loss 0.0209 (0.0209)	MAE 0.114 (0.114)
Epoch: [14][1/114]	Time 0.104 (0.127)	Data 0.014 (0.038)	Loss 0.0216 (0.0212)	MAE 0.121 (0.117)
Epoch: [14][2/114]	Time 0.106 (0.120)	Data 0.016 (0.030)	Loss 0.0186 (0.0203)	MAE 0.105 (0.113)
Epoch: [14][3/114]	Time 0.108 (0.117)	Data 0.019 (0.028)	Loss 0.0211 (0.0205)	MAE 0.110 (0.112)
Epoch: [14][4/114]	Time 0.107 (0.115)	Data 0.019 (0.026)	Loss 0.0152 (0.0195)	MAE 0.090 (0.108)
Epoch: [14][5/114]	Time 0.107 (0.113)	Data 0.015 (0.024)	Loss 0.0951 (0.0321)	MAE 0.107 (0.108)
Epoch: [14][6/114]	Time 0.107 (0.113)	Data 0.017 (0.023)	Loss 0.0135 (0.0294)	MAE 0.090 (0.105)
Epoch: [14][7/114]	Time 0.110 (0.112)	Data 0.018 (0.022)	Loss 0.0382 (0.0305)	MAE 0.172 (0.114)
Epoch: [14][8/114]	Time 0.116 (0.113)	Data 0.027 (0.023)	Loss 0.0141 (0.0287)	MAE 0.095 (0.112)
Epoch: [14][9/114]	Time 0.121 (0.113)	Data 0.025 (0.023)	Loss 0.0203 (0.0279)	MAE 0.105 (0.111)
Epoch: [14][10/114]	Time 0.114 (0.113)	Data 0.020 (0.023)	Loss 0.0303 (0.0281)	MAE 0.146 (0.114)
Epoch: [14][11/114]	Time 0.113 (0.113)	Data 0.022 (0.023)	Loss 0.0363 (0.0288)	MAE 0.165 (0.118)
Epoch: [14][12/114]	Time 0.103 (0.113)	Data 0.014 (0.022)	Loss 0.0158 (0.0278)	MAE 0.100 (0.117)
Epoch: [14][13/114]	Time 0.118 (0.113)	Data 0.025 (0.022)	Loss 0.0198 (0.0272)	MAE 0.107 (0.116)
Epoch: [14][14/114]	Time 0.111 (0.113)	Data 0.014 (0.022)	Loss 0.0150 (0.0264)	MAE 0.101 (0.115)
Epoch: [14][15/114]	Time 0.115 (0.113)	Data 0.025 (0.022)	Loss 0.0144 (0.0256)	MAE 0.089 (0.114)
Epoch: [14][16/114]	Time 0.103 (0.112)	Data 0.016 (0.022)	Loss 0.0264 (0.0257)	MAE 0.122 (0.114)
Epoch: [14][17/114]	Time 0.106 (0.112)	Data 0.019 (0.021)	Loss 0.0388 (0.0264)	MAE 0.133 (0.115)
Epoch: [14][18/114]	Time 0.110 (0.112)	Data 0.019 (0.021)	Loss 0.0292 (0.0266)	MAE 0.138 (0.116)
Epoch: [14][19/114]	Time 0.109 (0.112)	Data 0.019 (0.021)	Loss 0.0264 (0.0266)	MAE 0.135 (0.117)
Epoch: [14][20/114]	Time 0.115 (0.112)	Data 0.018 (0.021)	Loss 0.0149 (0.0260)	MAE 0.099 (0.116)
Epoch: [14][21/114]	Time 0.109 (0.112)	Data 0.017 (0.021)	Loss 0.0130 (0.0254)	MAE 0.097 (0.116)
Epoch: [14][22/114]	Time 0.107 (0.112)	Data 0.016 (0.021)	Loss 0.0434 (0.0262)	MAE 0.183 (0.118)
Epoch: [14][23/114]	Time 0.108 (0.111)	Data 0.019 (0.021)	Loss 0.0211 (0.0260)	MAE 0.124 (0.119)
Epoch: [14][24/114]	Time 0.106 (0.111)	Data 0.019 (0.021)	Loss 0.0220 (0.0258)	MAE 0.119 (0.119)
Epoch: [14][25/114]	Time 0.111 (0.111)	Data 0.020 (0.021)	Loss 0.0182 (0.0255)	MAE 0.098 (0.118)
Epoch: [14][26/114]	Time 0.111 (0.111)	Data 0.022 (0.021)	Loss 0.0274 (0.0256)	MAE 0.121 (0.118)
Epoch: [14][27/114]	Time 0.111 (0.111)	Data 0.018 (0.021)	Loss 0.0157 (0.0252)	MAE 0.091 (0.117)
Epoch: [14][28/114]	Time 0.117 (0.111)	Data 0.027 (0.021)	Loss 0.0546 (0.0263)	MAE 0.141 (0.118)
Epoch: [14][29/114]	Time 0.119 (0.112)	Data 0.025 (0.021)	Loss 0.0172 (0.0259)	MAE 0.099 (0.117)
Epoch: [14][30/114]	Time 0.113 (0.112)	Data 0.022 (0.021)	Loss 0.0150 (0.0256)	MAE 0.089 (0.116)
Epoch: [14][31/114]	Time 0.119 (0.112)	Data 0.026 (0.021)	Loss 0.0264 (0.0256)	MAE 0.132 (0.117)
Epoch: [14][32/114]	Time 0.136 (0.113)	Data 0.042 (0.022)	Loss 0.0218 (0.0255)	MAE 0.117 (0.117)
Epoch: [14][33/114]	Time 0.119 (0.113)	Data 0.025 (0.022)	Loss 0.0346 (0.0258)	MAE 0.168 (0.118)
Epoch: [14][34/114]	Time 0.118 (0.113)	Data 0.023 (0.022)	Loss 0.1038 (0.0280)	MAE 0.154 (0.119)
Epoch: [14][35/114]	Time 0.106 (0.113)	Data 0.014 (0.022)	Loss 0.0243 (0.0279)	MAE 0.113 (0.119)
Epoch: [14][36/114]	Time 0.107 (0.113)	Data 0.017 (0.021)	Loss 0.0161 (0.0276)	MAE 0.092 (0.118)
Epoch: [14][37/114]	Time 0.104 (0.112)	Data 0.019 (0.021)	Loss 0.0403 (0.0279)	MAE 0.167 (0.120)
Epoch: [14][38/114]	Time 0.107 (0.112)	Data 0.017 (0.021)	Loss 0.0164 (0.0276)	MAE 0.101 (0.119)
Epoch: [14][39/114]	Time 0.106 (0.112)	Data 0.018 (0.021)	Loss 0.0186 (0.0274)	MAE 0.105 (0.119)
Epoch: [14][40/114]	Time 0.108 (0.112)	Data 0.018 (0.021)	Loss 0.0257 (0.0274)	MAE 0.135 (0.119)
Epoch: [14][41/114]	Time 0.109 (0.112)	Data 0.017 (0.021)	Loss 0.0210 (0.0272)	MAE 0.113 (0.119)
Epoch: [14][42/114]	Time 0.112 (0.112)	Data 0.018 (0.021)	Loss 0.0280 (0.0272)	MAE 0.143 (0.120)
Epoch: [14][43/114]	Time 0.101 (0.112)	Data 0.014 (0.021)	Loss 0.0188 (0.0270)	MAE 0.106 (0.119)
Epoch: [14][44/114]	Time 0.112 (0.112)	Data 0.019 (0.021)	Loss 0.0263 (0.0270)	MAE 0.111 (0.119)
Epoch: [14][45/114]	Time 0.105 (0.112)	Data 0.017 (0.021)	Loss 0.0172 (0.0268)	MAE 0.103 (0.119)
Epoch: [14][46/114]	Time 0.110 (0.112)	Data 0.022 (0.021)	Loss 0.0300 (0.0269)	MAE 0.131 (0.119)
Epoch: [14][47/114]	Time 0.108 (0.111)	Data 0.016 (0.021)	Loss 0.0267 (0.0269)	MAE 0.130 (0.119)
Epoch: [14][48/114]	Time 0.117 (0.112)	Data 0.024 (0.021)	Loss 0.0192 (0.0267)	MAE 0.113 (0.119)
Epoch: [14][49/114]	Time 0.111 (0.112)	Data 0.021 (0.021)	Loss 0.0315 (0.0268)	MAE 0.121 (0.119)
Epoch: [14][50/114]	Time 0.117 (0.112)	Data 0.023 (0.021)	Loss 0.0129 (0.0265)	MAE 0.091 (0.119)
Epoch: [14][51/114]	Time 0.110 (0.112)	Data 0.016 (0.021)	Loss 0.0261 (0.0265)	MAE 0.119 (0.119)
Epoch: [14][52/114]	Time 0.135 (0.112)	Data 0.037 (0.021)	Loss 0.0287 (0.0266)	MAE 0.140 (0.119)
Epoch: [14][53/114]	Time 0.112 (0.112)	Data 0.023 (0.021)	Loss 0.0202 (0.0264)	MAE 0.113 (0.119)
Epoch: [14][54/114]	Time 0.107 (0.112)	Data 0.019 (0.021)	Loss 0.0191 (0.0263)	MAE 0.108 (0.119)
Epoch: [14][55/114]	Time 0.105 (0.112)	Data 0.020 (0.021)	Loss 0.0185 (0.0262)	MAE 0.097 (0.118)
Epoch: [14][56/114]	Time 0.116 (0.112)	Data 0.023 (0.021)	Loss 0.0202 (0.0261)	MAE 0.103 (0.118)
Epoch: [14][57/114]	Time 0.103 (0.112)	Data 0.017 (0.021)	Loss 0.0199 (0.0260)	MAE 0.114 (0.118)
Epoch: [14][58/114]	Time 0.115 (0.112)	Data 0.024 (0.021)	Loss 0.0136 (0.0258)	MAE 0.084 (0.117)
Epoch: [14][59/114]	Time 0.112 (0.112)	Data 0.018 (0.021)	Loss 0.0172 (0.0256)	MAE 0.106 (0.117)
Epoch: [14][60/114]	Time 0.102 (0.112)	Data 0.017 (0.021)	Loss 0.0159 (0.0255)	MAE 0.097 (0.117)
Epoch: [14][61/114]	Time 0.105 (0.112)	Data 0.017 (0.021)	Loss 0.0181 (0.0253)	MAE 0.109 (0.117)
Epoch: [14][62/114]	Time 0.152 (0.112)	Data 0.061 (0.021)	Loss 0.0173 (0.0252)	MAE 0.096 (0.116)
Epoch: [14][63/114]	Time 0.109 (0.112)	Data 0.016 (0.021)	Loss 0.0248 (0.0252)	MAE 0.130 (0.117)
Epoch: [14][64/114]	Time 0.118 (0.112)	Data 0.024 (0.021)	Loss 0.0418 (0.0255)	MAE 0.123 (0.117)
Epoch: [14][65/114]	Time 0.103 (0.112)	Data 0.014 (0.021)	Loss 0.0210 (0.0254)	MAE 0.112 (0.117)
Epoch: [14][66/114]	Time 0.113 (0.112)	Data 0.024 (0.021)	Loss 0.0165 (0.0253)	MAE 0.102 (0.116)
Epoch: [14][67/114]	Time 0.108 (0.112)	Data 0.019 (0.021)	Loss 0.0219 (0.0252)	MAE 0.102 (0.116)
Epoch: [14][68/114]	Time 0.108 (0.112)	Data 0.020 (0.021)	Loss 0.0173 (0.0251)	MAE 0.099 (0.116)
Epoch: [14][69/114]	Time 0.114 (0.112)	Data 0.020 (0.021)	Loss 0.0239 (0.0251)	MAE 0.124 (0.116)
Epoch: [14][70/114]	Time 0.111 (0.112)	Data 0.018 (0.021)	Loss 0.0189 (0.0250)	MAE 0.103 (0.116)
Epoch: [14][71/114]	Time 0.114 (0.112)	Data 0.017 (0.021)	Loss 0.0457 (0.0253)	MAE 0.181 (0.117)
Epoch: [14][72/114]	Time 0.127 (0.112)	Data 0.031 (0.021)	Loss 0.0191 (0.0252)	MAE 0.114 (0.117)
Epoch: [14][73/114]	Time 0.106 (0.112)	Data 0.015 (0.021)	Loss 0.0238 (0.0252)	MAE 0.131 (0.117)
Epoch: [14][74/114]	Time 0.110 (0.112)	Data 0.019 (0.021)	Loss 0.0172 (0.0251)	MAE 0.099 (0.117)
Epoch: [14][75/114]	Time 0.107 (0.112)	Data 0.015 (0.021)	Loss 0.0344 (0.0252)	MAE 0.157 (0.117)
Epoch: [14][76/114]	Time 0.109 (0.112)	Data 0.018 (0.021)	Loss 0.0145 (0.0251)	MAE 0.098 (0.117)
Epoch: [14][77/114]	Time 0.110 (0.112)	Data 0.020 (0.021)	Loss 0.0152 (0.0249)	MAE 0.094 (0.117)
Epoch: [14][78/114]	Time 0.110 (0.112)	Data 0.022 (0.021)	Loss 0.0386 (0.0251)	MAE 0.144 (0.117)
Epoch: [14][79/114]	Time 0.111 (0.112)	Data 0.018 (0.021)	Loss 0.0138 (0.0250)	MAE 0.088 (0.117)
Epoch: [14][80/114]	Time 0.112 (0.112)	Data 0.021 (0.021)	Loss 0.0193 (0.0249)	MAE 0.111 (0.117)
Epoch: [14][81/114]	Time 0.106 (0.112)	Data 0.018 (0.021)	Loss 0.0163 (0.0248)	MAE 0.091 (0.116)
Epoch: [14][82/114]	Time 0.106 (0.112)	Data 0.023 (0.021)	Loss 0.0149 (0.0247)	MAE 0.090 (0.116)
Epoch: [14][83/114]	Time 0.104 (0.112)	Data 0.014 (0.021)	Loss 0.0239 (0.0247)	MAE 0.118 (0.116)
Epoch: [14][84/114]	Time 0.117 (0.112)	Data 0.021 (0.021)	Loss 0.0185 (0.0246)	MAE 0.104 (0.116)
Epoch: [14][85/114]	Time 0.107 (0.112)	Data 0.015 (0.021)	Loss 0.0246 (0.0246)	MAE 0.129 (0.116)
Epoch: [14][86/114]	Time 0.106 (0.112)	Data 0.018 (0.021)	Loss 0.0347 (0.0247)	MAE 0.151 (0.116)
Epoch: [14][87/114]	Time 0.110 (0.112)	Data 0.021 (0.021)	Loss 0.0177 (0.0246)	MAE 0.102 (0.116)
Epoch: [14][88/114]	Time 0.119 (0.112)	Data 0.025 (0.021)	Loss 0.0213 (0.0246)	MAE 0.104 (0.116)
Epoch: [14][89/114]	Time 0.107 (0.112)	Data 0.017 (0.021)	Loss 0.0167 (0.0245)	MAE 0.097 (0.116)
Epoch: [14][90/114]	Time 0.114 (0.112)	Data 0.021 (0.021)	Loss 0.0354 (0.0246)	MAE 0.152 (0.116)
Epoch: [14][91/114]	Time 0.119 (0.112)	Data 0.021 (0.021)	Loss 0.0382 (0.0248)	MAE 0.164 (0.117)
Epoch: [14][92/114]	Time 0.120 (0.112)	Data 0.029 (0.021)	Loss 0.0174 (0.0247)	MAE 0.093 (0.117)
Epoch: [14][93/114]	Time 0.110 (0.112)	Data 0.021 (0.021)	Loss 0.0162 (0.0246)	MAE 0.102 (0.116)
Epoch: [14][94/114]	Time 0.108 (0.112)	Data 0.020 (0.021)	Loss 0.0144 (0.0245)	MAE 0.085 (0.116)
Epoch: [14][95/114]	Time 0.110 (0.112)	Data 0.019 (0.021)	Loss 0.0156 (0.0244)	MAE 0.098 (0.116)
Epoch: [14][96/114]	Time 0.114 (0.112)	Data 0.024 (0.021)	Loss 0.0273 (0.0244)	MAE 0.135 (0.116)
Epoch: [14][97/114]	Time 0.109 (0.112)	Data 0.018 (0.021)	Loss 0.0197 (0.0244)	MAE 0.109 (0.116)
Epoch: [14][98/114]	Time 0.124 (0.112)	Data 0.033 (0.021)	Loss 0.0165 (0.0243)	MAE 0.096 (0.116)
Epoch: [14][99/114]	Time 0.109 (0.112)	Data 0.018 (0.021)	Loss 0.0351 (0.0244)	MAE 0.156 (0.116)
Epoch: [14][100/114]	Time 0.111 (0.112)	Data 0.024 (0.021)	Loss 0.1192 (0.0253)	MAE 0.282 (0.118)
Epoch: [14][101/114]	Time 0.111 (0.112)	Data 0.017 (0.021)	Loss 0.0155 (0.0252)	MAE 0.092 (0.118)
Epoch: [14][102/114]	Time 0.108 (0.112)	Data 0.020 (0.021)	Loss 0.0260 (0.0253)	MAE 0.112 (0.118)
Epoch: [14][103/114]	Time 0.105 (0.112)	Data 0.016 (0.021)	Loss 0.0428 (0.0254)	MAE 0.179 (0.118)
Epoch: [14][104/114]	Time 0.118 (0.112)	Data 0.024 (0.021)	Loss 0.0530 (0.0257)	MAE 0.201 (0.119)
Epoch: [14][105/114]	Time 0.108 (0.112)	Data 0.017 (0.021)	Loss 0.0578 (0.0260)	MAE 0.202 (0.120)
Epoch: [14][106/114]	Time 0.113 (0.112)	Data 0.023 (0.021)	Loss 0.0296 (0.0260)	MAE 0.145 (0.120)
Epoch: [14][107/114]	Time 0.118 (0.112)	Data 0.022 (0.021)	Loss 0.0148 (0.0259)	MAE 0.090 (0.120)
Epoch: [14][108/114]	Time 0.118 (0.112)	Data 0.019 (0.021)	Loss 0.0219 (0.0259)	MAE 0.116 (0.120)
Epoch: [14][109/114]	Time 0.115 (0.112)	Data 0.027 (0.021)	Loss 0.0223 (0.0258)	MAE 0.110 (0.120)
Epoch: [14][110/114]	Time 0.110 (0.112)	Data 0.019 (0.021)	Loss 0.0224 (0.0258)	MAE 0.119 (0.120)
Epoch: [14][111/114]	Time 0.127 (0.112)	Data 0.029 (0.021)	Loss 0.0458 (0.0260)	MAE 0.168 (0.120)
Epoch: [14][112/114]	Time 0.120 (0.112)	Data 0.028 (0.021)	Loss 0.0240 (0.0260)	MAE 0.120 (0.120)
Epoch: [14][113/114]	Time 0.090 (0.112)	Data 0.025 (0.021)	Loss 0.0583 (0.0262)	MAE 0.189 (0.120)
Test: [0/15]	Time 0.053 (0.053)	Loss 0.0210 (0.0210)	MAE 0.111 (0.111)
Test: [1/15]	Time 0.042 (0.048)	Loss 0.0220 (0.0215)	MAE 0.113 (0.112)
Test: [2/15]	Time 0.039 (0.045)	Loss 0.0211 (0.0214)	MAE 0.111 (0.112)
Test: [3/15]	Time 0.046 (0.045)	Loss 0.0245 (0.0221)	MAE 0.110 (0.111)
Test: [4/15]	Time 0.048 (0.046)	Loss 0.0279 (0.0233)	MAE 0.119 (0.113)
Test: [5/15]	Time 0.046 (0.046)	Loss 0.0208 (0.0229)	MAE 0.110 (0.112)
Test: [6/15]	Time 0.041 (0.045)	Loss 0.0224 (0.0228)	MAE 0.109 (0.112)
Test: [7/15]	Time 0.041 (0.045)	Loss 0.0190 (0.0223)	MAE 0.103 (0.111)
Test: [8/15]	Time 0.049 (0.045)	Loss 0.0209 (0.0222)	MAE 0.111 (0.111)
Test: [9/15]	Time 0.046 (0.045)	Loss 0.0297 (0.0229)	MAE 0.117 (0.112)
Test: [10/15]	Time 0.044 (0.045)	Loss 0.0202 (0.0227)	MAE 0.109 (0.111)
Test: [11/15]	Time 0.043 (0.045)	Loss 0.0262 (0.0230)	MAE 0.114 (0.112)
Test: [12/15]	Time 0.046 (0.045)	Loss 0.0245 (0.0231)	MAE 0.120 (0.112)
Test: [13/15]	Time 0.040 (0.045)	Loss 0.0193 (0.0228)	MAE 0.113 (0.112)
Test: [14/15]	Time 0.016 (0.043)	Loss 0.0321 (0.0229)	MAE 0.133 (0.113)
 * MAE 0.113
Epoch: [15][0/114]	Time 0.148 (0.148)	Data 0.055 (0.055)	Loss 0.0418 (0.0418)	MAE 0.167 (0.167)
Epoch: [15][1/114]	Time 0.108 (0.128)	Data 0.017 (0.036)	Loss 0.0215 (0.0316)	MAE 0.117 (0.142)
Epoch: [15][2/114]	Time 0.113 (0.123)	Data 0.021 (0.031)	Loss 0.0563 (0.0398)	MAE 0.216 (0.167)
Epoch: [15][3/114]	Time 0.105 (0.118)	Data 0.013 (0.026)	Loss 0.0651 (0.0462)	MAE 0.228 (0.182)
Epoch: [15][4/114]	Time 0.109 (0.117)	Data 0.020 (0.025)	Loss 0.0617 (0.0493)	MAE 0.223 (0.190)
Epoch: [15][5/114]	Time 0.107 (0.115)	Data 0.017 (0.024)	Loss 0.0398 (0.0477)	MAE 0.170 (0.187)
Epoch: [15][6/114]	Time 0.115 (0.115)	Data 0.024 (0.024)	Loss 0.0245 (0.0444)	MAE 0.124 (0.178)
Epoch: [15][7/114]	Time 0.130 (0.117)	Data 0.033 (0.025)	Loss 0.0273 (0.0423)	MAE 0.133 (0.172)
Epoch: [15][8/114]	Time 0.119 (0.117)	Data 0.024 (0.025)	Loss 0.0303 (0.0409)	MAE 0.136 (0.168)
Epoch: [15][9/114]	Time 0.106 (0.116)	Data 0.016 (0.024)	Loss 0.0371 (0.0406)	MAE 0.154 (0.167)
Epoch: [15][10/114]	Time 0.118 (0.116)	Data 0.023 (0.024)	Loss 0.0680 (0.0430)	MAE 0.224 (0.172)
Epoch: [15][11/114]	Time 0.116 (0.116)	Data 0.023 (0.024)	Loss 0.0827 (0.0464)	MAE 0.262 (0.179)
Epoch: [15][12/114]	Time 0.124 (0.117)	Data 0.026 (0.024)	Loss 0.0166 (0.0441)	MAE 0.099 (0.173)
Epoch: [15][13/114]	Time 0.111 (0.116)	Data 0.022 (0.024)	Loss 0.0211 (0.0424)	MAE 0.112 (0.169)
Epoch: [15][14/114]	Time 0.114 (0.116)	Data 0.019 (0.024)	Loss 0.0207 (0.0410)	MAE 0.124 (0.166)
Epoch: [15][15/114]	Time 0.108 (0.116)	Data 0.015 (0.023)	Loss 0.0565 (0.0419)	MAE 0.209 (0.169)
Epoch: [15][16/114]	Time 0.120 (0.116)	Data 0.025 (0.023)	Loss 0.0383 (0.0417)	MAE 0.164 (0.168)
Epoch: [15][17/114]	Time 0.116 (0.116)	Data 0.021 (0.023)	Loss 0.0583 (0.0426)	MAE 0.217 (0.171)
Epoch: [15][18/114]	Time 0.121 (0.116)	Data 0.020 (0.023)	Loss 0.0269 (0.0418)	MAE 0.139 (0.169)
Epoch: [15][19/114]	Time 0.109 (0.116)	Data 0.017 (0.023)	Loss 0.1209 (0.0458)	MAE 0.186 (0.170)
Epoch: [15][20/114]	Time 0.115 (0.116)	Data 0.022 (0.023)	Loss 0.0243 (0.0448)	MAE 0.103 (0.167)
Epoch: [15][21/114]	Time 0.100 (0.115)	Data 0.013 (0.022)	Loss 0.0286 (0.0440)	MAE 0.126 (0.165)
Epoch: [15][22/114]	Time 0.114 (0.115)	Data 0.024 (0.022)	Loss 0.0720 (0.0452)	MAE 0.157 (0.165)
Epoch: [15][23/114]	Time 0.118 (0.115)	Data 0.021 (0.022)	Loss 0.0934 (0.0472)	MAE 0.261 (0.169)
Epoch: [15][24/114]	Time 0.113 (0.115)	Data 0.018 (0.022)	Loss 0.0616 (0.0478)	MAE 0.218 (0.171)
Epoch: [15][25/114]	Time 0.113 (0.115)	Data 0.015 (0.022)	Loss 0.0190 (0.0467)	MAE 0.103 (0.168)
Epoch: [15][26/114]	Time 0.122 (0.115)	Data 0.025 (0.022)	Loss 0.0342 (0.0462)	MAE 0.159 (0.168)
Epoch: [15][27/114]	Time 0.116 (0.115)	Data 0.024 (0.022)	Loss 0.0237 (0.0454)	MAE 0.128 (0.166)
Epoch: [15][28/114]	Time 0.113 (0.115)	Data 0.022 (0.022)	Loss 0.0267 (0.0448)	MAE 0.118 (0.165)
Epoch: [15][29/114]	Time 0.119 (0.115)	Data 0.022 (0.022)	Loss 0.0640 (0.0454)	MAE 0.233 (0.167)
Epoch: [15][30/114]	Time 0.125 (0.116)	Data 0.024 (0.022)	Loss 0.0333 (0.0450)	MAE 0.159 (0.167)
Epoch: [15][31/114]	Time 0.121 (0.116)	Data 0.023 (0.022)	Loss 0.0164 (0.0442)	MAE 0.098 (0.165)
Epoch: [15][32/114]	Time 0.110 (0.116)	Data 0.020 (0.022)	Loss 0.0235 (0.0435)	MAE 0.116 (0.163)
Epoch: [15][33/114]	Time 0.106 (0.115)	Data 0.017 (0.022)	Loss 0.0233 (0.0429)	MAE 0.114 (0.162)
Epoch: [15][34/114]	Time 0.113 (0.115)	Data 0.018 (0.022)	Loss 0.0767 (0.0439)	MAE 0.257 (0.164)
Epoch: [15][35/114]	Time 0.112 (0.115)	Data 0.018 (0.022)	Loss 0.0209 (0.0433)	MAE 0.105 (0.163)
Epoch: [15][36/114]	Time 0.102 (0.115)	Data 0.014 (0.021)	Loss 0.0243 (0.0427)	MAE 0.120 (0.162)
Epoch: [15][37/114]	Time 0.116 (0.115)	Data 0.026 (0.022)	Loss 0.0243 (0.0423)	MAE 0.128 (0.161)
Epoch: [15][38/114]	Time 0.109 (0.115)	Data 0.020 (0.021)	Loss 0.0164 (0.0416)	MAE 0.103 (0.159)
Epoch: [15][39/114]	Time 0.113 (0.115)	Data 0.021 (0.021)	Loss 0.0308 (0.0413)	MAE 0.138 (0.159)
Epoch: [15][40/114]	Time 0.120 (0.115)	Data 0.022 (0.021)	Loss 0.0280 (0.0410)	MAE 0.144 (0.158)
Epoch: [15][41/114]	Time 0.111 (0.115)	Data 0.015 (0.021)	Loss 0.1049 (0.0425)	MAE 0.187 (0.159)
Epoch: [15][42/114]	Time 0.111 (0.115)	Data 0.018 (0.021)	Loss 0.0271 (0.0422)	MAE 0.147 (0.159)
Epoch: [15][43/114]	Time 0.107 (0.114)	Data 0.021 (0.021)	Loss 0.0577 (0.0425)	MAE 0.206 (0.160)
Epoch: [15][44/114]	Time 0.109 (0.114)	Data 0.015 (0.021)	Loss 0.0272 (0.0422)	MAE 0.128 (0.159)
Epoch: [15][45/114]	Time 0.118 (0.114)	Data 0.028 (0.021)	Loss 0.0381 (0.0421)	MAE 0.161 (0.159)
Epoch: [15][46/114]	Time 0.112 (0.114)	Data 0.024 (0.021)	Loss 0.0321 (0.0419)	MAE 0.142 (0.159)
Epoch: [15][47/114]	Time 0.124 (0.115)	Data 0.032 (0.022)	Loss 0.0215 (0.0415)	MAE 0.114 (0.158)
Epoch: [15][48/114]	Time 0.116 (0.115)	Data 0.019 (0.021)	Loss 0.0336 (0.0413)	MAE 0.149 (0.158)
Epoch: [15][49/114]	Time 0.114 (0.115)	Data 0.024 (0.022)	Loss 0.0411 (0.0413)	MAE 0.158 (0.158)
Epoch: [15][50/114]	Time 0.120 (0.115)	Data 0.025 (0.022)	Loss 0.0280 (0.0410)	MAE 0.130 (0.157)
Epoch: [15][51/114]	Time 0.114 (0.115)	Data 0.021 (0.022)	Loss 0.0168 (0.0406)	MAE 0.097 (0.156)
Epoch: [15][52/114]	Time 0.102 (0.114)	Data 0.022 (0.022)	Loss 0.0372 (0.0405)	MAE 0.157 (0.156)
Epoch: [15][53/114]	Time 0.104 (0.114)	Data 0.018 (0.022)	Loss 0.0515 (0.0407)	MAE 0.205 (0.157)
Epoch: [15][54/114]	Time 0.105 (0.114)	Data 0.016 (0.021)	Loss 0.0369 (0.0406)	MAE 0.170 (0.157)
Epoch: [15][55/114]	Time 0.119 (0.114)	Data 0.021 (0.021)	Loss 0.0275 (0.0404)	MAE 0.106 (0.156)
Epoch: [15][56/114]	Time 0.107 (0.114)	Data 0.019 (0.021)	Loss 0.0305 (0.0402)	MAE 0.125 (0.156)
Epoch: [15][57/114]	Time 0.107 (0.114)	Data 0.021 (0.021)	Loss 0.0487 (0.0404)	MAE 0.176 (0.156)
Epoch: [15][58/114]	Time 0.105 (0.114)	Data 0.017 (0.021)	Loss 0.0444 (0.0404)	MAE 0.173 (0.156)
Epoch: [15][59/114]	Time 0.105 (0.114)	Data 0.019 (0.021)	Loss 0.0467 (0.0405)	MAE 0.143 (0.156)
Epoch: [15][60/114]	Time 0.107 (0.114)	Data 0.018 (0.021)	Loss 0.0166 (0.0402)	MAE 0.100 (0.155)
Epoch: [15][61/114]	Time 0.113 (0.114)	Data 0.023 (0.021)	Loss 0.0162 (0.0398)	MAE 0.096 (0.154)
Epoch: [15][62/114]	Time 0.109 (0.113)	Data 0.020 (0.021)	Loss 0.0165 (0.0394)	MAE 0.100 (0.153)
Epoch: [15][63/114]	Time 0.116 (0.113)	Data 0.022 (0.021)	Loss 0.0305 (0.0393)	MAE 0.148 (0.153)
Epoch: [15][64/114]	Time 0.113 (0.113)	Data 0.016 (0.021)	Loss 0.0259 (0.0391)	MAE 0.130 (0.153)
Epoch: [15][65/114]	Time 0.123 (0.114)	Data 0.024 (0.021)	Loss 0.0229 (0.0388)	MAE 0.118 (0.152)
Epoch: [15][66/114]	Time 0.112 (0.114)	Data 0.018 (0.021)	Loss 0.0193 (0.0385)	MAE 0.107 (0.152)
Epoch: [15][67/114]	Time 0.115 (0.114)	Data 0.020 (0.021)	Loss 0.0249 (0.0383)	MAE 0.124 (0.151)
Epoch: [15][68/114]	Time 0.110 (0.114)	Data 0.021 (0.021)	Loss 0.0133 (0.0380)	MAE 0.085 (0.150)
Epoch: [15][69/114]	Time 0.121 (0.114)	Data 0.027 (0.021)	Loss 0.0175 (0.0377)	MAE 0.094 (0.150)
Epoch: [15][70/114]	Time 0.125 (0.114)	Data 0.028 (0.021)	Loss 0.0276 (0.0375)	MAE 0.140 (0.149)
Epoch: [15][71/114]	Time 0.120 (0.114)	Data 0.025 (0.021)	Loss 0.0116 (0.0372)	MAE 0.088 (0.149)
Epoch: [15][72/114]	Time 0.114 (0.114)	Data 0.022 (0.021)	Loss 0.0256 (0.0370)	MAE 0.134 (0.148)
Epoch: [15][73/114]	Time 0.109 (0.114)	Data 0.017 (0.021)	Loss 0.0247 (0.0368)	MAE 0.124 (0.148)
Epoch: [15][74/114]	Time 0.107 (0.114)	Data 0.016 (0.021)	Loss 0.0283 (0.0367)	MAE 0.127 (0.148)
Epoch: [15][75/114]	Time 0.115 (0.114)	Data 0.022 (0.021)	Loss 0.0184 (0.0365)	MAE 0.105 (0.147)
Epoch: [15][76/114]	Time 0.107 (0.114)	Data 0.017 (0.021)	Loss 0.0230 (0.0363)	MAE 0.100 (0.147)
Epoch: [15][77/114]	Time 0.107 (0.114)	Data 0.022 (0.021)	Loss 0.0247 (0.0362)	MAE 0.104 (0.146)
Epoch: [15][78/114]	Time 0.114 (0.114)	Data 0.021 (0.021)	Loss 0.0234 (0.0360)	MAE 0.124 (0.146)
Epoch: [15][79/114]	Time 0.108 (0.114)	Data 0.018 (0.021)	Loss 0.0187 (0.0358)	MAE 0.106 (0.145)
Epoch: [15][80/114]	Time 0.109 (0.113)	Data 0.020 (0.021)	Loss 0.0188 (0.0356)	MAE 0.114 (0.145)
Epoch: [15][81/114]	Time 0.110 (0.113)	Data 0.020 (0.021)	Loss 0.0358 (0.0356)	MAE 0.158 (0.145)
Epoch: [15][82/114]	Time 0.106 (0.113)	Data 0.014 (0.021)	Loss 0.0291 (0.0355)	MAE 0.124 (0.145)
Epoch: [15][83/114]	Time 0.112 (0.113)	Data 0.023 (0.021)	Loss 0.0341 (0.0355)	MAE 0.162 (0.145)
Epoch: [15][84/114]	Time 0.106 (0.113)	Data 0.019 (0.021)	Loss 0.0108 (0.0352)	MAE 0.079 (0.144)
Epoch: [15][85/114]	Time 0.116 (0.113)	Data 0.027 (0.021)	Loss 0.0234 (0.0350)	MAE 0.119 (0.144)
Epoch: [15][86/114]	Time 0.107 (0.113)	Data 0.018 (0.021)	Loss 0.0573 (0.0353)	MAE 0.203 (0.145)
Epoch: [15][87/114]	Time 0.107 (0.113)	Data 0.019 (0.021)	Loss 0.0298 (0.0352)	MAE 0.133 (0.145)
Epoch: [15][88/114]	Time 0.112 (0.113)	Data 0.020 (0.021)	Loss 0.0266 (0.0351)	MAE 0.107 (0.144)
Epoch: [15][89/114]	Time 0.113 (0.113)	Data 0.020 (0.021)	Loss 0.0225 (0.0350)	MAE 0.123 (0.144)
Epoch: [15][90/114]	Time 0.130 (0.113)	Data 0.033 (0.021)	Loss 0.0146 (0.0348)	MAE 0.095 (0.143)
Epoch: [15][91/114]	Time 0.119 (0.113)	Data 0.030 (0.021)	Loss 0.0267 (0.0347)	MAE 0.133 (0.143)
Epoch: [15][92/114]	Time 0.108 (0.113)	Data 0.014 (0.021)	Loss 0.0394 (0.0347)	MAE 0.166 (0.143)
Epoch: [15][93/114]	Time 0.112 (0.113)	Data 0.020 (0.021)	Loss 0.0185 (0.0346)	MAE 0.106 (0.143)
Epoch: [15][94/114]	Time 0.106 (0.113)	Data 0.014 (0.021)	Loss 0.0194 (0.0344)	MAE 0.112 (0.143)
Epoch: [15][95/114]	Time 0.105 (0.113)	Data 0.018 (0.021)	Loss 0.0289 (0.0344)	MAE 0.146 (0.143)
Epoch: [15][96/114]	Time 0.107 (0.113)	Data 0.016 (0.021)	Loss 0.0192 (0.0342)	MAE 0.104 (0.142)
Epoch: [15][97/114]	Time 0.135 (0.113)	Data 0.042 (0.021)	Loss 0.0148 (0.0340)	MAE 0.097 (0.142)
Epoch: [15][98/114]	Time 0.103 (0.113)	Data 0.015 (0.021)	Loss 0.0173 (0.0338)	MAE 0.107 (0.142)
Epoch: [15][99/114]	Time 0.110 (0.113)	Data 0.023 (0.021)	Loss 0.0191 (0.0337)	MAE 0.104 (0.141)
Epoch: [15][100/114]	Time 0.108 (0.113)	Data 0.018 (0.021)	Loss 0.0153 (0.0335)	MAE 0.094 (0.141)
Epoch: [15][101/114]	Time 0.113 (0.113)	Data 0.024 (0.021)	Loss 0.0194 (0.0334)	MAE 0.109 (0.140)
Epoch: [15][102/114]	Time 0.109 (0.113)	Data 0.021 (0.021)	Loss 0.0209 (0.0332)	MAE 0.114 (0.140)
Epoch: [15][103/114]	Time 0.111 (0.113)	Data 0.020 (0.021)	Loss 0.0305 (0.0332)	MAE 0.138 (0.140)
Epoch: [15][104/114]	Time 0.105 (0.113)	Data 0.015 (0.021)	Loss 0.0188 (0.0331)	MAE 0.103 (0.140)
Epoch: [15][105/114]	Time 0.126 (0.113)	Data 0.025 (0.021)	Loss 0.0341 (0.0331)	MAE 0.152 (0.140)
Epoch: [15][106/114]	Time 0.113 (0.113)	Data 0.023 (0.021)	Loss 0.0137 (0.0329)	MAE 0.090 (0.139)
Epoch: [15][107/114]	Time 0.105 (0.113)	Data 0.018 (0.021)	Loss 0.0277 (0.0329)	MAE 0.119 (0.139)
Epoch: [15][108/114]	Time 0.113 (0.113)	Data 0.022 (0.021)	Loss 0.0370 (0.0329)	MAE 0.160 (0.139)
Epoch: [15][109/114]	Time 0.105 (0.113)	Data 0.014 (0.021)	Loss 0.0257 (0.0328)	MAE 0.129 (0.139)
Epoch: [15][110/114]	Time 0.121 (0.113)	Data 0.030 (0.021)	Loss 0.0410 (0.0329)	MAE 0.178 (0.140)
Epoch: [15][111/114]	Time 0.113 (0.113)	Data 0.019 (0.021)	Loss 0.0196 (0.0328)	MAE 0.104 (0.139)
Epoch: [15][112/114]	Time 0.125 (0.113)	Data 0.027 (0.021)	Loss 0.0220 (0.0327)	MAE 0.116 (0.139)
Epoch: [15][113/114]	Time 0.087 (0.113)	Data 0.024 (0.021)	Loss 0.0118 (0.0326)	MAE 0.084 (0.139)
Test: [0/15]	Time 0.047 (0.047)	Loss 0.0277 (0.0277)	MAE 0.128 (0.128)
Test: [1/15]	Time 0.047 (0.047)	Loss 0.0377 (0.0327)	MAE 0.138 (0.133)
Test: [2/15]	Time 0.047 (0.047)	Loss 0.0272 (0.0309)	MAE 0.121 (0.129)
Test: [3/15]	Time 0.046 (0.047)	Loss 0.0261 (0.0297)	MAE 0.124 (0.128)
Test: [4/15]	Time 0.043 (0.046)	Loss 0.0266 (0.0291)	MAE 0.134 (0.129)
Test: [5/15]	Time 0.041 (0.045)	Loss 0.0292 (0.0291)	MAE 0.123 (0.128)
Test: [6/15]	Time 0.042 (0.045)	Loss 0.0256 (0.0286)	MAE 0.125 (0.128)
Test: [7/15]	Time 0.049 (0.045)	Loss 0.0225 (0.0278)	MAE 0.119 (0.127)
Test: [8/15]	Time 0.044 (0.045)	Loss 0.0298 (0.0281)	MAE 0.127 (0.127)
Test: [9/15]	Time 0.047 (0.045)	Loss 0.0246 (0.0277)	MAE 0.119 (0.126)
Test: [10/15]	Time 0.043 (0.045)	Loss 0.0224 (0.0272)	MAE 0.117 (0.125)
Test: [11/15]	Time 0.044 (0.045)	Loss 0.0230 (0.0269)	MAE 0.117 (0.124)
Test: [12/15]	Time 0.045 (0.045)	Loss 0.0385 (0.0278)	MAE 0.137 (0.125)
Test: [13/15]	Time 0.042 (0.045)	Loss 0.0190 (0.0271)	MAE 0.112 (0.124)
Test: [14/15]	Time 0.016 (0.043)	Loss 0.0316 (0.0272)	MAE 0.146 (0.125)
 * MAE 0.125
Epoch: [16][0/114]	Time 0.485 (0.485)	Data 0.393 (0.393)	Loss 0.0211 (0.0211)	MAE 0.113 (0.113)
Epoch: [16][1/114]	Time 0.118 (0.302)	Data 0.023 (0.208)	Loss 0.0185 (0.0198)	MAE 0.114 (0.113)
Epoch: [16][2/114]	Time 0.116 (0.240)	Data 0.021 (0.146)	Loss 0.0161 (0.0186)	MAE 0.101 (0.109)
Epoch: [16][3/114]	Time 0.114 (0.208)	Data 0.023 (0.115)	Loss 0.0204 (0.0190)	MAE 0.110 (0.109)
Epoch: [16][4/114]	Time 0.108 (0.188)	Data 0.020 (0.096)	Loss 0.0243 (0.0201)	MAE 0.118 (0.111)
Epoch: [16][5/114]	Time 0.117 (0.176)	Data 0.024 (0.084)	Loss 0.0252 (0.0209)	MAE 0.107 (0.110)
Epoch: [16][6/114]	Time 0.120 (0.168)	Data 0.025 (0.076)	Loss 0.0239 (0.0213)	MAE 0.130 (0.113)
Epoch: [16][7/114]	Time 0.129 (0.163)	Data 0.038 (0.071)	Loss 0.0279 (0.0222)	MAE 0.129 (0.115)
Epoch: [16][8/114]	Time 0.115 (0.158)	Data 0.021 (0.065)	Loss 0.0175 (0.0216)	MAE 0.098 (0.113)
Epoch: [16][9/114]	Time 0.105 (0.153)	Data 0.018 (0.061)	Loss 0.0225 (0.0217)	MAE 0.128 (0.115)
Epoch: [16][10/114]	Time 0.112 (0.149)	Data 0.020 (0.057)	Loss 0.0246 (0.0220)	MAE 0.131 (0.116)
Epoch: [16][11/114]	Time 0.110 (0.146)	Data 0.019 (0.054)	Loss 0.0266 (0.0224)	MAE 0.124 (0.117)
Epoch: [16][12/114]	Time 0.101 (0.142)	Data 0.015 (0.051)	Loss 0.0236 (0.0225)	MAE 0.120 (0.117)
Epoch: [16][13/114]	Time 0.110 (0.140)	Data 0.024 (0.049)	Loss 0.0170 (0.0221)	MAE 0.103 (0.116)
Epoch: [16][14/114]	Time 0.108 (0.138)	Data 0.016 (0.047)	Loss 0.0364 (0.0230)	MAE 0.120 (0.116)
Epoch: [16][15/114]	Time 0.107 (0.136)	Data 0.021 (0.045)	Loss 0.0154 (0.0226)	MAE 0.104 (0.116)
Epoch: [16][16/114]	Time 0.102 (0.134)	Data 0.014 (0.043)	Loss 0.0155 (0.0221)	MAE 0.098 (0.115)
Epoch: [16][17/114]	Time 0.108 (0.133)	Data 0.021 (0.042)	Loss 0.0163 (0.0218)	MAE 0.097 (0.114)
Epoch: [16][18/114]	Time 0.104 (0.131)	Data 0.013 (0.041)	Loss 0.0197 (0.0217)	MAE 0.121 (0.114)
Epoch: [16][19/114]	Time 0.109 (0.130)	Data 0.018 (0.039)	Loss 0.0246 (0.0219)	MAE 0.121 (0.114)
Epoch: [16][20/114]	Time 0.106 (0.129)	Data 0.015 (0.038)	Loss 0.0338 (0.0224)	MAE 0.149 (0.116)
Epoch: [16][21/114]	Time 0.129 (0.129)	Data 0.031 (0.038)	Loss 0.0195 (0.0223)	MAE 0.106 (0.116)
Epoch: [16][22/114]	Time 0.110 (0.128)	Data 0.022 (0.037)	Loss 0.0154 (0.0220)	MAE 0.098 (0.115)
Epoch: [16][23/114]	Time 0.115 (0.128)	Data 0.023 (0.037)	Loss 0.0177 (0.0218)	MAE 0.105 (0.114)
Epoch: [16][24/114]	Time 0.107 (0.127)	Data 0.016 (0.036)	Loss 0.0308 (0.0222)	MAE 0.149 (0.116)
Epoch: [16][25/114]	Time 0.119 (0.126)	Data 0.021 (0.035)	Loss 0.0239 (0.0222)	MAE 0.122 (0.116)
Epoch: [16][26/114]	Time 0.120 (0.126)	Data 0.020 (0.035)	Loss 0.0425 (0.0230)	MAE 0.142 (0.117)
Epoch: [16][27/114]	Time 0.132 (0.126)	Data 0.034 (0.035)	Loss 0.0272 (0.0231)	MAE 0.126 (0.117)
Epoch: [16][28/114]	Time 0.113 (0.126)	Data 0.019 (0.034)	Loss 0.0282 (0.0233)	MAE 0.125 (0.117)
Epoch: [16][29/114]	Time 0.122 (0.126)	Data 0.030 (0.034)	Loss 0.0245 (0.0234)	MAE 0.121 (0.118)
Epoch: [16][30/114]	Time 0.109 (0.125)	Data 0.016 (0.033)	Loss 0.0219 (0.0233)	MAE 0.123 (0.118)
Epoch: [16][31/114]	Time 0.117 (0.125)	Data 0.023 (0.033)	Loss 0.0248 (0.0234)	MAE 0.126 (0.118)
Epoch: [16][32/114]	Time 0.105 (0.124)	Data 0.014 (0.033)	Loss 0.0282 (0.0235)	MAE 0.141 (0.119)
Epoch: [16][33/114]	Time 0.114 (0.124)	Data 0.021 (0.032)	Loss 0.0282 (0.0236)	MAE 0.113 (0.119)
Epoch: [16][34/114]	Time 0.111 (0.124)	Data 0.020 (0.032)	Loss 0.0319 (0.0239)	MAE 0.132 (0.119)
Epoch: [16][35/114]	Time 0.111 (0.123)	Data 0.019 (0.031)	Loss 0.0184 (0.0237)	MAE 0.095 (0.118)
Epoch: [16][36/114]	Time 0.106 (0.123)	Data 0.015 (0.031)	Loss 0.0150 (0.0235)	MAE 0.089 (0.117)
Epoch: [16][37/114]	Time 0.127 (0.123)	Data 0.029 (0.031)	Loss 0.0134 (0.0232)	MAE 0.098 (0.117)
Epoch: [16][38/114]	Time 0.103 (0.122)	Data 0.017 (0.031)	Loss 0.0163 (0.0230)	MAE 0.102 (0.117)
Epoch: [16][39/114]	Time 0.115 (0.122)	Data 0.021 (0.030)	Loss 0.0177 (0.0229)	MAE 0.098 (0.116)
Epoch: [16][40/114]	Time 0.112 (0.122)	Data 0.017 (0.030)	Loss 0.0192 (0.0228)	MAE 0.099 (0.116)
Epoch: [16][41/114]	Time 0.113 (0.122)	Data 0.024 (0.030)	Loss 0.0184 (0.0227)	MAE 0.114 (0.116)
Epoch: [16][42/114]	Time 0.114 (0.122)	Data 0.020 (0.030)	Loss 0.0151 (0.0225)	MAE 0.095 (0.115)
Epoch: [16][43/114]	Time 0.108 (0.121)	Data 0.019 (0.029)	Loss 0.0186 (0.0224)	MAE 0.104 (0.115)
Epoch: [16][44/114]	Time 0.106 (0.121)	Data 0.016 (0.029)	Loss 0.0132 (0.0222)	MAE 0.085 (0.114)
Epoch: [16][45/114]	Time 0.117 (0.121)	Data 0.023 (0.029)	Loss 0.0119 (0.0220)	MAE 0.081 (0.113)
Epoch: [16][46/114]	Time 0.122 (0.121)	Data 0.021 (0.029)	Loss 0.0185 (0.0219)	MAE 0.105 (0.113)
Epoch: [16][47/114]	Time 0.124 (0.121)	Data 0.029 (0.029)	Loss 0.0166 (0.0218)	MAE 0.101 (0.113)
Epoch: [16][48/114]	Time 0.106 (0.121)	Data 0.017 (0.029)	Loss 0.0157 (0.0217)	MAE 0.094 (0.113)
Epoch: [16][49/114]	Time 0.111 (0.121)	Data 0.022 (0.028)	Loss 0.0392 (0.0221)	MAE 0.175 (0.114)
Epoch: [16][50/114]	Time 0.109 (0.120)	Data 0.021 (0.028)	Loss 0.0167 (0.0220)	MAE 0.101 (0.114)
Epoch: [16][51/114]	Time 0.112 (0.120)	Data 0.023 (0.028)	Loss 0.0240 (0.0220)	MAE 0.112 (0.114)
Epoch: [16][52/114]	Time 0.148 (0.121)	Data 0.015 (0.028)	Loss 0.0203 (0.0220)	MAE 0.118 (0.114)
Epoch: [16][53/114]	Time 0.107 (0.120)	Data 0.018 (0.028)	Loss 0.0432 (0.0224)	MAE 0.182 (0.115)
Epoch: [16][54/114]	Time 0.107 (0.120)	Data 0.017 (0.028)	Loss 0.0138 (0.0222)	MAE 0.087 (0.114)
Epoch: [16][55/114]	Time 0.113 (0.120)	Data 0.020 (0.027)	Loss 0.0173 (0.0221)	MAE 0.100 (0.114)
Epoch: [16][56/114]	Time 0.105 (0.120)	Data 0.017 (0.027)	Loss 0.0128 (0.0219)	MAE 0.090 (0.114)
Epoch: [16][57/114]	Time 0.110 (0.120)	Data 0.023 (0.027)	Loss 0.0217 (0.0219)	MAE 0.115 (0.114)
Epoch: [16][58/114]	Time 0.109 (0.119)	Data 0.018 (0.027)	Loss 0.0197 (0.0219)	MAE 0.100 (0.114)
Epoch: [16][59/114]	Time 0.124 (0.120)	Data 0.032 (0.027)	Loss 0.0168 (0.0218)	MAE 0.106 (0.113)
Epoch: [16][60/114]	Time 0.113 (0.119)	Data 0.021 (0.027)	Loss 0.0192 (0.0218)	MAE 0.102 (0.113)
Epoch: [16][61/114]	Time 0.115 (0.119)	Data 0.031 (0.027)	Loss 0.0278 (0.0219)	MAE 0.137 (0.114)
Epoch: [16][62/114]	Time 0.108 (0.119)	Data 0.015 (0.027)	Loss 0.0264 (0.0219)	MAE 0.141 (0.114)
Epoch: [16][63/114]	Time 0.112 (0.119)	Data 0.018 (0.027)	Loss 0.0293 (0.0221)	MAE 0.143 (0.115)
Epoch: [16][64/114]	Time 0.121 (0.119)	Data 0.024 (0.027)	Loss 0.0168 (0.0220)	MAE 0.099 (0.114)
Epoch: [16][65/114]	Time 0.110 (0.119)	Data 0.017 (0.027)	Loss 0.0324 (0.0221)	MAE 0.136 (0.115)
Epoch: [16][66/114]	Time 0.120 (0.119)	Data 0.030 (0.027)	Loss 0.0222 (0.0221)	MAE 0.100 (0.114)
Epoch: [16][67/114]	Time 0.121 (0.119)	Data 0.024 (0.027)	Loss 0.0216 (0.0221)	MAE 0.102 (0.114)
Epoch: [16][68/114]	Time 0.105 (0.119)	Data 0.015 (0.026)	Loss 0.0159 (0.0220)	MAE 0.102 (0.114)
Epoch: [16][69/114]	Time 0.109 (0.119)	Data 0.019 (0.026)	Loss 0.0280 (0.0221)	MAE 0.119 (0.114)
Epoch: [16][70/114]	Time 0.105 (0.118)	Data 0.018 (0.026)	Loss 0.0259 (0.0222)	MAE 0.123 (0.114)
Epoch: [16][71/114]	Time 0.105 (0.118)	Data 0.021 (0.026)	Loss 0.0172 (0.0221)	MAE 0.099 (0.114)
Epoch: [16][72/114]	Time 0.104 (0.118)	Data 0.013 (0.026)	Loss 0.0198 (0.0221)	MAE 0.110 (0.114)
Epoch: [16][73/114]	Time 0.106 (0.118)	Data 0.022 (0.026)	Loss 0.0432 (0.0224)	MAE 0.182 (0.115)
Epoch: [16][74/114]	Time 0.107 (0.118)	Data 0.017 (0.026)	Loss 0.0487 (0.0227)	MAE 0.201 (0.116)
Epoch: [16][75/114]	Time 0.106 (0.118)	Data 0.020 (0.026)	Loss 0.0230 (0.0227)	MAE 0.130 (0.116)
Epoch: [16][76/114]	Time 0.103 (0.117)	Data 0.015 (0.026)	Loss 0.0182 (0.0227)	MAE 0.101 (0.116)
Epoch: [16][77/114]	Time 0.103 (0.117)	Data 0.019 (0.025)	Loss 0.0146 (0.0226)	MAE 0.085 (0.116)
Epoch: [16][78/114]	Time 0.109 (0.117)	Data 0.020 (0.025)	Loss 0.0115 (0.0224)	MAE 0.083 (0.115)
Epoch: [16][79/114]	Time 0.113 (0.117)	Data 0.024 (0.025)	Loss 0.0217 (0.0224)	MAE 0.110 (0.115)
Epoch: [16][80/114]	Time 0.113 (0.117)	Data 0.020 (0.025)	Loss 0.0242 (0.0224)	MAE 0.118 (0.115)
Epoch: [16][81/114]	Time 0.113 (0.117)	Data 0.018 (0.025)	Loss 0.0314 (0.0225)	MAE 0.134 (0.115)
Epoch: [16][82/114]	Time 0.107 (0.117)	Data 0.014 (0.025)	Loss 0.0510 (0.0229)	MAE 0.201 (0.116)
Epoch: [16][83/114]	Time 0.110 (0.117)	Data 0.020 (0.025)	Loss 0.0179 (0.0228)	MAE 0.102 (0.116)
Epoch: [16][84/114]	Time 0.108 (0.117)	Data 0.017 (0.025)	Loss 0.0184 (0.0228)	MAE 0.108 (0.116)
Epoch: [16][85/114]	Time 0.119 (0.117)	Data 0.023 (0.025)	Loss 0.0187 (0.0227)	MAE 0.114 (0.116)
Epoch: [16][86/114]	Time 0.116 (0.117)	Data 0.021 (0.025)	Loss 0.0201 (0.0227)	MAE 0.108 (0.116)
Epoch: [16][87/114]	Time 0.121 (0.117)	Data 0.033 (0.025)	Loss 0.0335 (0.0228)	MAE 0.148 (0.116)
Epoch: [16][88/114]	Time 0.112 (0.117)	Data 0.020 (0.025)	Loss 0.0140 (0.0227)	MAE 0.089 (0.116)
Epoch: [16][89/114]	Time 0.106 (0.117)	Data 0.018 (0.025)	Loss 0.0203 (0.0227)	MAE 0.100 (0.116)
Epoch: [16][90/114]	Time 0.101 (0.116)	Data 0.013 (0.025)	Loss 0.0154 (0.0226)	MAE 0.087 (0.116)
Epoch: [16][91/114]	Time 0.115 (0.116)	Data 0.023 (0.025)	Loss 0.0392 (0.0228)	MAE 0.170 (0.116)
Epoch: [16][92/114]	Time 0.108 (0.116)	Data 0.013 (0.025)	Loss 0.0205 (0.0228)	MAE 0.102 (0.116)
Epoch: [16][93/114]	Time 0.105 (0.116)	Data 0.019 (0.025)	Loss 0.0196 (0.0227)	MAE 0.110 (0.116)
Epoch: [16][94/114]	Time 0.107 (0.116)	Data 0.018 (0.024)	Loss 0.0433 (0.0229)	MAE 0.175 (0.117)
Epoch: [16][95/114]	Time 0.113 (0.116)	Data 0.026 (0.024)	Loss 0.0178 (0.0229)	MAE 0.100 (0.116)
Epoch: [16][96/114]	Time 0.099 (0.116)	Data 0.012 (0.024)	Loss 0.0315 (0.0230)	MAE 0.154 (0.117)
Epoch: [16][97/114]	Time 0.108 (0.116)	Data 0.019 (0.024)	Loss 0.0252 (0.0230)	MAE 0.142 (0.117)
Epoch: [16][98/114]	Time 0.108 (0.116)	Data 0.015 (0.024)	Loss 0.0219 (0.0230)	MAE 0.116 (0.117)
Epoch: [16][99/114]	Time 0.112 (0.116)	Data 0.020 (0.024)	Loss 0.0165 (0.0229)	MAE 0.097 (0.117)
Epoch: [16][100/114]	Time 0.107 (0.116)	Data 0.021 (0.024)	Loss 0.0190 (0.0229)	MAE 0.103 (0.117)
Epoch: [16][101/114]	Time 0.117 (0.116)	Data 0.027 (0.024)	Loss 0.0941 (0.0236)	MAE 0.106 (0.117)
Epoch: [16][102/114]	Time 0.107 (0.116)	Data 0.018 (0.024)	Loss 0.0196 (0.0236)	MAE 0.104 (0.117)
Epoch: [16][103/114]	Time 0.117 (0.116)	Data 0.023 (0.024)	Loss 0.0175 (0.0235)	MAE 0.106 (0.116)
Epoch: [16][104/114]	Time 0.111 (0.115)	Data 0.019 (0.024)	Loss 0.0382 (0.0236)	MAE 0.152 (0.117)
Epoch: [16][105/114]	Time 0.108 (0.115)	Data 0.018 (0.024)	Loss 0.0400 (0.0238)	MAE 0.166 (0.117)
Epoch: [16][106/114]	Time 0.118 (0.115)	Data 0.021 (0.024)	Loss 0.0956 (0.0245)	MAE 0.130 (0.117)
Epoch: [16][107/114]	Time 0.118 (0.115)	Data 0.027 (0.024)	Loss 0.0245 (0.0245)	MAE 0.106 (0.117)
Epoch: [16][108/114]	Time 0.120 (0.116)	Data 0.032 (0.024)	Loss 0.0243 (0.0245)	MAE 0.110 (0.117)
Epoch: [16][109/114]	Time 0.104 (0.115)	Data 0.016 (0.024)	Loss 0.0267 (0.0245)	MAE 0.135 (0.117)
Epoch: [16][110/114]	Time 0.108 (0.115)	Data 0.020 (0.024)	Loss 0.0401 (0.0246)	MAE 0.177 (0.118)
Epoch: [16][111/114]	Time 0.105 (0.115)	Data 0.019 (0.024)	Loss 0.0212 (0.0246)	MAE 0.109 (0.118)
Epoch: [16][112/114]	Time 0.113 (0.115)	Data 0.020 (0.024)	Loss 0.0440 (0.0248)	MAE 0.187 (0.118)
Epoch: [16][113/114]	Time 0.085 (0.115)	Data 0.023 (0.024)	Loss 0.0123 (0.0247)	MAE 0.085 (0.118)
Test: [0/15]	Time 0.049 (0.049)	Loss 0.0195 (0.0195)	MAE 0.103 (0.103)
Test: [1/15]	Time 0.042 (0.045)	Loss 0.0162 (0.0178)	MAE 0.095 (0.099)
Test: [2/15]	Time 0.051 (0.047)	Loss 0.0306 (0.0221)	MAE 0.117 (0.105)
Test: [3/15]	Time 0.044 (0.046)	Loss 0.0238 (0.0225)	MAE 0.107 (0.106)
Test: [4/15]	Time 0.041 (0.045)	Loss 0.0128 (0.0206)	MAE 0.092 (0.103)
Test: [5/15]	Time 0.045 (0.045)	Loss 0.0283 (0.0219)	MAE 0.110 (0.104)
Test: [6/15]	Time 0.041 (0.045)	Loss 0.0195 (0.0215)	MAE 0.100 (0.104)
Test: [7/15]	Time 0.043 (0.045)	Loss 0.0210 (0.0214)	MAE 0.101 (0.103)
Test: [8/15]	Time 0.049 (0.045)	Loss 0.0304 (0.0224)	MAE 0.120 (0.105)
Test: [9/15]	Time 0.041 (0.045)	Loss 0.0280 (0.0230)	MAE 0.108 (0.105)
Test: [10/15]	Time 0.040 (0.044)	Loss 0.0166 (0.0224)	MAE 0.099 (0.105)
Test: [11/15]	Time 0.040 (0.044)	Loss 0.0214 (0.0223)	MAE 0.096 (0.104)
Test: [12/15]	Time 0.045 (0.044)	Loss 0.0186 (0.0220)	MAE 0.100 (0.104)
Test: [13/15]	Time 0.044 (0.044)	Loss 0.0300 (0.0226)	MAE 0.110 (0.104)
Test: [14/15]	Time 0.016 (0.042)	Loss 0.0163 (0.0225)	MAE 0.105 (0.104)
 * MAE 0.104
Epoch: [17][0/114]	Time 0.156 (0.156)	Data 0.061 (0.061)	Loss 0.0234 (0.0234)	MAE 0.127 (0.127)
Epoch: [17][1/114]	Time 0.108 (0.132)	Data 0.015 (0.038)	Loss 0.0398 (0.0316)	MAE 0.160 (0.144)
Epoch: [17][2/114]	Time 0.123 (0.129)	Data 0.021 (0.032)	Loss 0.1207 (0.0613)	MAE 0.183 (0.157)
Epoch: [17][3/114]	Time 0.115 (0.126)	Data 0.019 (0.029)	Loss 0.0121 (0.0490)	MAE 0.089 (0.140)
Epoch: [17][4/114]	Time 0.112 (0.123)	Data 0.018 (0.027)	Loss 0.0157 (0.0424)	MAE 0.086 (0.129)
Epoch: [17][5/114]	Time 0.110 (0.121)	Data 0.015 (0.025)	Loss 0.0150 (0.0378)	MAE 0.090 (0.123)
Epoch: [17][6/114]	Time 0.117 (0.120)	Data 0.018 (0.024)	Loss 0.0345 (0.0373)	MAE 0.164 (0.128)
Epoch: [17][7/114]	Time 0.117 (0.120)	Data 0.028 (0.024)	Loss 0.0209 (0.0353)	MAE 0.119 (0.127)
Epoch: [17][8/114]	Time 0.111 (0.119)	Data 0.020 (0.024)	Loss 0.0199 (0.0336)	MAE 0.107 (0.125)
Epoch: [17][9/114]	Time 0.111 (0.118)	Data 0.019 (0.023)	Loss 0.0243 (0.0326)	MAE 0.129 (0.125)
Epoch: [17][10/114]	Time 0.120 (0.118)	Data 0.023 (0.023)	Loss 0.0227 (0.0317)	MAE 0.128 (0.126)
Epoch: [17][11/114]	Time 0.109 (0.117)	Data 0.012 (0.022)	Loss 0.0302 (0.0316)	MAE 0.135 (0.126)
Epoch: [17][12/114]	Time 0.110 (0.117)	Data 0.022 (0.022)	Loss 0.0177 (0.0305)	MAE 0.099 (0.124)
Epoch: [17][13/114]	Time 0.098 (0.115)	Data 0.013 (0.022)	Loss 0.0168 (0.0296)	MAE 0.100 (0.123)
Epoch: [17][14/114]	Time 0.110 (0.115)	Data 0.020 (0.022)	Loss 0.0407 (0.0303)	MAE 0.175 (0.126)
Epoch: [17][15/114]	Time 0.103 (0.114)	Data 0.015 (0.021)	Loss 0.0418 (0.0310)	MAE 0.180 (0.129)
Epoch: [17][16/114]	Time 0.110 (0.114)	Data 0.023 (0.021)	Loss 0.0282 (0.0309)	MAE 0.144 (0.130)
Epoch: [17][17/114]	Time 0.105 (0.114)	Data 0.016 (0.021)	Loss 0.0184 (0.0302)	MAE 0.100 (0.129)
Epoch: [17][18/114]	Time 0.110 (0.113)	Data 0.015 (0.021)	Loss 0.0977 (0.0337)	MAE 0.186 (0.132)
Epoch: [17][19/114]	Time 0.110 (0.113)	Data 0.017 (0.021)	Loss 0.0392 (0.0340)	MAE 0.181 (0.134)
Epoch: [17][20/114]	Time 0.108 (0.113)	Data 0.018 (0.020)	Loss 0.0242 (0.0335)	MAE 0.132 (0.134)
Epoch: [17][21/114]	Time 0.108 (0.113)	Data 0.018 (0.020)	Loss 0.0232 (0.0331)	MAE 0.126 (0.134)
Epoch: [17][22/114]	Time 0.108 (0.113)	Data 0.022 (0.020)	Loss 0.0438 (0.0335)	MAE 0.182 (0.136)
Epoch: [17][23/114]	Time 0.113 (0.113)	Data 0.015 (0.020)	Loss 0.0265 (0.0332)	MAE 0.124 (0.135)
Epoch: [17][24/114]	Time 0.116 (0.113)	Data 0.025 (0.020)	Loss 0.0487 (0.0338)	MAE 0.135 (0.135)
Epoch: [17][25/114]	Time 0.103 (0.112)	Data 0.016 (0.020)	Loss 0.0758 (0.0355)	MAE 0.245 (0.139)
Epoch: [17][26/114]	Time 0.116 (0.112)	Data 0.023 (0.020)	Loss 0.0161 (0.0347)	MAE 0.091 (0.138)
Epoch: [17][27/114]	Time 0.116 (0.113)	Data 0.019 (0.020)	Loss 0.0147 (0.0340)	MAE 0.096 (0.136)
Epoch: [17][28/114]	Time 0.115 (0.113)	Data 0.021 (0.020)	Loss 0.0143 (0.0333)	MAE 0.097 (0.135)
Epoch: [17][29/114]	Time 0.104 (0.112)	Data 0.015 (0.020)	Loss 0.0165 (0.0328)	MAE 0.096 (0.133)
Epoch: [17][30/114]	Time 0.109 (0.112)	Data 0.019 (0.020)	Loss 0.0177 (0.0323)	MAE 0.101 (0.132)
Epoch: [17][31/114]	Time 0.105 (0.112)	Data 0.019 (0.020)	Loss 0.0217 (0.0320)	MAE 0.127 (0.132)
Epoch: [17][32/114]	Time 0.108 (0.112)	Data 0.022 (0.020)	Loss 0.0120 (0.0314)	MAE 0.089 (0.131)
Epoch: [17][33/114]	Time 0.107 (0.112)	Data 0.015 (0.020)	Loss 0.0294 (0.0313)	MAE 0.149 (0.131)
Epoch: [17][34/114]	Time 0.110 (0.112)	Data 0.020 (0.020)	Loss 0.0287 (0.0312)	MAE 0.122 (0.131)
Epoch: [17][35/114]	Time 0.109 (0.112)	Data 0.014 (0.020)	Loss 0.0145 (0.0308)	MAE 0.092 (0.130)
Epoch: [17][36/114]	Time 0.112 (0.112)	Data 0.021 (0.020)	Loss 0.0182 (0.0304)	MAE 0.111 (0.130)
Epoch: [17][37/114]	Time 0.101 (0.111)	Data 0.011 (0.020)	Loss 0.0090 (0.0299)	MAE 0.076 (0.128)
Epoch: [17][38/114]	Time 0.109 (0.111)	Data 0.019 (0.020)	Loss 0.0274 (0.0298)	MAE 0.107 (0.128)
Epoch: [17][39/114]	Time 0.111 (0.111)	Data 0.020 (0.020)	Loss 0.0177 (0.0295)	MAE 0.102 (0.127)
Epoch: [17][40/114]	Time 0.113 (0.111)	Data 0.022 (0.020)	Loss 0.0151 (0.0291)	MAE 0.091 (0.126)
Epoch: [17][41/114]	Time 0.121 (0.112)	Data 0.028 (0.020)	Loss 0.0164 (0.0288)	MAE 0.094 (0.125)
Epoch: [17][42/114]	Time 0.116 (0.112)	Data 0.025 (0.020)	Loss 0.0177 (0.0286)	MAE 0.102 (0.125)
Epoch: [17][43/114]	Time 0.113 (0.112)	Data 0.021 (0.020)	Loss 0.0216 (0.0284)	MAE 0.105 (0.124)
Epoch: [17][44/114]	Time 0.127 (0.112)	Data 0.027 (0.020)	Loss 0.0149 (0.0281)	MAE 0.090 (0.124)
Epoch: [17][45/114]	Time 0.111 (0.112)	Data 0.021 (0.020)	Loss 0.0254 (0.0281)	MAE 0.129 (0.124)
Epoch: [17][46/114]	Time 0.120 (0.112)	Data 0.023 (0.020)	Loss 0.0185 (0.0279)	MAE 0.104 (0.123)
Epoch: [17][47/114]	Time 0.116 (0.112)	Data 0.025 (0.020)	Loss 0.0170 (0.0276)	MAE 0.098 (0.123)
Epoch: [17][48/114]	Time 0.113 (0.112)	Data 0.023 (0.020)	Loss 0.0240 (0.0276)	MAE 0.129 (0.123)
Epoch: [17][49/114]	Time 0.102 (0.112)	Data 0.013 (0.020)	Loss 0.0130 (0.0273)	MAE 0.095 (0.122)
Epoch: [17][50/114]	Time 0.111 (0.112)	Data 0.023 (0.020)	Loss 0.0332 (0.0274)	MAE 0.160 (0.123)
Epoch: [17][51/114]	Time 0.106 (0.112)	Data 0.019 (0.020)	Loss 0.0323 (0.0275)	MAE 0.136 (0.123)
Epoch: [17][52/114]	Time 0.109 (0.112)	Data 0.020 (0.020)	Loss 0.0145 (0.0272)	MAE 0.090 (0.123)
Epoch: [17][53/114]	Time 0.108 (0.112)	Data 0.018 (0.020)	Loss 0.0499 (0.0277)	MAE 0.200 (0.124)
Epoch: [17][54/114]	Time 0.112 (0.112)	Data 0.023 (0.020)	Loss 0.0168 (0.0275)	MAE 0.098 (0.124)
Epoch: [17][55/114]	Time 0.104 (0.112)	Data 0.016 (0.020)	Loss 0.0207 (0.0273)	MAE 0.105 (0.123)
Epoch: [17][56/114]	Time 0.110 (0.112)	Data 0.021 (0.020)	Loss 0.0240 (0.0273)	MAE 0.105 (0.123)
Epoch: [17][57/114]	Time 0.101 (0.111)	Data 0.014 (0.020)	Loss 0.0135 (0.0270)	MAE 0.090 (0.122)
Epoch: [17][58/114]	Time 0.108 (0.111)	Data 0.020 (0.020)	Loss 0.0187 (0.0269)	MAE 0.098 (0.122)
Epoch: [17][59/114]	Time 0.110 (0.111)	Data 0.013 (0.020)	Loss 0.0279 (0.0269)	MAE 0.141 (0.122)
Epoch: [17][60/114]	Time 0.116 (0.111)	Data 0.026 (0.020)	Loss 0.0171 (0.0267)	MAE 0.106 (0.122)
Epoch: [17][61/114]	Time 0.111 (0.111)	Data 0.024 (0.020)	Loss 0.0236 (0.0267)	MAE 0.117 (0.122)
Epoch: [17][62/114]	Time 0.110 (0.111)	Data 0.022 (0.020)	Loss 0.0126 (0.0265)	MAE 0.090 (0.122)
Epoch: [17][63/114]	Time 0.119 (0.111)	Data 0.025 (0.020)	Loss 0.0188 (0.0264)	MAE 0.098 (0.121)
Epoch: [17][64/114]	Time 0.110 (0.111)	Data 0.021 (0.020)	Loss 0.0159 (0.0262)	MAE 0.100 (0.121)
Epoch: [17][65/114]	Time 0.110 (0.111)	Data 0.016 (0.020)	Loss 0.0161 (0.0260)	MAE 0.107 (0.121)
Epoch: [17][66/114]	Time 0.119 (0.112)	Data 0.026 (0.020)	Loss 0.0135 (0.0259)	MAE 0.091 (0.120)
Epoch: [17][67/114]	Time 0.113 (0.112)	Data 0.016 (0.020)	Loss 0.0401 (0.0261)	MAE 0.165 (0.121)
Epoch: [17][68/114]	Time 0.114 (0.112)	Data 0.026 (0.020)	Loss 0.0516 (0.0264)	MAE 0.204 (0.122)
Epoch: [17][69/114]	Time 0.100 (0.111)	Data 0.012 (0.020)	Loss 0.0162 (0.0263)	MAE 0.094 (0.122)
Epoch: [17][70/114]	Time 0.108 (0.111)	Data 0.017 (0.020)	Loss 0.0173 (0.0262)	MAE 0.096 (0.121)
Epoch: [17][71/114]	Time 0.109 (0.111)	Data 0.017 (0.020)	Loss 0.0214 (0.0261)	MAE 0.122 (0.121)
Epoch: [17][72/114]	Time 0.109 (0.111)	Data 0.020 (0.020)	Loss 0.0161 (0.0260)	MAE 0.097 (0.121)
Epoch: [17][73/114]	Time 0.110 (0.111)	Data 0.018 (0.020)	Loss 0.0320 (0.0260)	MAE 0.153 (0.121)
Epoch: [17][74/114]	Time 0.110 (0.111)	Data 0.019 (0.020)	Loss 0.0420 (0.0263)	MAE 0.171 (0.122)
Epoch: [17][75/114]	Time 0.109 (0.111)	Data 0.019 (0.020)	Loss 0.0201 (0.0262)	MAE 0.109 (0.122)
Epoch: [17][76/114]	Time 0.106 (0.111)	Data 0.018 (0.020)	Loss 0.0213 (0.0261)	MAE 0.114 (0.122)
Epoch: [17][77/114]	Time 0.103 (0.111)	Data 0.017 (0.020)	Loss 0.0247 (0.0261)	MAE 0.129 (0.122)
Epoch: [17][78/114]	Time 0.105 (0.111)	Data 0.017 (0.020)	Loss 0.0233 (0.0261)	MAE 0.120 (0.122)
Epoch: [17][79/114]	Time 0.108 (0.111)	Data 0.017 (0.020)	Loss 0.0242 (0.0260)	MAE 0.126 (0.122)
Epoch: [17][80/114]	Time 0.114 (0.111)	Data 0.022 (0.020)	Loss 0.0235 (0.0260)	MAE 0.119 (0.122)
Epoch: [17][81/114]	Time 0.118 (0.111)	Data 0.024 (0.020)	Loss 0.0224 (0.0260)	MAE 0.119 (0.122)
Epoch: [17][82/114]	Time 0.115 (0.111)	Data 0.022 (0.020)	Loss 0.0340 (0.0261)	MAE 0.144 (0.122)
Epoch: [17][83/114]	Time 0.116 (0.111)	Data 0.022 (0.020)	Loss 0.0388 (0.0262)	MAE 0.121 (0.122)
Epoch: [17][84/114]	Time 0.118 (0.111)	Data 0.028 (0.020)	Loss 0.0207 (0.0261)	MAE 0.113 (0.122)
Epoch: [17][85/114]	Time 0.104 (0.111)	Data 0.014 (0.020)	Loss 0.0171 (0.0260)	MAE 0.104 (0.122)
Epoch: [17][86/114]	Time 0.114 (0.111)	Data 0.020 (0.020)	Loss 0.0172 (0.0259)	MAE 0.090 (0.121)
Epoch: [17][87/114]	Time 0.116 (0.111)	Data 0.019 (0.020)	Loss 0.0219 (0.0259)	MAE 0.118 (0.121)
Epoch: [17][88/114]	Time 0.124 (0.111)	Data 0.030 (0.020)	Loss 0.0250 (0.0259)	MAE 0.125 (0.121)
Epoch: [17][89/114]	Time 0.110 (0.111)	Data 0.020 (0.020)	Loss 0.0219 (0.0258)	MAE 0.110 (0.121)
Epoch: [17][90/114]	Time 0.102 (0.111)	Data 0.015 (0.020)	Loss 0.0214 (0.0258)	MAE 0.121 (0.121)
Epoch: [17][91/114]	Time 0.108 (0.111)	Data 0.018 (0.020)	Loss 0.0168 (0.0257)	MAE 0.096 (0.121)
Epoch: [17][92/114]	Time 0.106 (0.111)	Data 0.017 (0.020)	Loss 0.0196 (0.0256)	MAE 0.108 (0.121)
Epoch: [17][93/114]	Time 0.114 (0.111)	Data 0.021 (0.020)	Loss 0.0175 (0.0255)	MAE 0.106 (0.121)
Epoch: [17][94/114]	Time 0.108 (0.111)	Data 0.021 (0.020)	Loss 0.0193 (0.0255)	MAE 0.097 (0.120)
Epoch: [17][95/114]	Time 0.104 (0.111)	Data 0.019 (0.020)	Loss 0.0198 (0.0254)	MAE 0.099 (0.120)
Epoch: [17][96/114]	Time 0.109 (0.111)	Data 0.022 (0.020)	Loss 0.0119 (0.0253)	MAE 0.089 (0.120)
Epoch: [17][97/114]	Time 0.102 (0.111)	Data 0.011 (0.020)	Loss 0.0158 (0.0252)	MAE 0.093 (0.120)
Epoch: [17][98/114]	Time 0.107 (0.111)	Data 0.020 (0.020)	Loss 0.0239 (0.0252)	MAE 0.122 (0.120)
Epoch: [17][99/114]	Time 0.105 (0.111)	Data 0.016 (0.020)	Loss 0.0205 (0.0251)	MAE 0.114 (0.120)
Epoch: [17][100/114]	Time 0.124 (0.111)	Data 0.024 (0.020)	Loss 0.0294 (0.0252)	MAE 0.135 (0.120)
Epoch: [17][101/114]	Time 0.116 (0.111)	Data 0.024 (0.020)	Loss 0.0182 (0.0251)	MAE 0.115 (0.120)
Epoch: [17][102/114]	Time 0.117 (0.111)	Data 0.025 (0.020)	Loss 0.0296 (0.0251)	MAE 0.129 (0.120)
Epoch: [17][103/114]	Time 0.110 (0.111)	Data 0.020 (0.020)	Loss 0.0157 (0.0250)	MAE 0.092 (0.120)
Epoch: [17][104/114]	Time 0.110 (0.111)	Data 0.021 (0.020)	Loss 0.0239 (0.0250)	MAE 0.115 (0.119)
Epoch: [17][105/114]	Time 0.115 (0.111)	Data 0.019 (0.020)	Loss 0.0147 (0.0249)	MAE 0.095 (0.119)
Epoch: [17][106/114]	Time 0.114 (0.111)	Data 0.022 (0.020)	Loss 0.0145 (0.0248)	MAE 0.086 (0.119)
Epoch: [17][107/114]	Time 0.114 (0.111)	Data 0.019 (0.020)	Loss 0.0167 (0.0248)	MAE 0.096 (0.119)
Epoch: [17][108/114]	Time 0.126 (0.111)	Data 0.036 (0.020)	Loss 0.0163 (0.0247)	MAE 0.091 (0.118)
Epoch: [17][109/114]	Time 0.108 (0.111)	Data 0.018 (0.020)	Loss 0.0344 (0.0248)	MAE 0.150 (0.119)
Epoch: [17][110/114]	Time 0.120 (0.111)	Data 0.029 (0.020)	Loss 0.0278 (0.0248)	MAE 0.143 (0.119)
Epoch: [17][111/114]	Time 0.106 (0.111)	Data 0.013 (0.020)	Loss 0.0147 (0.0247)	MAE 0.089 (0.119)
Epoch: [17][112/114]	Time 0.108 (0.111)	Data 0.017 (0.020)	Loss 0.0234 (0.0247)	MAE 0.120 (0.119)
Epoch: [17][113/114]	Time 0.094 (0.111)	Data 0.031 (0.020)	Loss 0.0230 (0.0247)	MAE 0.115 (0.119)
Test: [0/15]	Time 0.052 (0.052)	Loss 0.0158 (0.0158)	MAE 0.093 (0.093)
Test: [1/15]	Time 0.041 (0.046)	Loss 0.0222 (0.0190)	MAE 0.103 (0.098)
Test: [2/15]	Time 0.042 (0.045)	Loss 0.0234 (0.0204)	MAE 0.100 (0.099)
Test: [3/15]	Time 0.049 (0.046)	Loss 0.0152 (0.0191)	MAE 0.095 (0.098)
Test: [4/15]	Time 0.041 (0.045)	Loss 0.0133 (0.0180)	MAE 0.092 (0.097)
Test: [5/15]	Time 0.046 (0.045)	Loss 0.0195 (0.0182)	MAE 0.103 (0.098)
Test: [6/15]	Time 0.036 (0.044)	Loss 0.0181 (0.0182)	MAE 0.093 (0.097)
Test: [7/15]	Time 0.037 (0.043)	Loss 0.0133 (0.0176)	MAE 0.089 (0.096)
Test: [8/15]	Time 0.042 (0.043)	Loss 0.0244 (0.0183)	MAE 0.112 (0.098)
Test: [9/15]	Time 0.047 (0.043)	Loss 0.0277 (0.0193)	MAE 0.111 (0.099)
Test: [10/15]	Time 0.043 (0.043)	Loss 0.0178 (0.0191)	MAE 0.101 (0.099)
Test: [11/15]	Time 0.043 (0.043)	Loss 0.0222 (0.0194)	MAE 0.107 (0.100)
Test: [12/15]	Time 0.042 (0.043)	Loss 0.0242 (0.0198)	MAE 0.099 (0.100)
Test: [13/15]	Time 0.053 (0.044)	Loss 0.0201 (0.0198)	MAE 0.103 (0.100)
Test: [14/15]	Time 0.026 (0.043)	Loss 0.0481 (0.0202)	MAE 0.123 (0.100)
 * MAE 0.100
Epoch: [18][0/114]	Time 0.160 (0.160)	Data 0.072 (0.072)	Loss 0.0178 (0.0178)	MAE 0.100 (0.100)
Epoch: [18][1/114]	Time 0.110 (0.135)	Data 0.020 (0.046)	Loss 0.0205 (0.0192)	MAE 0.114 (0.107)
Epoch: [18][2/114]	Time 0.116 (0.129)	Data 0.024 (0.039)	Loss 0.0153 (0.0179)	MAE 0.099 (0.104)
Epoch: [18][3/114]	Time 0.109 (0.124)	Data 0.020 (0.034)	Loss 0.0215 (0.0188)	MAE 0.122 (0.109)
Epoch: [18][4/114]	Time 0.107 (0.121)	Data 0.020 (0.031)	Loss 0.0206 (0.0191)	MAE 0.109 (0.109)
Epoch: [18][5/114]	Time 0.111 (0.119)	Data 0.021 (0.030)	Loss 0.0353 (0.0218)	MAE 0.170 (0.119)
Epoch: [18][6/114]	Time 0.115 (0.118)	Data 0.023 (0.029)	Loss 0.0225 (0.0219)	MAE 0.119 (0.119)
Epoch: [18][7/114]	Time 0.116 (0.118)	Data 0.024 (0.028)	Loss 0.0286 (0.0228)	MAE 0.115 (0.118)
Epoch: [18][8/114]	Time 0.110 (0.117)	Data 0.022 (0.027)	Loss 0.0237 (0.0229)	MAE 0.128 (0.120)
Epoch: [18][9/114]	Time 0.105 (0.116)	Data 0.019 (0.027)	Loss 0.0241 (0.0230)	MAE 0.109 (0.118)
Epoch: [18][10/114]	Time 0.110 (0.116)	Data 0.020 (0.026)	Loss 0.0157 (0.0223)	MAE 0.104 (0.117)
Epoch: [18][11/114]	Time 0.106 (0.115)	Data 0.015 (0.025)	Loss 0.0155 (0.0218)	MAE 0.092 (0.115)
Epoch: [18][12/114]	Time 0.103 (0.114)	Data 0.017 (0.024)	Loss 0.0139 (0.0212)	MAE 0.090 (0.113)
Epoch: [18][13/114]	Time 0.110 (0.114)	Data 0.019 (0.024)	Loss 0.0165 (0.0208)	MAE 0.107 (0.113)
Epoch: [18][14/114]	Time 0.120 (0.114)	Data 0.021 (0.024)	Loss 0.0198 (0.0208)	MAE 0.095 (0.111)
Epoch: [18][15/114]	Time 0.106 (0.114)	Data 0.015 (0.023)	Loss 0.0141 (0.0203)	MAE 0.091 (0.110)
Epoch: [18][16/114]	Time 0.107 (0.113)	Data 0.018 (0.023)	Loss 0.0242 (0.0206)	MAE 0.132 (0.111)
Epoch: [18][17/114]	Time 0.103 (0.113)	Data 0.019 (0.023)	Loss 0.0125 (0.0201)	MAE 0.085 (0.110)
Epoch: [18][18/114]	Time 0.113 (0.113)	Data 0.018 (0.023)	Loss 0.0141 (0.0198)	MAE 0.091 (0.109)
Epoch: [18][19/114]	Time 0.115 (0.113)	Data 0.021 (0.022)	Loss 0.0236 (0.0200)	MAE 0.112 (0.109)
Epoch: [18][20/114]	Time 0.117 (0.113)	Data 0.023 (0.022)	Loss 0.0165 (0.0198)	MAE 0.101 (0.109)
Epoch: [18][21/114]	Time 0.118 (0.113)	Data 0.024 (0.023)	Loss 0.1017 (0.0235)	MAE 0.170 (0.111)
Epoch: [18][22/114]	Time 0.121 (0.113)	Data 0.023 (0.023)	Loss 0.0266 (0.0237)	MAE 0.123 (0.112)
Epoch: [18][23/114]	Time 0.114 (0.114)	Data 0.024 (0.023)	Loss 0.0155 (0.0233)	MAE 0.093 (0.111)
Epoch: [18][24/114]	Time 0.115 (0.114)	Data 0.023 (0.023)	Loss 0.0189 (0.0232)	MAE 0.109 (0.111)
Epoch: [18][25/114]	Time 0.113 (0.114)	Data 0.021 (0.023)	Loss 0.0176 (0.0229)	MAE 0.097 (0.111)
Epoch: [18][26/114]	Time 0.125 (0.114)	Data 0.027 (0.023)	Loss 0.0177 (0.0227)	MAE 0.102 (0.110)
Epoch: [18][27/114]	Time 0.122 (0.114)	Data 0.031 (0.023)	Loss 0.0184 (0.0226)	MAE 0.110 (0.110)
Epoch: [18][28/114]	Time 0.114 (0.114)	Data 0.025 (0.023)	Loss 0.0126 (0.0222)	MAE 0.086 (0.109)
Epoch: [18][29/114]	Time 0.130 (0.115)	Data 0.031 (0.023)	Loss 0.0215 (0.0222)	MAE 0.112 (0.109)
Epoch: [18][30/114]	Time 0.112 (0.115)	Data 0.019 (0.023)	Loss 0.0201 (0.0221)	MAE 0.106 (0.109)
Epoch: [18][31/114]	Time 0.120 (0.115)	Data 0.025 (0.023)	Loss 0.0166 (0.0220)	MAE 0.098 (0.109)
Epoch: [18][32/114]	Time 0.115 (0.115)	Data 0.022 (0.023)	Loss 0.0165 (0.0218)	MAE 0.102 (0.109)
Epoch: [18][33/114]	Time 0.117 (0.115)	Data 0.017 (0.023)	Loss 0.0289 (0.0220)	MAE 0.136 (0.110)
Epoch: [18][34/114]	Time 0.104 (0.115)	Data 0.020 (0.023)	Loss 0.0170 (0.0219)	MAE 0.097 (0.109)
Epoch: [18][35/114]	Time 0.106 (0.114)	Data 0.018 (0.023)	Loss 0.0143 (0.0217)	MAE 0.089 (0.109)
Epoch: [18][36/114]	Time 0.113 (0.114)	Data 0.021 (0.023)	Loss 0.0190 (0.0216)	MAE 0.102 (0.108)
Epoch: [18][37/114]	Time 0.115 (0.114)	Data 0.019 (0.023)	Loss 0.0139 (0.0214)	MAE 0.087 (0.108)
Epoch: [18][38/114]	Time 0.107 (0.114)	Data 0.016 (0.023)	Loss 0.0472 (0.0221)	MAE 0.192 (0.110)
Epoch: [18][39/114]	Time 0.119 (0.114)	Data 0.020 (0.023)	Loss 0.0127 (0.0218)	MAE 0.087 (0.109)
Epoch: [18][40/114]	Time 0.114 (0.114)	Data 0.018 (0.022)	Loss 0.0346 (0.0221)	MAE 0.160 (0.111)
Epoch: [18][41/114]	Time 0.120 (0.114)	Data 0.025 (0.022)	Loss 0.0181 (0.0220)	MAE 0.104 (0.111)
Epoch: [18][42/114]	Time 0.111 (0.114)	Data 0.021 (0.022)	Loss 0.0160 (0.0219)	MAE 0.092 (0.110)
Epoch: [18][43/114]	Time 0.109 (0.114)	Data 0.013 (0.022)	Loss 0.0113 (0.0217)	MAE 0.083 (0.109)
Epoch: [18][44/114]	Time 0.112 (0.114)	Data 0.016 (0.022)	Loss 0.0217 (0.0217)	MAE 0.118 (0.110)
Epoch: [18][45/114]	Time 0.115 (0.114)	Data 0.016 (0.022)	Loss 0.0193 (0.0216)	MAE 0.115 (0.110)
Epoch: [18][46/114]	Time 0.135 (0.115)	Data 0.033 (0.022)	Loss 0.0246 (0.0217)	MAE 0.130 (0.110)
Epoch: [18][47/114]	Time 0.104 (0.114)	Data 0.015 (0.022)	Loss 0.0205 (0.0216)	MAE 0.109 (0.110)
Epoch: [18][48/114]	Time 0.112 (0.114)	Data 0.021 (0.022)	Loss 0.0140 (0.0215)	MAE 0.094 (0.110)
Epoch: [18][49/114]	Time 0.109 (0.114)	Data 0.017 (0.022)	Loss 0.0149 (0.0214)	MAE 0.092 (0.109)
Epoch: [18][50/114]	Time 0.104 (0.114)	Data 0.019 (0.022)	Loss 0.0255 (0.0214)	MAE 0.128 (0.110)
Epoch: [18][51/114]	Time 0.107 (0.114)	Data 0.016 (0.022)	Loss 0.0298 (0.0216)	MAE 0.148 (0.111)
Epoch: [18][52/114]	Time 0.113 (0.114)	Data 0.019 (0.022)	Loss 0.0154 (0.0215)	MAE 0.100 (0.110)
Epoch: [18][53/114]	Time 0.111 (0.114)	Data 0.018 (0.022)	Loss 0.0424 (0.0219)	MAE 0.179 (0.112)
Epoch: [18][54/114]	Time 0.127 (0.114)	Data 0.033 (0.022)	Loss 0.0179 (0.0218)	MAE 0.108 (0.112)
Epoch: [18][55/114]	Time 0.122 (0.114)	Data 0.025 (0.022)	Loss 0.0183 (0.0217)	MAE 0.100 (0.111)
Epoch: [18][56/114]	Time 0.117 (0.114)	Data 0.025 (0.022)	Loss 0.0181 (0.0217)	MAE 0.109 (0.111)
Epoch: [18][57/114]	Time 0.125 (0.114)	Data 0.024 (0.022)	Loss 0.0218 (0.0217)	MAE 0.099 (0.111)
Epoch: [18][58/114]	Time 0.113 (0.114)	Data 0.018 (0.022)	Loss 0.0354 (0.0219)	MAE 0.162 (0.112)
Epoch: [18][59/114]	Time 0.112 (0.114)	Data 0.015 (0.022)	Loss 0.0500 (0.0224)	MAE 0.193 (0.113)
Epoch: [18][60/114]	Time 0.119 (0.114)	Data 0.020 (0.022)	Loss 0.0147 (0.0222)	MAE 0.095 (0.113)
Epoch: [18][61/114]	Time 0.128 (0.115)	Data 0.029 (0.022)	Loss 0.0271 (0.0223)	MAE 0.135 (0.113)
Epoch: [18][62/114]	Time 0.108 (0.115)	Data 0.019 (0.022)	Loss 0.0219 (0.0223)	MAE 0.131 (0.114)
Epoch: [18][63/114]	Time 0.116 (0.115)	Data 0.021 (0.022)	Loss 0.0300 (0.0224)	MAE 0.144 (0.114)
Epoch: [18][64/114]	Time 0.108 (0.114)	Data 0.016 (0.022)	Loss 0.0192 (0.0224)	MAE 0.110 (0.114)
Epoch: [18][65/114]	Time 0.121 (0.115)	Data 0.028 (0.022)	Loss 0.0313 (0.0225)	MAE 0.157 (0.115)
Epoch: [18][66/114]	Time 0.107 (0.114)	Data 0.016 (0.022)	Loss 0.0225 (0.0225)	MAE 0.115 (0.115)
Epoch: [18][67/114]	Time 0.111 (0.114)	Data 0.024 (0.022)	Loss 0.0168 (0.0224)	MAE 0.106 (0.115)
Epoch: [18][68/114]	Time 0.108 (0.114)	Data 0.018 (0.022)	Loss 0.0222 (0.0224)	MAE 0.127 (0.115)
Epoch: [18][69/114]	Time 0.117 (0.114)	Data 0.023 (0.022)	Loss 0.0384 (0.0227)	MAE 0.108 (0.115)
Epoch: [18][70/114]	Time 0.104 (0.114)	Data 0.016 (0.022)	Loss 0.0238 (0.0227)	MAE 0.122 (0.115)
Epoch: [18][71/114]	Time 0.114 (0.114)	Data 0.020 (0.022)	Loss 0.0244 (0.0227)	MAE 0.117 (0.115)
Epoch: [18][72/114]	Time 0.107 (0.114)	Data 0.018 (0.022)	Loss 0.0254 (0.0227)	MAE 0.127 (0.115)
Epoch: [18][73/114]	Time 0.112 (0.114)	Data 0.021 (0.022)	Loss 0.0202 (0.0227)	MAE 0.116 (0.115)
Epoch: [18][74/114]	Time 0.106 (0.114)	Data 0.020 (0.022)	Loss 0.0289 (0.0228)	MAE 0.125 (0.115)
Epoch: [18][75/114]	Time 0.115 (0.114)	Data 0.020 (0.022)	Loss 0.0164 (0.0227)	MAE 0.096 (0.115)
Epoch: [18][76/114]	Time 0.110 (0.114)	Data 0.017 (0.021)	Loss 0.0179 (0.0226)	MAE 0.094 (0.115)
Epoch: [18][77/114]	Time 0.116 (0.114)	Data 0.023 (0.021)	Loss 0.0598 (0.0231)	MAE 0.213 (0.116)
Epoch: [18][78/114]	Time 0.109 (0.114)	Data 0.013 (0.021)	Loss 0.0363 (0.0233)	MAE 0.168 (0.117)
Epoch: [18][79/114]	Time 0.135 (0.114)	Data 0.041 (0.022)	Loss 0.0368 (0.0235)	MAE 0.168 (0.117)
Epoch: [18][80/114]	Time 0.116 (0.114)	Data 0.021 (0.022)	Loss 0.0164 (0.0234)	MAE 0.101 (0.117)
Epoch: [18][81/114]	Time 0.111 (0.114)	Data 0.023 (0.022)	Loss 0.0138 (0.0233)	MAE 0.087 (0.117)
Epoch: [18][82/114]	Time 0.112 (0.114)	Data 0.023 (0.022)	Loss 0.0216 (0.0232)	MAE 0.103 (0.116)
Epoch: [18][83/114]	Time 0.107 (0.114)	Data 0.019 (0.022)	Loss 0.0302 (0.0233)	MAE 0.147 (0.117)
Epoch: [18][84/114]	Time 0.119 (0.114)	Data 0.024 (0.022)	Loss 0.0154 (0.0232)	MAE 0.097 (0.117)
Epoch: [18][85/114]	Time 0.116 (0.114)	Data 0.025 (0.022)	Loss 0.0375 (0.0234)	MAE 0.170 (0.117)
Epoch: [18][86/114]	Time 0.112 (0.114)	Data 0.019 (0.022)	Loss 0.0171 (0.0233)	MAE 0.101 (0.117)
Epoch: [18][87/114]	Time 0.117 (0.114)	Data 0.026 (0.022)	Loss 0.0126 (0.0232)	MAE 0.086 (0.117)
Epoch: [18][88/114]	Time 0.109 (0.114)	Data 0.017 (0.022)	Loss 0.0228 (0.0232)	MAE 0.121 (0.117)
Epoch: [18][89/114]	Time 0.112 (0.114)	Data 0.022 (0.022)	Loss 0.0343 (0.0233)	MAE 0.165 (0.117)
Epoch: [18][90/114]	Time 0.109 (0.114)	Data 0.015 (0.022)	Loss 0.0448 (0.0235)	MAE 0.193 (0.118)
Epoch: [18][91/114]	Time 0.109 (0.114)	Data 0.019 (0.022)	Loss 0.0195 (0.0235)	MAE 0.119 (0.118)
Epoch: [18][92/114]	Time 0.108 (0.114)	Data 0.016 (0.021)	Loss 0.0147 (0.0234)	MAE 0.091 (0.118)
Epoch: [18][93/114]	Time 0.114 (0.114)	Data 0.019 (0.021)	Loss 0.0164 (0.0233)	MAE 0.095 (0.118)
Epoch: [18][94/114]	Time 0.110 (0.114)	Data 0.019 (0.021)	Loss 0.0250 (0.0234)	MAE 0.119 (0.118)
Epoch: [18][95/114]	Time 0.111 (0.114)	Data 0.019 (0.021)	Loss 0.0251 (0.0234)	MAE 0.118 (0.118)
Epoch: [18][96/114]	Time 0.117 (0.114)	Data 0.023 (0.021)	Loss 0.0113 (0.0232)	MAE 0.084 (0.117)
Epoch: [18][97/114]	Time 0.116 (0.114)	Data 0.024 (0.021)	Loss 0.0270 (0.0233)	MAE 0.130 (0.117)
Epoch: [18][98/114]	Time 0.112 (0.114)	Data 0.022 (0.021)	Loss 0.0167 (0.0232)	MAE 0.097 (0.117)
Epoch: [18][99/114]	Time 0.115 (0.114)	Data 0.022 (0.021)	Loss 0.0244 (0.0232)	MAE 0.132 (0.117)
Epoch: [18][100/114]	Time 0.105 (0.114)	Data 0.014 (0.021)	Loss 0.0294 (0.0233)	MAE 0.137 (0.117)
Epoch: [18][101/114]	Time 0.123 (0.114)	Data 0.026 (0.021)	Loss 0.0173 (0.0232)	MAE 0.103 (0.117)
Epoch: [18][102/114]	Time 0.104 (0.114)	Data 0.019 (0.021)	Loss 0.0368 (0.0234)	MAE 0.121 (0.117)
Epoch: [18][103/114]	Time 0.109 (0.114)	Data 0.020 (0.021)	Loss 0.0200 (0.0233)	MAE 0.101 (0.117)
Epoch: [18][104/114]	Time 0.109 (0.114)	Data 0.014 (0.021)	Loss 0.0148 (0.0233)	MAE 0.093 (0.117)
Epoch: [18][105/114]	Time 0.135 (0.114)	Data 0.029 (0.021)	Loss 0.0291 (0.0233)	MAE 0.146 (0.117)
Epoch: [18][106/114]	Time 0.112 (0.114)	Data 0.022 (0.021)	Loss 0.0158 (0.0232)	MAE 0.089 (0.117)
Epoch: [18][107/114]	Time 0.106 (0.114)	Data 0.019 (0.021)	Loss 0.0130 (0.0231)	MAE 0.088 (0.117)
Epoch: [18][108/114]	Time 0.099 (0.114)	Data 0.012 (0.021)	Loss 0.0363 (0.0233)	MAE 0.167 (0.117)
Epoch: [18][109/114]	Time 0.115 (0.114)	Data 0.023 (0.021)	Loss 0.0195 (0.0232)	MAE 0.113 (0.117)
Epoch: [18][110/114]	Time 0.106 (0.114)	Data 0.014 (0.021)	Loss 0.0244 (0.0232)	MAE 0.139 (0.117)
Epoch: [18][111/114]	Time 0.107 (0.114)	Data 0.018 (0.021)	Loss 0.0875 (0.0238)	MAE 0.113 (0.117)
Epoch: [18][112/114]	Time 0.105 (0.113)	Data 0.015 (0.021)	Loss 0.0245 (0.0238)	MAE 0.122 (0.117)
Epoch: [18][113/114]	Time 0.087 (0.113)	Data 0.025 (0.021)	Loss 0.0271 (0.0238)	MAE 0.125 (0.117)
Test: [0/15]	Time 0.054 (0.054)	Loss 0.0146 (0.0146)	MAE 0.088 (0.088)
Test: [1/15]	Time 0.045 (0.049)	Loss 0.0199 (0.0172)	MAE 0.088 (0.088)
Test: [2/15]	Time 0.050 (0.050)	Loss 0.0190 (0.0178)	MAE 0.088 (0.088)
Test: [3/15]	Time 0.045 (0.048)	Loss 0.0109 (0.0161)	MAE 0.078 (0.086)
Test: [4/15]	Time 0.047 (0.048)	Loss 0.0140 (0.0157)	MAE 0.088 (0.086)
Test: [5/15]	Time 0.045 (0.048)	Loss 0.0233 (0.0169)	MAE 0.095 (0.088)
Test: [6/15]	Time 0.055 (0.049)	Loss 0.0171 (0.0170)	MAE 0.087 (0.088)
Test: [7/15]	Time 0.057 (0.050)	Loss 0.0121 (0.0164)	MAE 0.079 (0.086)
Test: [8/15]	Time 0.041 (0.049)	Loss 0.0140 (0.0161)	MAE 0.085 (0.086)
Test: [9/15]	Time 0.047 (0.049)	Loss 0.0255 (0.0170)	MAE 0.103 (0.088)
Test: [10/15]	Time 0.051 (0.049)	Loss 0.0227 (0.0176)	MAE 0.102 (0.089)
Test: [11/15]	Time 0.064 (0.050)	Loss 0.0149 (0.0173)	MAE 0.087 (0.089)
Test: [12/15]	Time 0.060 (0.051)	Loss 0.0223 (0.0177)	MAE 0.093 (0.089)
Test: [13/15]	Time 0.052 (0.051)	Loss 0.0133 (0.0174)	MAE 0.088 (0.089)
Test: [14/15]	Time 0.015 (0.049)	Loss 0.0341 (0.0176)	MAE 0.115 (0.090)
 * MAE 0.090
Epoch: [19][0/114]	Time 0.150 (0.150)	Data 0.058 (0.058)	Loss 0.0311 (0.0311)	MAE 0.129 (0.129)
Epoch: [19][1/114]	Time 0.112 (0.131)	Data 0.022 (0.040)	Loss 0.0140 (0.0226)	MAE 0.087 (0.108)
Epoch: [19][2/114]	Time 0.104 (0.122)	Data 0.014 (0.031)	Loss 0.0168 (0.0207)	MAE 0.100 (0.105)
Epoch: [19][3/114]	Time 0.120 (0.122)	Data 0.020 (0.028)	Loss 0.0175 (0.0199)	MAE 0.098 (0.103)
Epoch: [19][4/114]	Time 0.143 (0.126)	Data 0.040 (0.031)	Loss 0.0188 (0.0196)	MAE 0.102 (0.103)
Epoch: [19][5/114]	Time 0.114 (0.124)	Data 0.022 (0.029)	Loss 0.0318 (0.0217)	MAE 0.153 (0.111)
Epoch: [19][6/114]	Time 0.110 (0.122)	Data 0.019 (0.028)	Loss 0.0205 (0.0215)	MAE 0.118 (0.112)
Epoch: [19][7/114]	Time 0.111 (0.121)	Data 0.018 (0.027)	Loss 0.0171 (0.0210)	MAE 0.096 (0.110)
Epoch: [19][8/114]	Time 0.120 (0.121)	Data 0.029 (0.027)	Loss 0.0141 (0.0202)	MAE 0.095 (0.109)
Epoch: [19][9/114]	Time 0.108 (0.119)	Data 0.016 (0.026)	Loss 0.0222 (0.0204)	MAE 0.117 (0.109)
Epoch: [19][10/114]	Time 0.112 (0.119)	Data 0.019 (0.025)	Loss 0.0154 (0.0199)	MAE 0.089 (0.108)
Epoch: [19][11/114]	Time 0.102 (0.117)	Data 0.015 (0.024)	Loss 0.0226 (0.0202)	MAE 0.104 (0.107)
Epoch: [19][12/114]	Time 0.108 (0.117)	Data 0.018 (0.024)	Loss 0.0138 (0.0197)	MAE 0.096 (0.106)
Epoch: [19][13/114]	Time 0.103 (0.116)	Data 0.016 (0.023)	Loss 0.0137 (0.0192)	MAE 0.085 (0.105)
Epoch: [19][14/114]	Time 0.112 (0.115)	Data 0.019 (0.023)	Loss 0.0624 (0.0221)	MAE 0.221 (0.113)
Epoch: [19][15/114]	Time 0.115 (0.115)	Data 0.019 (0.023)	Loss 0.0884 (0.0263)	MAE 0.132 (0.114)
Epoch: [19][16/114]	Time 0.114 (0.115)	Data 0.017 (0.022)	Loss 0.0196 (0.0259)	MAE 0.114 (0.114)
Epoch: [19][17/114]	Time 0.113 (0.115)	Data 0.018 (0.022)	Loss 0.0266 (0.0259)	MAE 0.117 (0.114)
Epoch: [19][18/114]	Time 0.126 (0.116)	Data 0.031 (0.023)	Loss 0.0586 (0.0276)	MAE 0.230 (0.120)
Epoch: [19][19/114]	Time 0.119 (0.116)	Data 0.025 (0.023)	Loss 0.0197 (0.0272)	MAE 0.113 (0.120)
Epoch: [19][20/114]	Time 0.113 (0.116)	Data 0.021 (0.023)	Loss 0.0143 (0.0266)	MAE 0.095 (0.119)
Epoch: [19][21/114]	Time 0.104 (0.115)	Data 0.013 (0.022)	Loss 0.0141 (0.0261)	MAE 0.091 (0.117)
Epoch: [19][22/114]	Time 0.117 (0.115)	Data 0.024 (0.022)	Loss 0.0158 (0.0256)	MAE 0.100 (0.117)
Epoch: [19][23/114]	Time 0.114 (0.115)	Data 0.017 (0.022)	Loss 0.0357 (0.0260)	MAE 0.145 (0.118)
Epoch: [19][24/114]	Time 0.122 (0.116)	Data 0.026 (0.022)	Loss 0.0228 (0.0259)	MAE 0.116 (0.118)
Epoch: [19][25/114]	Time 0.112 (0.115)	Data 0.026 (0.022)	Loss 0.0240 (0.0258)	MAE 0.121 (0.118)
Epoch: [19][26/114]	Time 0.114 (0.115)	Data 0.027 (0.023)	Loss 0.0980 (0.0285)	MAE 0.128 (0.118)
Epoch: [19][27/114]	Time 0.109 (0.115)	Data 0.019 (0.022)	Loss 0.0265 (0.0284)	MAE 0.136 (0.119)
Epoch: [19][28/114]	Time 0.111 (0.115)	Data 0.024 (0.023)	Loss 0.0247 (0.0283)	MAE 0.131 (0.119)
Epoch: [19][29/114]	Time 0.106 (0.115)	Data 0.018 (0.022)	Loss 0.0343 (0.0285)	MAE 0.164 (0.121)
Epoch: [19][30/114]	Time 0.115 (0.115)	Data 0.025 (0.022)	Loss 0.0284 (0.0285)	MAE 0.143 (0.121)
Epoch: [19][31/114]	Time 0.106 (0.114)	Data 0.016 (0.022)	Loss 0.0468 (0.0291)	MAE 0.197 (0.124)
Epoch: [19][32/114]	Time 0.105 (0.114)	Data 0.017 (0.022)	Loss 0.0170 (0.0287)	MAE 0.100 (0.123)
Epoch: [19][33/114]	Time 0.110 (0.114)	Data 0.020 (0.022)	Loss 0.0158 (0.0283)	MAE 0.103 (0.123)
Epoch: [19][34/114]	Time 0.117 (0.114)	Data 0.027 (0.022)	Loss 0.0475 (0.0289)	MAE 0.202 (0.125)
Epoch: [19][35/114]	Time 0.106 (0.114)	Data 0.014 (0.022)	Loss 0.0234 (0.0287)	MAE 0.117 (0.125)
Epoch: [19][36/114]	Time 0.114 (0.114)	Data 0.021 (0.022)	Loss 0.0222 (0.0285)	MAE 0.100 (0.124)
Epoch: [19][37/114]	Time 0.110 (0.114)	Data 0.017 (0.022)	Loss 0.0207 (0.0283)	MAE 0.116 (0.124)
Epoch: [19][38/114]	Time 0.129 (0.114)	Data 0.030 (0.022)	Loss 0.0219 (0.0282)	MAE 0.118 (0.124)
Epoch: [19][39/114]	Time 0.117 (0.114)	Data 0.024 (0.022)	Loss 0.0129 (0.0278)	MAE 0.090 (0.123)
Epoch: [19][40/114]	Time 0.109 (0.114)	Data 0.023 (0.022)	Loss 0.0222 (0.0277)	MAE 0.124 (0.123)
Epoch: [19][41/114]	Time 0.105 (0.114)	Data 0.018 (0.022)	Loss 0.0169 (0.0274)	MAE 0.100 (0.122)
Epoch: [19][42/114]	Time 0.115 (0.114)	Data 0.024 (0.022)	Loss 0.0145 (0.0271)	MAE 0.095 (0.122)
Epoch: [19][43/114]	Time 0.119 (0.114)	Data 0.022 (0.022)	Loss 0.0216 (0.0270)	MAE 0.122 (0.122)
Epoch: [19][44/114]	Time 0.115 (0.114)	Data 0.025 (0.022)	Loss 0.0156 (0.0267)	MAE 0.096 (0.121)
Epoch: [19][45/114]	Time 0.106 (0.114)	Data 0.013 (0.022)	Loss 0.0201 (0.0266)	MAE 0.119 (0.121)
Epoch: [19][46/114]	Time 0.113 (0.114)	Data 0.024 (0.022)	Loss 0.0187 (0.0264)	MAE 0.095 (0.120)
Epoch: [19][47/114]	Time 0.097 (0.114)	Data 0.013 (0.022)	Loss 0.0332 (0.0266)	MAE 0.150 (0.121)
Epoch: [19][48/114]	Time 0.113 (0.114)	Data 0.020 (0.022)	Loss 0.0134 (0.0263)	MAE 0.090 (0.120)
Epoch: [19][49/114]	Time 0.107 (0.113)	Data 0.015 (0.022)	Loss 0.0346 (0.0265)	MAE 0.157 (0.121)
Epoch: [19][50/114]	Time 0.110 (0.113)	Data 0.017 (0.022)	Loss 0.0219 (0.0264)	MAE 0.122 (0.121)
Epoch: [19][51/114]	Time 0.099 (0.113)	Data 0.015 (0.021)	Loss 0.0212 (0.0263)	MAE 0.122 (0.121)
Epoch: [19][52/114]	Time 0.115 (0.113)	Data 0.025 (0.021)	Loss 0.0123 (0.0260)	MAE 0.087 (0.121)
Epoch: [19][53/114]	Time 0.107 (0.113)	Data 0.017 (0.021)	Loss 0.0432 (0.0263)	MAE 0.120 (0.121)
Epoch: [19][54/114]	Time 0.120 (0.113)	Data 0.030 (0.022)	Loss 0.0240 (0.0263)	MAE 0.130 (0.121)
Epoch: [19][55/114]	Time 0.102 (0.113)	Data 0.015 (0.021)	Loss 0.0181 (0.0261)	MAE 0.100 (0.120)
Epoch: [19][56/114]	Time 0.109 (0.113)	Data 0.018 (0.021)	Loss 0.0159 (0.0260)	MAE 0.101 (0.120)
Epoch: [19][57/114]	Time 0.115 (0.113)	Data 0.023 (0.021)	Loss 0.0126 (0.0257)	MAE 0.085 (0.119)
Epoch: [19][58/114]	Time 0.128 (0.113)	Data 0.036 (0.022)	Loss 0.0209 (0.0256)	MAE 0.119 (0.119)
Epoch: [19][59/114]	Time 0.111 (0.113)	Data 0.021 (0.022)	Loss 0.0154 (0.0255)	MAE 0.096 (0.119)
Epoch: [19][60/114]	Time 0.105 (0.113)	Data 0.019 (0.022)	Loss 0.0141 (0.0253)	MAE 0.085 (0.118)
Epoch: [19][61/114]	Time 0.102 (0.113)	Data 0.013 (0.021)	Loss 0.0162 (0.0251)	MAE 0.103 (0.118)
Epoch: [19][62/114]	Time 0.109 (0.113)	Data 0.019 (0.021)	Loss 0.0226 (0.0251)	MAE 0.115 (0.118)
Epoch: [19][63/114]	Time 0.107 (0.113)	Data 0.019 (0.021)	Loss 0.0228 (0.0251)	MAE 0.109 (0.118)
Epoch: [19][64/114]	Time 0.128 (0.113)	Data 0.035 (0.022)	Loss 0.0326 (0.0252)	MAE 0.151 (0.118)
Epoch: [19][65/114]	Time 0.109 (0.113)	Data 0.019 (0.022)	Loss 0.0166 (0.0250)	MAE 0.099 (0.118)
Epoch: [19][66/114]	Time 0.112 (0.113)	Data 0.021 (0.022)	Loss 0.0177 (0.0249)	MAE 0.105 (0.118)
Epoch: [19][67/114]	Time 0.106 (0.113)	Data 0.016 (0.021)	Loss 0.0209 (0.0249)	MAE 0.112 (0.118)
Epoch: [19][68/114]	Time 0.114 (0.113)	Data 0.023 (0.021)	Loss 0.0256 (0.0249)	MAE 0.133 (0.118)
Epoch: [19][69/114]	Time 0.103 (0.113)	Data 0.014 (0.021)	Loss 0.0177 (0.0248)	MAE 0.098 (0.118)
Epoch: [19][70/114]	Time 0.116 (0.113)	Data 0.023 (0.021)	Loss 0.0255 (0.0248)	MAE 0.135 (0.118)
Epoch: [19][71/114]	Time 0.106 (0.113)	Data 0.014 (0.021)	Loss 0.0233 (0.0248)	MAE 0.115 (0.118)
Epoch: [19][72/114]	Time 0.112 (0.113)	Data 0.019 (0.021)	Loss 0.0169 (0.0247)	MAE 0.096 (0.118)
Epoch: [19][73/114]	Time 0.108 (0.113)	Data 0.015 (0.021)	Loss 0.0337 (0.0248)	MAE 0.137 (0.118)
Epoch: [19][74/114]	Time 0.112 (0.113)	Data 0.019 (0.021)	Loss 0.0186 (0.0247)	MAE 0.112 (0.118)
Epoch: [19][75/114]	Time 0.101 (0.112)	Data 0.015 (0.021)	Loss 0.0190 (0.0246)	MAE 0.107 (0.118)
Epoch: [19][76/114]	Time 0.112 (0.112)	Data 0.023 (0.021)	Loss 0.0236 (0.0246)	MAE 0.132 (0.118)
Epoch: [19][77/114]	Time 0.117 (0.112)	Data 0.019 (0.021)	Loss 0.0143 (0.0245)	MAE 0.096 (0.118)
Epoch: [19][78/114]	Time 0.116 (0.112)	Data 0.021 (0.021)	Loss 0.0190 (0.0244)	MAE 0.117 (0.118)
Epoch: [19][79/114]	Time 0.108 (0.112)	Data 0.022 (0.021)	Loss 0.0142 (0.0243)	MAE 0.096 (0.117)
Epoch: [19][80/114]	Time 0.111 (0.112)	Data 0.023 (0.021)	Loss 0.0170 (0.0242)	MAE 0.091 (0.117)
Epoch: [19][81/114]	Time 0.114 (0.112)	Data 0.020 (0.021)	Loss 0.0141 (0.0241)	MAE 0.091 (0.117)
Epoch: [19][82/114]	Time 0.105 (0.112)	Data 0.018 (0.021)	Loss 0.0191 (0.0240)	MAE 0.112 (0.117)
Epoch: [19][83/114]	Time 0.106 (0.112)	Data 0.013 (0.021)	Loss 0.0384 (0.0242)	MAE 0.118 (0.117)
Epoch: [19][84/114]	Time 0.125 (0.112)	Data 0.030 (0.021)	Loss 0.0111 (0.0240)	MAE 0.083 (0.116)
Epoch: [19][85/114]	Time 0.107 (0.112)	Data 0.017 (0.021)	Loss 0.0175 (0.0240)	MAE 0.100 (0.116)
Epoch: [19][86/114]	Time 0.115 (0.112)	Data 0.022 (0.021)	Loss 0.0182 (0.0239)	MAE 0.112 (0.116)
Epoch: [19][87/114]	Time 0.105 (0.112)	Data 0.016 (0.021)	Loss 0.0146 (0.0238)	MAE 0.092 (0.116)
Epoch: [19][88/114]	Time 0.116 (0.112)	Data 0.024 (0.021)	Loss 0.0196 (0.0237)	MAE 0.113 (0.116)
Epoch: [19][89/114]	Time 0.111 (0.112)	Data 0.017 (0.021)	Loss 0.0173 (0.0237)	MAE 0.108 (0.116)
Epoch: [19][90/114]	Time 0.100 (0.112)	Data 0.015 (0.021)	Loss 0.0214 (0.0236)	MAE 0.121 (0.116)
Epoch: [19][91/114]	Time 0.106 (0.112)	Data 0.013 (0.021)	Loss 0.0162 (0.0236)	MAE 0.095 (0.116)
Epoch: [19][92/114]	Time 0.106 (0.112)	Data 0.018 (0.021)	Loss 0.0154 (0.0235)	MAE 0.091 (0.115)
Epoch: [19][93/114]	Time 0.107 (0.112)	Data 0.020 (0.021)	Loss 0.0248 (0.0235)	MAE 0.125 (0.115)
Epoch: [19][94/114]	Time 0.121 (0.112)	Data 0.027 (0.021)	Loss 0.0175 (0.0234)	MAE 0.099 (0.115)
Epoch: [19][95/114]	Time 0.104 (0.112)	Data 0.014 (0.021)	Loss 0.0106 (0.0233)	MAE 0.086 (0.115)
Epoch: [19][96/114]	Time 0.110 (0.112)	Data 0.021 (0.021)	Loss 0.0179 (0.0232)	MAE 0.105 (0.115)
Epoch: [19][97/114]	Time 0.115 (0.112)	Data 0.022 (0.021)	Loss 0.0161 (0.0232)	MAE 0.092 (0.115)
Epoch: [19][98/114]	Time 0.114 (0.112)	Data 0.018 (0.021)	Loss 0.0127 (0.0231)	MAE 0.088 (0.114)
Epoch: [19][99/114]	Time 0.115 (0.112)	Data 0.020 (0.021)	Loss 0.0189 (0.0230)	MAE 0.110 (0.114)
Epoch: [19][100/114]	Time 0.114 (0.112)	Data 0.021 (0.021)	Loss 0.0199 (0.0230)	MAE 0.090 (0.114)
Epoch: [19][101/114]	Time 0.105 (0.112)	Data 0.017 (0.021)	Loss 0.0163 (0.0229)	MAE 0.104 (0.114)
Epoch: [19][102/114]	Time 0.110 (0.112)	Data 0.022 (0.021)	Loss 0.0163 (0.0229)	MAE 0.105 (0.114)
Epoch: [19][103/114]	Time 0.110 (0.112)	Data 0.018 (0.021)	Loss 0.0121 (0.0227)	MAE 0.087 (0.114)
Epoch: [19][104/114]	Time 0.127 (0.112)	Data 0.036 (0.021)	Loss 0.0186 (0.0227)	MAE 0.110 (0.114)
Epoch: [19][105/114]	Time 0.121 (0.112)	Data 0.024 (0.021)	Loss 0.0184 (0.0227)	MAE 0.111 (0.113)
Epoch: [19][106/114]	Time 0.108 (0.112)	Data 0.017 (0.021)	Loss 0.0272 (0.0227)	MAE 0.119 (0.114)
Epoch: [19][107/114]	Time 0.112 (0.112)	Data 0.021 (0.021)	Loss 0.0192 (0.0227)	MAE 0.102 (0.113)
Epoch: [19][108/114]	Time 0.120 (0.112)	Data 0.026 (0.021)	Loss 0.0114 (0.0226)	MAE 0.089 (0.113)
Epoch: [19][109/114]	Time 0.107 (0.112)	Data 0.016 (0.021)	Loss 0.0167 (0.0225)	MAE 0.107 (0.113)
Epoch: [19][110/114]	Time 0.104 (0.112)	Data 0.017 (0.021)	Loss 0.0252 (0.0225)	MAE 0.122 (0.113)
Epoch: [19][111/114]	Time 0.117 (0.112)	Data 0.017 (0.021)	Loss 0.0157 (0.0225)	MAE 0.093 (0.113)
Epoch: [19][112/114]	Time 0.111 (0.112)	Data 0.019 (0.021)	Loss 0.0179 (0.0224)	MAE 0.106 (0.113)
Epoch: [19][113/114]	Time 0.091 (0.112)	Data 0.027 (0.021)	Loss 0.0194 (0.0224)	MAE 0.109 (0.113)
Test: [0/15]	Time 0.048 (0.048)	Loss 0.0283 (0.0283)	MAE 0.113 (0.113)
Test: [1/15]	Time 0.046 (0.047)	Loss 0.0386 (0.0334)	MAE 0.133 (0.123)
Test: [2/15]	Time 0.041 (0.045)	Loss 0.0232 (0.0300)	MAE 0.110 (0.119)
Test: [3/15]	Time 0.048 (0.046)	Loss 0.0188 (0.0272)	MAE 0.101 (0.114)
Test: [4/15]	Time 0.046 (0.046)	Loss 0.0201 (0.0258)	MAE 0.103 (0.112)
Test: [5/15]	Time 0.047 (0.046)	Loss 0.0260 (0.0258)	MAE 0.117 (0.113)
Test: [6/15]	Time 0.049 (0.046)	Loss 0.0206 (0.0251)	MAE 0.104 (0.111)
Test: [7/15]	Time 0.049 (0.047)	Loss 0.0221 (0.0247)	MAE 0.110 (0.111)
Test: [8/15]	Time 0.055 (0.048)	Loss 0.0258 (0.0248)	MAE 0.116 (0.112)
Test: [9/15]	Time 0.047 (0.048)	Loss 0.0298 (0.0253)	MAE 0.120 (0.113)
Test: [10/15]	Time 0.049 (0.048)	Loss 0.0155 (0.0244)	MAE 0.099 (0.111)
Test: [11/15]	Time 0.062 (0.049)	Loss 0.0232 (0.0243)	MAE 0.110 (0.111)
Test: [12/15]	Time 0.061 (0.050)	Loss 0.0209 (0.0241)	MAE 0.101 (0.110)
Test: [13/15]	Time 0.044 (0.049)	Loss 0.0244 (0.0241)	MAE 0.115 (0.111)
Test: [14/15]	Time 0.017 (0.047)	Loss 0.0111 (0.0239)	MAE 0.080 (0.110)
 * MAE 0.110
Epoch: [20][0/114]	Time 0.141 (0.141)	Data 0.055 (0.055)	Loss 0.0155 (0.0155)	MAE 0.097 (0.097)
Epoch: [20][1/114]	Time 0.113 (0.127)	Data 0.016 (0.035)	Loss 0.0363 (0.0259)	MAE 0.149 (0.123)
Epoch: [20][2/114]	Time 0.113 (0.122)	Data 0.020 (0.030)	Loss 0.0095 (0.0204)	MAE 0.075 (0.107)
Epoch: [20][3/114]	Time 0.131 (0.124)	Data 0.033 (0.031)	Loss 0.0196 (0.0202)	MAE 0.116 (0.109)
Epoch: [20][4/114]	Time 0.105 (0.121)	Data 0.014 (0.028)	Loss 0.0172 (0.0196)	MAE 0.105 (0.108)
Epoch: [20][5/114]	Time 0.112 (0.119)	Data 0.020 (0.026)	Loss 0.0117 (0.0183)	MAE 0.084 (0.104)
Epoch: [20][6/114]	Time 0.109 (0.118)	Data 0.019 (0.025)	Loss 0.0160 (0.0180)	MAE 0.099 (0.104)
Epoch: [20][7/114]	Time 0.114 (0.117)	Data 0.018 (0.024)	Loss 0.0145 (0.0175)	MAE 0.090 (0.102)
Epoch: [20][8/114]	Time 0.111 (0.117)	Data 0.019 (0.024)	Loss 0.0118 (0.0169)	MAE 0.084 (0.100)
Epoch: [20][9/114]	Time 0.106 (0.116)	Data 0.018 (0.023)	Loss 0.0153 (0.0167)	MAE 0.093 (0.099)
Epoch: [20][10/114]	Time 0.110 (0.115)	Data 0.021 (0.023)	Loss 0.0185 (0.0169)	MAE 0.103 (0.100)
Epoch: [20][11/114]	Time 0.115 (0.115)	Data 0.023 (0.023)	Loss 0.0436 (0.0191)	MAE 0.188 (0.107)
Epoch: [20][12/114]	Time 0.106 (0.114)	Data 0.016 (0.022)	Loss 0.0222 (0.0194)	MAE 0.110 (0.107)
Epoch: [20][13/114]	Time 0.111 (0.114)	Data 0.020 (0.022)	Loss 0.0163 (0.0191)	MAE 0.101 (0.107)
Epoch: [20][14/114]	Time 0.107 (0.114)	Data 0.020 (0.022)	Loss 0.0327 (0.0201)	MAE 0.123 (0.108)
Epoch: [20][15/114]	Time 0.111 (0.114)	Data 0.022 (0.022)	Loss 0.0147 (0.0197)	MAE 0.099 (0.107)
Epoch: [20][16/114]	Time 0.109 (0.113)	Data 0.020 (0.022)	Loss 0.0138 (0.0194)	MAE 0.091 (0.106)
Epoch: [20][17/114]	Time 0.128 (0.114)	Data 0.036 (0.023)	Loss 0.0167 (0.0192)	MAE 0.111 (0.107)
Epoch: [20][18/114]	Time 0.109 (0.114)	Data 0.018 (0.023)	Loss 0.0221 (0.0194)	MAE 0.119 (0.107)
Epoch: [20][19/114]	Time 0.113 (0.114)	Data 0.024 (0.023)	Loss 0.0143 (0.0191)	MAE 0.098 (0.107)
Epoch: [20][20/114]	Time 0.107 (0.113)	Data 0.013 (0.022)	Loss 0.0324 (0.0197)	MAE 0.159 (0.109)
Epoch: [20][21/114]	Time 0.116 (0.114)	Data 0.021 (0.022)	Loss 0.0170 (0.0196)	MAE 0.106 (0.109)
Epoch: [20][22/114]	Time 0.110 (0.113)	Data 0.019 (0.022)	Loss 0.0187 (0.0196)	MAE 0.103 (0.109)
Epoch: [20][23/114]	Time 0.127 (0.114)	Data 0.030 (0.022)	Loss 0.0127 (0.0193)	MAE 0.090 (0.108)
Epoch: [20][24/114]	Time 0.117 (0.114)	Data 0.027 (0.022)	Loss 0.0454 (0.0203)	MAE 0.198 (0.112)
Epoch: [20][25/114]	Time 0.114 (0.114)	Data 0.021 (0.022)	Loss 0.0131 (0.0201)	MAE 0.091 (0.111)
Epoch: [20][26/114]	Time 0.112 (0.114)	Data 0.020 (0.022)	Loss 0.0195 (0.0200)	MAE 0.111 (0.111)
Epoch: [20][27/114]	Time 0.107 (0.114)	Data 0.017 (0.022)	Loss 0.0185 (0.0200)	MAE 0.108 (0.111)
Epoch: [20][28/114]	Time 0.107 (0.113)	Data 0.021 (0.022)	Loss 0.0153 (0.0198)	MAE 0.096 (0.110)
Epoch: [20][29/114]	Time 0.101 (0.113)	Data 0.016 (0.022)	Loss 0.0184 (0.0198)	MAE 0.100 (0.110)
Epoch: [20][30/114]	Time 0.110 (0.113)	Data 0.021 (0.022)	Loss 0.0262 (0.0200)	MAE 0.133 (0.111)
Epoch: [20][31/114]	Time 0.106 (0.113)	Data 0.018 (0.022)	Loss 0.0306 (0.0203)	MAE 0.142 (0.112)
Epoch: [20][32/114]	Time 0.113 (0.113)	Data 0.020 (0.022)	Loss 0.0867 (0.0223)	MAE 0.146 (0.113)
Epoch: [20][33/114]	Time 0.106 (0.113)	Data 0.018 (0.022)	Loss 0.0218 (0.0223)	MAE 0.119 (0.113)
Epoch: [20][34/114]	Time 0.111 (0.113)	Data 0.025 (0.022)	Loss 0.0297 (0.0225)	MAE 0.136 (0.114)
Epoch: [20][35/114]	Time 0.116 (0.113)	Data 0.027 (0.022)	Loss 0.0125 (0.0222)	MAE 0.089 (0.113)
Epoch: [20][36/114]	Time 0.124 (0.113)	Data 0.032 (0.022)	Loss 0.0199 (0.0222)	MAE 0.113 (0.113)
Epoch: [20][37/114]	Time 0.123 (0.113)	Data 0.029 (0.022)	Loss 0.0136 (0.0219)	MAE 0.096 (0.112)
Epoch: [20][38/114]	Time 0.110 (0.113)	Data 0.022 (0.022)	Loss 0.0217 (0.0219)	MAE 0.096 (0.112)
Epoch: [20][39/114]	Time 0.107 (0.113)	Data 0.018 (0.022)	Loss 0.0280 (0.0221)	MAE 0.137 (0.113)
Epoch: [20][40/114]	Time 0.118 (0.113)	Data 0.023 (0.022)	Loss 0.0169 (0.0220)	MAE 0.102 (0.112)
Epoch: [20][41/114]	Time 0.111 (0.113)	Data 0.018 (0.022)	Loss 0.0192 (0.0219)	MAE 0.108 (0.112)
Epoch: [20][42/114]	Time 0.109 (0.113)	Data 0.018 (0.022)	Loss 0.0205 (0.0219)	MAE 0.106 (0.112)
Epoch: [20][43/114]	Time 0.123 (0.113)	Data 0.030 (0.022)	Loss 0.0388 (0.0223)	MAE 0.176 (0.114)
Epoch: [20][44/114]	Time 0.108 (0.113)	Data 0.018 (0.022)	Loss 0.0141 (0.0221)	MAE 0.088 (0.113)
Epoch: [20][45/114]	Time 0.110 (0.113)	Data 0.017 (0.022)	Loss 0.0150 (0.0219)	MAE 0.084 (0.112)
Epoch: [20][46/114]	Time 0.114 (0.113)	Data 0.023 (0.022)	Loss 0.0140 (0.0217)	MAE 0.100 (0.112)
Epoch: [20][47/114]	Time 0.105 (0.113)	Data 0.017 (0.022)	Loss 0.0189 (0.0217)	MAE 0.104 (0.112)
Epoch: [20][48/114]	Time 0.116 (0.113)	Data 0.028 (0.022)	Loss 0.0272 (0.0218)	MAE 0.142 (0.113)
Epoch: [20][49/114]	Time 0.113 (0.113)	Data 0.018 (0.022)	Loss 0.0187 (0.0217)	MAE 0.114 (0.113)
Epoch: [20][50/114]	Time 0.103 (0.113)	Data 0.016 (0.022)	Loss 0.0226 (0.0218)	MAE 0.109 (0.113)
Epoch: [20][51/114]	Time 0.118 (0.113)	Data 0.022 (0.022)	Loss 0.0144 (0.0216)	MAE 0.089 (0.112)
Epoch: [20][52/114]	Time 0.118 (0.113)	Data 0.026 (0.022)	Loss 0.0208 (0.0216)	MAE 0.110 (0.112)
Epoch: [20][53/114]	Time 0.106 (0.113)	Data 0.020 (0.022)	Loss 0.0382 (0.0219)	MAE 0.098 (0.112)
Epoch: [20][54/114]	Time 0.113 (0.113)	Data 0.021 (0.022)	Loss 0.0265 (0.0220)	MAE 0.132 (0.112)
Epoch: [20][55/114]	Time 0.111 (0.113)	Data 0.019 (0.022)	Loss 0.0271 (0.0221)	MAE 0.132 (0.112)
Epoch: [20][56/114]	Time 0.121 (0.113)	Data 0.031 (0.022)	Loss 0.0179 (0.0220)	MAE 0.102 (0.112)
Epoch: [20][57/114]	Time 0.110 (0.113)	Data 0.018 (0.022)	Loss 0.0179 (0.0219)	MAE 0.101 (0.112)
Epoch: [20][58/114]	Time 0.107 (0.113)	Data 0.021 (0.022)	Loss 0.0152 (0.0218)	MAE 0.094 (0.112)
Epoch: [20][59/114]	Time 0.108 (0.113)	Data 0.020 (0.022)	Loss 0.1054 (0.0232)	MAE 0.185 (0.113)
Epoch: [20][60/114]	Time 0.107 (0.113)	Data 0.016 (0.022)	Loss 0.0157 (0.0231)	MAE 0.099 (0.113)
Epoch: [20][61/114]	Time 0.102 (0.112)	Data 0.018 (0.022)	Loss 0.0509 (0.0235)	MAE 0.210 (0.114)
Epoch: [20][62/114]	Time 0.112 (0.112)	Data 0.019 (0.022)	Loss 0.0118 (0.0234)	MAE 0.086 (0.114)
Epoch: [20][63/114]	Time 0.114 (0.112)	Data 0.021 (0.022)	Loss 0.0156 (0.0232)	MAE 0.095 (0.114)
Epoch: [20][64/114]	Time 0.105 (0.112)	Data 0.019 (0.022)	Loss 0.0150 (0.0231)	MAE 0.097 (0.113)
Epoch: [20][65/114]	Time 0.108 (0.112)	Data 0.019 (0.022)	Loss 0.0136 (0.0230)	MAE 0.087 (0.113)
Epoch: [20][66/114]	Time 0.108 (0.112)	Data 0.020 (0.022)	Loss 0.0153 (0.0229)	MAE 0.091 (0.113)
Epoch: [20][67/114]	Time 0.103 (0.112)	Data 0.013 (0.021)	Loss 0.0171 (0.0228)	MAE 0.091 (0.112)
Epoch: [20][68/114]	Time 0.104 (0.112)	Data 0.018 (0.021)	Loss 0.0233 (0.0228)	MAE 0.106 (0.112)
Epoch: [20][69/114]	Time 0.107 (0.112)	Data 0.021 (0.021)	Loss 0.0156 (0.0227)	MAE 0.094 (0.112)
Epoch: [20][70/114]	Time 0.119 (0.112)	Data 0.024 (0.021)	Loss 0.0148 (0.0226)	MAE 0.094 (0.112)
Epoch: [20][71/114]	Time 0.106 (0.112)	Data 0.018 (0.021)	Loss 0.0373 (0.0228)	MAE 0.167 (0.112)
Epoch: [20][72/114]	Time 0.105 (0.112)	Data 0.019 (0.021)	Loss 0.0175 (0.0227)	MAE 0.101 (0.112)
Epoch: [20][73/114]	Time 0.101 (0.112)	Data 0.014 (0.021)	Loss 0.0199 (0.0227)	MAE 0.105 (0.112)
Epoch: [20][74/114]	Time 0.111 (0.112)	Data 0.019 (0.021)	Loss 0.0145 (0.0225)	MAE 0.085 (0.112)
Epoch: [20][75/114]	Time 0.111 (0.112)	Data 0.019 (0.021)	Loss 0.0211 (0.0225)	MAE 0.106 (0.112)
Epoch: [20][76/114]	Time 0.110 (0.112)	Data 0.018 (0.021)	Loss 0.0142 (0.0224)	MAE 0.086 (0.111)
Epoch: [20][77/114]	Time 0.116 (0.112)	Data 0.014 (0.021)	Loss 0.0198 (0.0224)	MAE 0.104 (0.111)
Epoch: [20][78/114]	Time 0.107 (0.112)	Data 0.024 (0.021)	Loss 0.0126 (0.0223)	MAE 0.089 (0.111)
Epoch: [20][79/114]	Time 0.108 (0.112)	Data 0.015 (0.021)	Loss 0.0088 (0.0221)	MAE 0.070 (0.111)
Epoch: [20][80/114]	Time 0.116 (0.112)	Data 0.017 (0.021)	Loss 0.0152 (0.0220)	MAE 0.096 (0.110)
Epoch: [20][81/114]	Time 0.118 (0.112)	Data 0.021 (0.021)	Loss 0.0161 (0.0219)	MAE 0.097 (0.110)
Epoch: [20][82/114]	Time 0.113 (0.112)	Data 0.024 (0.021)	Loss 0.0179 (0.0219)	MAE 0.101 (0.110)
Epoch: [20][83/114]	Time 0.110 (0.112)	Data 0.021 (0.021)	Loss 0.0259 (0.0219)	MAE 0.133 (0.110)
Epoch: [20][84/114]	Time 0.108 (0.112)	Data 0.021 (0.021)	Loss 0.0114 (0.0218)	MAE 0.080 (0.110)
Epoch: [20][85/114]	Time 0.114 (0.112)	Data 0.022 (0.021)	Loss 0.0105 (0.0217)	MAE 0.080 (0.110)
Epoch: [20][86/114]	Time 0.113 (0.112)	Data 0.020 (0.021)	Loss 0.0097 (0.0215)	MAE 0.078 (0.109)
Epoch: [20][87/114]	Time 0.099 (0.112)	Data 0.012 (0.021)	Loss 0.0289 (0.0216)	MAE 0.113 (0.109)
Epoch: [20][88/114]	Time 0.109 (0.112)	Data 0.022 (0.021)	Loss 0.0211 (0.0216)	MAE 0.118 (0.109)
Epoch: [20][89/114]	Time 0.104 (0.111)	Data 0.017 (0.021)	Loss 0.1036 (0.0225)	MAE 0.302 (0.112)
Epoch: [20][90/114]	Time 0.111 (0.111)	Data 0.020 (0.021)	Loss 0.0169 (0.0225)	MAE 0.103 (0.112)
Epoch: [20][91/114]	Time 0.111 (0.111)	Data 0.014 (0.021)	Loss 0.0187 (0.0224)	MAE 0.110 (0.111)
Epoch: [20][92/114]	Time 0.109 (0.111)	Data 0.022 (0.021)	Loss 0.0193 (0.0224)	MAE 0.107 (0.111)
Epoch: [20][93/114]	Time 0.099 (0.111)	Data 0.016 (0.021)	Loss 0.0693 (0.0229)	MAE 0.237 (0.113)
Epoch: [20][94/114]	Time 0.113 (0.111)	Data 0.024 (0.021)	Loss 0.0148 (0.0228)	MAE 0.095 (0.113)
Epoch: [20][95/114]	Time 0.110 (0.111)	Data 0.017 (0.021)	Loss 0.0223 (0.0228)	MAE 0.119 (0.113)
Epoch: [20][96/114]	Time 0.128 (0.111)	Data 0.035 (0.021)	Loss 0.0289 (0.0229)	MAE 0.137 (0.113)
Epoch: [20][97/114]	Time 0.125 (0.112)	Data 0.030 (0.021)	Loss 0.0133 (0.0228)	MAE 0.085 (0.113)
Epoch: [20][98/114]	Time 0.115 (0.112)	Data 0.022 (0.021)	Loss 0.0220 (0.0228)	MAE 0.105 (0.113)
Epoch: [20][99/114]	Time 0.107 (0.112)	Data 0.019 (0.021)	Loss 0.0312 (0.0228)	MAE 0.143 (0.113)
Epoch: [20][100/114]	Time 0.111 (0.112)	Data 0.022 (0.021)	Loss 0.0288 (0.0229)	MAE 0.143 (0.113)
Epoch: [20][101/114]	Time 0.113 (0.112)	Data 0.020 (0.021)	Loss 0.0377 (0.0231)	MAE 0.165 (0.114)
Epoch: [20][102/114]	Time 0.108 (0.112)	Data 0.019 (0.021)	Loss 0.0150 (0.0230)	MAE 0.099 (0.114)
Epoch: [20][103/114]	Time 0.113 (0.112)	Data 0.021 (0.021)	Loss 0.0278 (0.0230)	MAE 0.142 (0.114)
Epoch: [20][104/114]	Time 0.109 (0.112)	Data 0.021 (0.021)	Loss 0.0217 (0.0230)	MAE 0.118 (0.114)
Epoch: [20][105/114]	Time 0.146 (0.112)	Data 0.020 (0.021)	Loss 0.0485 (0.0232)	MAE 0.191 (0.115)
Epoch: [20][106/114]	Time 0.107 (0.112)	Data 0.018 (0.021)	Loss 0.0174 (0.0232)	MAE 0.100 (0.114)
Epoch: [20][107/114]	Time 0.106 (0.112)	Data 0.017 (0.021)	Loss 0.0281 (0.0232)	MAE 0.143 (0.115)
Epoch: [20][108/114]	Time 0.106 (0.112)	Data 0.018 (0.021)	Loss 0.0377 (0.0234)	MAE 0.166 (0.115)
Epoch: [20][109/114]	Time 0.112 (0.112)	Data 0.018 (0.021)	Loss 0.0309 (0.0234)	MAE 0.103 (0.115)
Epoch: [20][110/114]	Time 0.118 (0.112)	Data 0.023 (0.021)	Loss 0.0461 (0.0236)	MAE 0.194 (0.116)
Epoch: [20][111/114]	Time 0.109 (0.112)	Data 0.014 (0.021)	Loss 0.0356 (0.0238)	MAE 0.168 (0.116)
Epoch: [20][112/114]	Time 0.107 (0.112)	Data 0.019 (0.021)	Loss 0.0266 (0.0238)	MAE 0.118 (0.116)
Epoch: [20][113/114]	Time 0.097 (0.112)	Data 0.028 (0.021)	Loss 0.0174 (0.0237)	MAE 0.101 (0.116)
Test: [0/15]	Time 0.048 (0.048)	Loss 0.0195 (0.0195)	MAE 0.103 (0.103)
Test: [1/15]	Time 0.050 (0.049)	Loss 0.0259 (0.0227)	MAE 0.116 (0.110)
Test: [2/15]	Time 0.046 (0.048)	Loss 0.0143 (0.0199)	MAE 0.094 (0.105)
Test: [3/15]	Time 0.051 (0.049)	Loss 0.0205 (0.0200)	MAE 0.109 (0.106)
Test: [4/15]	Time 0.048 (0.049)	Loss 0.0153 (0.0191)	MAE 0.101 (0.105)
Test: [5/15]	Time 0.052 (0.049)	Loss 0.0211 (0.0194)	MAE 0.109 (0.106)
Test: [6/15]	Time 0.043 (0.048)	Loss 0.0214 (0.0197)	MAE 0.110 (0.106)
Test: [7/15]	Time 0.045 (0.048)	Loss 0.0177 (0.0194)	MAE 0.106 (0.106)
Test: [8/15]	Time 0.053 (0.049)	Loss 0.0216 (0.0197)	MAE 0.109 (0.107)
Test: [9/15]	Time 0.041 (0.048)	Loss 0.0212 (0.0198)	MAE 0.111 (0.107)
Test: [10/15]	Time 0.045 (0.048)	Loss 0.0204 (0.0199)	MAE 0.118 (0.108)
Test: [11/15]	Time 0.052 (0.048)	Loss 0.0304 (0.0208)	MAE 0.122 (0.109)
Test: [12/15]	Time 0.042 (0.047)	Loss 0.0195 (0.0207)	MAE 0.101 (0.108)
Test: [13/15]	Time 0.045 (0.047)	Loss 0.0199 (0.0206)	MAE 0.108 (0.108)
Test: [14/15]	Time 0.014 (0.045)	Loss 0.0494 (0.0210)	MAE 0.148 (0.109)
 * MAE 0.109
Epoch: [21][0/114]	Time 0.147 (0.147)	Data 0.059 (0.059)	Loss 0.0159 (0.0159)	MAE 0.097 (0.097)
Epoch: [21][1/114]	Time 0.112 (0.130)	Data 0.019 (0.039)	Loss 0.0386 (0.0272)	MAE 0.160 (0.129)
Epoch: [21][2/114]	Time 0.112 (0.124)	Data 0.020 (0.033)	Loss 0.0236 (0.0260)	MAE 0.119 (0.125)
Epoch: [21][3/114]	Time 0.118 (0.122)	Data 0.026 (0.031)	Loss 0.0144 (0.0231)	MAE 0.092 (0.117)
Epoch: [21][4/114]	Time 0.115 (0.121)	Data 0.022 (0.029)	Loss 0.0170 (0.0219)	MAE 0.096 (0.113)
Epoch: [21][5/114]	Time 0.098 (0.117)	Data 0.015 (0.027)	Loss 0.0141 (0.0206)	MAE 0.091 (0.109)
Epoch: [21][6/114]	Time 0.110 (0.116)	Data 0.018 (0.026)	Loss 0.0120 (0.0194)	MAE 0.085 (0.106)
Epoch: [21][7/114]	Time 0.108 (0.115)	Data 0.019 (0.025)	Loss 0.0169 (0.0190)	MAE 0.092 (0.104)
Epoch: [21][8/114]	Time 0.110 (0.114)	Data 0.019 (0.024)	Loss 0.0261 (0.0198)	MAE 0.134 (0.107)
Epoch: [21][9/114]	Time 0.106 (0.114)	Data 0.015 (0.023)	Loss 0.0191 (0.0198)	MAE 0.114 (0.108)
Epoch: [21][10/114]	Time 0.111 (0.113)	Data 0.017 (0.023)	Loss 0.0154 (0.0194)	MAE 0.084 (0.106)
Epoch: [21][11/114]	Time 0.106 (0.113)	Data 0.017 (0.022)	Loss 0.0293 (0.0202)	MAE 0.147 (0.109)
Epoch: [21][12/114]	Time 0.106 (0.112)	Data 0.018 (0.022)	Loss 0.0237 (0.0205)	MAE 0.102 (0.109)
Epoch: [21][13/114]	Time 0.106 (0.112)	Data 0.017 (0.021)	Loss 0.0295 (0.0211)	MAE 0.133 (0.110)
Epoch: [21][14/114]	Time 0.113 (0.112)	Data 0.024 (0.022)	Loss 0.0624 (0.0239)	MAE 0.229 (0.118)
Epoch: [21][15/114]	Time 0.122 (0.113)	Data 0.030 (0.022)	Loss 0.0142 (0.0233)	MAE 0.098 (0.117)
Epoch: [21][16/114]	Time 0.123 (0.113)	Data 0.029 (0.023)	Loss 0.0419 (0.0244)	MAE 0.161 (0.120)
Epoch: [21][17/114]	Time 0.124 (0.114)	Data 0.029 (0.023)	Loss 0.0201 (0.0241)	MAE 0.111 (0.119)
Epoch: [21][18/114]	Time 0.111 (0.114)	Data 0.019 (0.023)	Loss 0.0249 (0.0242)	MAE 0.137 (0.120)
Epoch: [21][19/114]	Time 0.105 (0.113)	Data 0.016 (0.022)	Loss 0.0188 (0.0239)	MAE 0.116 (0.120)
Epoch: [21][20/114]	Time 0.109 (0.113)	Data 0.024 (0.022)	Loss 0.0278 (0.0241)	MAE 0.137 (0.121)
Epoch: [21][21/114]	Time 0.101 (0.113)	Data 0.015 (0.022)	Loss 0.0228 (0.0240)	MAE 0.122 (0.121)
Epoch: [21][22/114]	Time 0.108 (0.112)	Data 0.017 (0.022)	Loss 0.0232 (0.0240)	MAE 0.114 (0.120)
Epoch: [21][23/114]	Time 0.132 (0.113)	Data 0.034 (0.022)	Loss 0.0261 (0.0241)	MAE 0.097 (0.119)
Epoch: [21][24/114]	Time 0.110 (0.113)	Data 0.021 (0.022)	Loss 0.0175 (0.0238)	MAE 0.099 (0.119)
Epoch: [21][25/114]	Time 0.102 (0.113)	Data 0.013 (0.022)	Loss 0.0307 (0.0241)	MAE 0.143 (0.120)
Epoch: [21][26/114]	Time 0.113 (0.113)	Data 0.022 (0.022)	Loss 0.0148 (0.0237)	MAE 0.091 (0.119)
Epoch: [21][27/114]	Time 0.108 (0.112)	Data 0.017 (0.022)	Loss 0.0168 (0.0235)	MAE 0.104 (0.118)
Epoch: [21][28/114]	Time 0.109 (0.112)	Data 0.020 (0.022)	Loss 0.0159 (0.0232)	MAE 0.091 (0.117)
Epoch: [21][29/114]	Time 0.104 (0.112)	Data 0.015 (0.022)	Loss 0.0129 (0.0229)	MAE 0.080 (0.116)
Epoch: [21][30/114]	Time 0.113 (0.112)	Data 0.023 (0.022)	Loss 0.0138 (0.0226)	MAE 0.093 (0.115)
Epoch: [21][31/114]	Time 0.105 (0.112)	Data 0.018 (0.021)	Loss 0.0229 (0.0226)	MAE 0.113 (0.115)
Epoch: [21][32/114]	Time 0.105 (0.112)	Data 0.018 (0.021)	Loss 0.0300 (0.0228)	MAE 0.148 (0.116)
Epoch: [21][33/114]	Time 0.108 (0.112)	Data 0.017 (0.021)	Loss 0.0221 (0.0228)	MAE 0.118 (0.116)
Epoch: [21][34/114]	Time 0.125 (0.112)	Data 0.033 (0.022)	Loss 0.0178 (0.0227)	MAE 0.108 (0.116)
Epoch: [21][35/114]	Time 0.115 (0.112)	Data 0.023 (0.022)	Loss 0.0156 (0.0225)	MAE 0.100 (0.115)
Epoch: [21][36/114]	Time 0.106 (0.112)	Data 0.018 (0.022)	Loss 0.0204 (0.0224)	MAE 0.100 (0.115)
Epoch: [21][37/114]	Time 0.129 (0.112)	Data 0.037 (0.022)	Loss 0.0185 (0.0223)	MAE 0.113 (0.115)
Epoch: [21][38/114]	Time 0.115 (0.112)	Data 0.018 (0.022)	Loss 0.0264 (0.0224)	MAE 0.098 (0.115)
Epoch: [21][39/114]	Time 0.109 (0.112)	Data 0.014 (0.022)	Loss 0.0298 (0.0226)	MAE 0.148 (0.115)
Epoch: [21][40/114]	Time 0.110 (0.112)	Data 0.020 (0.022)	Loss 0.0135 (0.0224)	MAE 0.089 (0.115)
Epoch: [21][41/114]	Time 0.099 (0.112)	Data 0.012 (0.021)	Loss 0.0228 (0.0224)	MAE 0.131 (0.115)
Epoch: [21][42/114]	Time 0.123 (0.112)	Data 0.032 (0.022)	Loss 0.0136 (0.0222)	MAE 0.081 (0.114)
Epoch: [21][43/114]	Time 0.106 (0.112)	Data 0.015 (0.021)	Loss 0.0174 (0.0221)	MAE 0.107 (0.114)
Epoch: [21][44/114]	Time 0.105 (0.112)	Data 0.018 (0.021)	Loss 0.0687 (0.0231)	MAE 0.219 (0.116)
Epoch: [21][45/114]	Time 0.109 (0.112)	Data 0.021 (0.021)	Loss 0.0228 (0.0231)	MAE 0.113 (0.116)
Epoch: [21][46/114]	Time 0.110 (0.112)	Data 0.020 (0.021)	Loss 0.0174 (0.0230)	MAE 0.103 (0.116)
Epoch: [21][47/114]	Time 0.109 (0.112)	Data 0.018 (0.021)	Loss 0.0195 (0.0229)	MAE 0.096 (0.116)
Epoch: [21][48/114]	Time 0.110 (0.112)	Data 0.020 (0.021)	Loss 0.0414 (0.0233)	MAE 0.177 (0.117)
Epoch: [21][49/114]	Time 0.109 (0.112)	Data 0.020 (0.021)	Loss 0.0170 (0.0232)	MAE 0.102 (0.117)
Epoch: [21][50/114]	Time 0.111 (0.112)	Data 0.021 (0.021)	Loss 0.0251 (0.0232)	MAE 0.134 (0.117)
Epoch: [21][51/114]	Time 0.109 (0.112)	Data 0.019 (0.021)	Loss 0.0219 (0.0232)	MAE 0.129 (0.117)
Epoch: [21][52/114]	Time 0.110 (0.112)	Data 0.022 (0.021)	Loss 0.0188 (0.0231)	MAE 0.094 (0.117)
Epoch: [21][53/114]	Time 0.107 (0.111)	Data 0.018 (0.021)	Loss 0.0170 (0.0230)	MAE 0.107 (0.117)
Epoch: [21][54/114]	Time 0.123 (0.112)	Data 0.033 (0.021)	Loss 0.0228 (0.0230)	MAE 0.128 (0.117)
Epoch: [21][55/114]	Time 0.123 (0.112)	Data 0.020 (0.021)	Loss 0.0143 (0.0228)	MAE 0.093 (0.116)
Epoch: [21][56/114]	Time 0.139 (0.112)	Data 0.040 (0.022)	Loss 0.0178 (0.0227)	MAE 0.086 (0.116)
Epoch: [21][57/114]	Time 0.115 (0.112)	Data 0.021 (0.022)	Loss 0.0186 (0.0227)	MAE 0.107 (0.116)
Epoch: [21][58/114]	Time 0.113 (0.112)	Data 0.023 (0.022)	Loss 0.0193 (0.0226)	MAE 0.106 (0.116)
Epoch: [21][59/114]	Time 0.106 (0.112)	Data 0.018 (0.022)	Loss 0.0306 (0.0227)	MAE 0.149 (0.116)
Epoch: [21][60/114]	Time 0.108 (0.112)	Data 0.021 (0.022)	Loss 0.0270 (0.0228)	MAE 0.141 (0.117)
Epoch: [21][61/114]	Time 0.110 (0.112)	Data 0.020 (0.022)	Loss 0.1051 (0.0241)	MAE 0.164 (0.117)
Epoch: [21][62/114]	Time 0.123 (0.112)	Data 0.028 (0.022)	Loss 0.0256 (0.0242)	MAE 0.137 (0.118)
Epoch: [21][63/114]	Time 0.105 (0.112)	Data 0.015 (0.022)	Loss 0.0395 (0.0244)	MAE 0.181 (0.119)
Epoch: [21][64/114]	Time 0.106 (0.112)	Data 0.018 (0.022)	Loss 0.0210 (0.0243)	MAE 0.119 (0.119)
Epoch: [21][65/114]	Time 0.108 (0.112)	Data 0.016 (0.021)	Loss 0.0221 (0.0243)	MAE 0.120 (0.119)
Epoch: [21][66/114]	Time 0.113 (0.112)	Data 0.020 (0.021)	Loss 0.0222 (0.0243)	MAE 0.125 (0.119)
Epoch: [21][67/114]	Time 0.115 (0.112)	Data 0.021 (0.021)	Loss 0.0127 (0.0241)	MAE 0.086 (0.118)
Epoch: [21][68/114]	Time 0.109 (0.112)	Data 0.020 (0.021)	Loss 0.0170 (0.0240)	MAE 0.107 (0.118)
Epoch: [21][69/114]	Time 0.107 (0.112)	Data 0.017 (0.021)	Loss 0.0925 (0.0250)	MAE 0.113 (0.118)
Epoch: [21][70/114]	Time 0.113 (0.112)	Data 0.022 (0.021)	Loss 0.0503 (0.0253)	MAE 0.205 (0.119)
Epoch: [21][71/114]	Time 0.109 (0.112)	Data 0.020 (0.021)	Loss 0.0244 (0.0253)	MAE 0.103 (0.119)
Epoch: [21][72/114]	Time 0.110 (0.112)	Data 0.021 (0.021)	Loss 0.0159 (0.0252)	MAE 0.095 (0.119)
Epoch: [21][73/114]	Time 0.104 (0.112)	Data 0.016 (0.021)	Loss 0.0383 (0.0254)	MAE 0.107 (0.119)
Epoch: [21][74/114]	Time 0.106 (0.112)	Data 0.017 (0.021)	Loss 0.0685 (0.0259)	MAE 0.248 (0.120)
Epoch: [21][75/114]	Time 0.123 (0.112)	Data 0.032 (0.021)	Loss 0.0423 (0.0262)	MAE 0.192 (0.121)
Epoch: [21][76/114]	Time 0.119 (0.112)	Data 0.026 (0.021)	Loss 0.0135 (0.0260)	MAE 0.088 (0.121)
Epoch: [21][77/114]	Time 0.124 (0.112)	Data 0.031 (0.022)	Loss 0.0341 (0.0261)	MAE 0.164 (0.121)
Epoch: [21][78/114]	Time 0.108 (0.112)	Data 0.014 (0.021)	Loss 0.0215 (0.0260)	MAE 0.119 (0.121)
Epoch: [21][79/114]	Time 0.109 (0.112)	Data 0.021 (0.021)	Loss 0.0198 (0.0260)	MAE 0.108 (0.121)
Epoch: [21][80/114]	Time 0.100 (0.112)	Data 0.014 (0.021)	Loss 0.0182 (0.0259)	MAE 0.107 (0.121)
Epoch: [21][81/114]	Time 0.109 (0.112)	Data 0.020 (0.021)	Loss 0.0387 (0.0260)	MAE 0.169 (0.122)
Epoch: [21][82/114]	Time 0.116 (0.112)	Data 0.023 (0.021)	Loss 0.0235 (0.0260)	MAE 0.123 (0.122)
Epoch: [21][83/114]	Time 0.121 (0.112)	Data 0.031 (0.021)	Loss 0.0606 (0.0264)	MAE 0.222 (0.123)
Epoch: [21][84/114]	Time 0.111 (0.112)	Data 0.019 (0.021)	Loss 0.0214 (0.0263)	MAE 0.121 (0.123)
Epoch: [21][85/114]	Time 0.108 (0.112)	Data 0.020 (0.021)	Loss 0.0143 (0.0262)	MAE 0.094 (0.122)
Epoch: [21][86/114]	Time 0.108 (0.112)	Data 0.019 (0.021)	Loss 0.0236 (0.0262)	MAE 0.125 (0.122)
Epoch: [21][87/114]	Time 0.115 (0.112)	Data 0.025 (0.021)	Loss 0.0373 (0.0263)	MAE 0.165 (0.123)
Epoch: [21][88/114]	Time 0.106 (0.112)	Data 0.016 (0.021)	Loss 0.0403 (0.0265)	MAE 0.172 (0.123)
Epoch: [21][89/114]	Time 0.112 (0.112)	Data 0.020 (0.021)	Loss 0.0349 (0.0266)	MAE 0.171 (0.124)
Epoch: [21][90/114]	Time 0.107 (0.112)	Data 0.020 (0.021)	Loss 0.0239 (0.0265)	MAE 0.131 (0.124)
Epoch: [21][91/114]	Time 0.115 (0.112)	Data 0.023 (0.021)	Loss 0.0210 (0.0265)	MAE 0.102 (0.124)
Epoch: [21][92/114]	Time 0.105 (0.112)	Data 0.016 (0.021)	Loss 0.0197 (0.0264)	MAE 0.115 (0.124)
Epoch: [21][93/114]	Time 0.108 (0.112)	Data 0.015 (0.021)	Loss 0.0277 (0.0264)	MAE 0.125 (0.124)
Epoch: [21][94/114]	Time 0.114 (0.112)	Data 0.022 (0.021)	Loss 0.0336 (0.0265)	MAE 0.165 (0.124)
Epoch: [21][95/114]	Time 0.116 (0.112)	Data 0.021 (0.021)	Loss 0.0327 (0.0265)	MAE 0.149 (0.124)
Epoch: [21][96/114]	Time 0.123 (0.112)	Data 0.033 (0.021)	Loss 0.0214 (0.0265)	MAE 0.099 (0.124)
Epoch: [21][97/114]	Time 0.120 (0.112)	Data 0.027 (0.021)	Loss 0.0132 (0.0264)	MAE 0.087 (0.124)
Epoch: [21][98/114]	Time 0.103 (0.112)	Data 0.014 (0.021)	Loss 0.0232 (0.0263)	MAE 0.115 (0.124)
Epoch: [21][99/114]	Time 0.112 (0.112)	Data 0.025 (0.021)	Loss 0.0375 (0.0264)	MAE 0.130 (0.124)
Epoch: [21][100/114]	Time 0.104 (0.112)	Data 0.015 (0.021)	Loss 0.0288 (0.0265)	MAE 0.148 (0.124)
Epoch: [21][101/114]	Time 0.109 (0.112)	Data 0.017 (0.021)	Loss 0.0181 (0.0264)	MAE 0.103 (0.124)
Epoch: [21][102/114]	Time 0.115 (0.112)	Data 0.024 (0.021)	Loss 0.0226 (0.0263)	MAE 0.125 (0.124)
Epoch: [21][103/114]	Time 0.102 (0.112)	Data 0.017 (0.021)	Loss 0.0204 (0.0263)	MAE 0.119 (0.124)
Epoch: [21][104/114]	Time 0.109 (0.112)	Data 0.019 (0.021)	Loss 0.0250 (0.0263)	MAE 0.128 (0.124)
Epoch: [21][105/114]	Time 0.106 (0.112)	Data 0.018 (0.021)	Loss 0.0180 (0.0262)	MAE 0.111 (0.124)
Epoch: [21][106/114]	Time 0.106 (0.112)	Data 0.017 (0.021)	Loss 0.0177 (0.0261)	MAE 0.111 (0.124)
Epoch: [21][107/114]	Time 0.111 (0.112)	Data 0.022 (0.021)	Loss 0.0150 (0.0260)	MAE 0.082 (0.123)
Epoch: [21][108/114]	Time 0.112 (0.112)	Data 0.020 (0.021)	Loss 0.0252 (0.0260)	MAE 0.127 (0.123)
Epoch: [21][109/114]	Time 0.111 (0.112)	Data 0.022 (0.021)	Loss 0.0445 (0.0262)	MAE 0.178 (0.124)
Epoch: [21][110/114]	Time 0.114 (0.112)	Data 0.018 (0.021)	Loss 0.0142 (0.0261)	MAE 0.093 (0.123)
Epoch: [21][111/114]	Time 0.127 (0.112)	Data 0.017 (0.021)	Loss 0.0216 (0.0260)	MAE 0.116 (0.123)
Epoch: [21][112/114]	Time 0.105 (0.112)	Data 0.015 (0.021)	Loss 0.0212 (0.0260)	MAE 0.122 (0.123)
Epoch: [21][113/114]	Time 0.095 (0.112)	Data 0.033 (0.021)	Loss 0.0179 (0.0259)	MAE 0.115 (0.123)
Test: [0/15]	Time 0.053 (0.053)	Loss 0.0214 (0.0214)	MAE 0.109 (0.109)
Test: [1/15]	Time 0.048 (0.051)	Loss 0.0202 (0.0208)	MAE 0.114 (0.112)
Test: [2/15]	Time 0.045 (0.049)	Loss 0.0176 (0.0198)	MAE 0.105 (0.109)
Test: [3/15]	Time 0.043 (0.047)	Loss 0.0183 (0.0194)	MAE 0.105 (0.108)
Test: [4/15]	Time 0.050 (0.048)	Loss 0.0136 (0.0182)	MAE 0.096 (0.106)
Test: [5/15]	Time 0.054 (0.049)	Loss 0.0255 (0.0195)	MAE 0.126 (0.109)
Test: [6/15]	Time 0.064 (0.051)	Loss 0.0174 (0.0192)	MAE 0.105 (0.109)
Test: [7/15]	Time 0.047 (0.051)	Loss 0.0240 (0.0198)	MAE 0.116 (0.110)
Test: [8/15]	Time 0.048 (0.050)	Loss 0.0142 (0.0191)	MAE 0.098 (0.108)
Test: [9/15]	Time 0.045 (0.050)	Loss 0.0218 (0.0194)	MAE 0.110 (0.108)
Test: [10/15]	Time 0.051 (0.050)	Loss 0.0215 (0.0196)	MAE 0.109 (0.108)
Test: [11/15]	Time 0.043 (0.049)	Loss 0.0219 (0.0198)	MAE 0.106 (0.108)
Test: [12/15]	Time 0.050 (0.049)	Loss 0.0232 (0.0201)	MAE 0.117 (0.109)
Test: [13/15]	Time 0.040 (0.049)	Loss 0.0217 (0.0202)	MAE 0.110 (0.109)
Test: [14/15]	Time 0.017 (0.047)	Loss 0.0199 (0.0202)	MAE 0.114 (0.109)
 * MAE 0.109
Epoch: [22][0/114]	Time 0.146 (0.146)	Data 0.057 (0.057)	Loss 0.0333 (0.0333)	MAE 0.160 (0.160)
Epoch: [22][1/114]	Time 0.125 (0.135)	Data 0.030 (0.044)	Loss 0.0257 (0.0295)	MAE 0.142 (0.151)
Epoch: [22][2/114]	Time 0.108 (0.126)	Data 0.015 (0.034)	Loss 0.0155 (0.0248)	MAE 0.103 (0.135)
Epoch: [22][3/114]	Time 0.109 (0.122)	Data 0.020 (0.031)	Loss 0.0472 (0.0304)	MAE 0.168 (0.143)
Epoch: [22][4/114]	Time 0.103 (0.118)	Data 0.013 (0.027)	Loss 0.0132 (0.0270)	MAE 0.090 (0.133)
Epoch: [22][5/114]	Time 0.111 (0.117)	Data 0.020 (0.026)	Loss 0.0101 (0.0241)	MAE 0.075 (0.123)
Epoch: [22][6/114]	Time 0.110 (0.116)	Data 0.017 (0.025)	Loss 0.0893 (0.0334)	MAE 0.107 (0.121)
Epoch: [22][7/114]	Time 0.106 (0.115)	Data 0.019 (0.024)	Loss 0.0274 (0.0327)	MAE 0.135 (0.123)
Epoch: [22][8/114]	Time 0.109 (0.114)	Data 0.020 (0.023)	Loss 0.0872 (0.0387)	MAE 0.109 (0.121)
Epoch: [22][9/114]	Time 0.110 (0.114)	Data 0.021 (0.023)	Loss 0.0255 (0.0374)	MAE 0.129 (0.122)
Epoch: [22][10/114]	Time 0.114 (0.114)	Data 0.020 (0.023)	Loss 0.0553 (0.0390)	MAE 0.216 (0.130)
Epoch: [22][11/114]	Time 0.107 (0.113)	Data 0.019 (0.023)	Loss 0.0172 (0.0372)	MAE 0.100 (0.128)
Epoch: [22][12/114]	Time 0.107 (0.113)	Data 0.019 (0.022)	Loss 0.0105 (0.0352)	MAE 0.078 (0.124)
Epoch: [22][13/114]	Time 0.119 (0.113)	Data 0.028 (0.023)	Loss 0.0246 (0.0344)	MAE 0.128 (0.124)
Epoch: [22][14/114]	Time 0.108 (0.113)	Data 0.017 (0.022)	Loss 0.0133 (0.0330)	MAE 0.089 (0.122)
Epoch: [22][15/114]	Time 0.119 (0.113)	Data 0.027 (0.023)	Loss 0.0258 (0.0326)	MAE 0.128 (0.122)
Epoch: [22][16/114]	Time 0.111 (0.113)	Data 0.015 (0.022)	Loss 0.0498 (0.0336)	MAE 0.202 (0.127)
Epoch: [22][17/114]	Time 0.113 (0.113)	Data 0.021 (0.022)	Loss 0.0194 (0.0328)	MAE 0.117 (0.126)
Epoch: [22][18/114]	Time 0.101 (0.112)	Data 0.013 (0.022)	Loss 0.0186 (0.0320)	MAE 0.095 (0.125)
Epoch: [22][19/114]	Time 0.106 (0.112)	Data 0.018 (0.021)	Loss 0.0225 (0.0316)	MAE 0.122 (0.125)
Epoch: [22][20/114]	Time 0.113 (0.112)	Data 0.020 (0.021)	Loss 0.0137 (0.0307)	MAE 0.096 (0.123)
Epoch: [22][21/114]	Time 0.118 (0.112)	Data 0.023 (0.021)	Loss 0.0270 (0.0305)	MAE 0.134 (0.124)
Epoch: [22][22/114]	Time 0.118 (0.113)	Data 0.022 (0.021)	Loss 0.0248 (0.0303)	MAE 0.118 (0.124)
Epoch: [22][23/114]	Time 0.107 (0.113)	Data 0.019 (0.021)	Loss 0.0130 (0.0296)	MAE 0.086 (0.122)
Epoch: [22][24/114]	Time 0.111 (0.112)	Data 0.022 (0.021)	Loss 0.0403 (0.0300)	MAE 0.164 (0.124)
Epoch: [22][25/114]	Time 0.114 (0.112)	Data 0.023 (0.021)	Loss 0.0164 (0.0295)	MAE 0.096 (0.123)
Epoch: [22][26/114]	Time 0.113 (0.112)	Data 0.018 (0.021)	Loss 0.0273 (0.0294)	MAE 0.136 (0.123)
Epoch: [22][27/114]	Time 0.121 (0.113)	Data 0.027 (0.022)	Loss 0.0168 (0.0289)	MAE 0.106 (0.122)
Epoch: [22][28/114]	Time 0.114 (0.113)	Data 0.022 (0.022)	Loss 0.0161 (0.0285)	MAE 0.099 (0.122)
Epoch: [22][29/114]	Time 0.108 (0.113)	Data 0.018 (0.021)	Loss 0.0171 (0.0281)	MAE 0.106 (0.121)
Epoch: [22][30/114]	Time 0.105 (0.112)	Data 0.015 (0.021)	Loss 0.0213 (0.0279)	MAE 0.118 (0.121)
Epoch: [22][31/114]	Time 0.115 (0.113)	Data 0.019 (0.021)	Loss 0.0173 (0.0276)	MAE 0.104 (0.120)
Epoch: [22][32/114]	Time 0.105 (0.112)	Data 0.016 (0.021)	Loss 0.0190 (0.0273)	MAE 0.113 (0.120)
Epoch: [22][33/114]	Time 0.121 (0.113)	Data 0.022 (0.021)	Loss 0.0093 (0.0268)	MAE 0.075 (0.119)
Epoch: [22][34/114]	Time 0.118 (0.113)	Data 0.023 (0.021)	Loss 0.0163 (0.0265)	MAE 0.095 (0.118)
Epoch: [22][35/114]	Time 0.112 (0.113)	Data 0.020 (0.021)	Loss 0.0251 (0.0264)	MAE 0.098 (0.118)
Epoch: [22][36/114]	Time 0.139 (0.113)	Data 0.045 (0.022)	Loss 0.0131 (0.0261)	MAE 0.090 (0.117)
Epoch: [22][37/114]	Time 0.104 (0.113)	Data 0.018 (0.022)	Loss 0.0149 (0.0258)	MAE 0.095 (0.116)
Epoch: [22][38/114]	Time 0.112 (0.113)	Data 0.024 (0.022)	Loss 0.0159 (0.0255)	MAE 0.093 (0.116)
Epoch: [22][39/114]	Time 0.106 (0.113)	Data 0.019 (0.022)	Loss 0.0309 (0.0257)	MAE 0.150 (0.117)
Epoch: [22][40/114]	Time 0.116 (0.113)	Data 0.021 (0.022)	Loss 0.0140 (0.0254)	MAE 0.086 (0.116)
Epoch: [22][41/114]	Time 0.124 (0.113)	Data 0.029 (0.022)	Loss 0.0141 (0.0251)	MAE 0.089 (0.115)
Epoch: [22][42/114]	Time 0.120 (0.113)	Data 0.033 (0.022)	Loss 0.0099 (0.0248)	MAE 0.081 (0.114)
Epoch: [22][43/114]	Time 0.103 (0.113)	Data 0.016 (0.022)	Loss 0.0131 (0.0245)	MAE 0.095 (0.114)
Epoch: [22][44/114]	Time 0.113 (0.113)	Data 0.025 (0.022)	Loss 0.0126 (0.0242)	MAE 0.082 (0.113)
Epoch: [22][45/114]	Time 0.105 (0.113)	Data 0.016 (0.022)	Loss 0.0295 (0.0243)	MAE 0.127 (0.114)
Epoch: [22][46/114]	Time 0.117 (0.113)	Data 0.025 (0.022)	Loss 0.0188 (0.0242)	MAE 0.104 (0.113)
Epoch: [22][47/114]	Time 0.105 (0.113)	Data 0.015 (0.022)	Loss 0.0289 (0.0243)	MAE 0.094 (0.113)
Epoch: [22][48/114]	Time 0.111 (0.113)	Data 0.021 (0.022)	Loss 0.0203 (0.0242)	MAE 0.118 (0.113)
Epoch: [22][49/114]	Time 0.113 (0.113)	Data 0.022 (0.022)	Loss 0.0097 (0.0239)	MAE 0.076 (0.112)
Epoch: [22][50/114]	Time 0.106 (0.113)	Data 0.019 (0.022)	Loss 0.0123 (0.0237)	MAE 0.083 (0.112)
Epoch: [22][51/114]	Time 0.112 (0.113)	Data 0.015 (0.022)	Loss 0.0269 (0.0238)	MAE 0.144 (0.112)
Epoch: [22][52/114]	Time 0.116 (0.113)	Data 0.024 (0.022)	Loss 0.0134 (0.0236)	MAE 0.084 (0.112)
Epoch: [22][53/114]	Time 0.106 (0.113)	Data 0.018 (0.022)	Loss 0.0426 (0.0239)	MAE 0.175 (0.113)
Epoch: [22][54/114]	Time 0.115 (0.113)	Data 0.023 (0.022)	Loss 0.0172 (0.0238)	MAE 0.094 (0.113)
Epoch: [22][55/114]	Time 0.121 (0.113)	Data 0.022 (0.022)	Loss 0.0216 (0.0238)	MAE 0.108 (0.113)
Epoch: [22][56/114]	Time 0.118 (0.113)	Data 0.026 (0.022)	Loss 0.0090 (0.0235)	MAE 0.072 (0.112)
Epoch: [22][57/114]	Time 0.105 (0.113)	Data 0.018 (0.022)	Loss 0.0156 (0.0234)	MAE 0.094 (0.112)
Epoch: [22][58/114]	Time 0.109 (0.113)	Data 0.019 (0.022)	Loss 0.0203 (0.0233)	MAE 0.120 (0.112)
Epoch: [22][59/114]	Time 0.105 (0.113)	Data 0.018 (0.022)	Loss 0.0242 (0.0233)	MAE 0.138 (0.112)
Epoch: [22][60/114]	Time 0.109 (0.113)	Data 0.019 (0.021)	Loss 0.0254 (0.0234)	MAE 0.139 (0.113)
Epoch: [22][61/114]	Time 0.123 (0.113)	Data 0.024 (0.022)	Loss 0.0148 (0.0232)	MAE 0.095 (0.112)
Epoch: [22][62/114]	Time 0.118 (0.113)	Data 0.027 (0.022)	Loss 0.0149 (0.0231)	MAE 0.086 (0.112)
Epoch: [22][63/114]	Time 0.104 (0.113)	Data 0.016 (0.022)	Loss 0.0168 (0.0230)	MAE 0.101 (0.112)
Epoch: [22][64/114]	Time 0.116 (0.113)	Data 0.017 (0.021)	Loss 0.0184 (0.0229)	MAE 0.102 (0.112)
Epoch: [22][65/114]	Time 0.112 (0.113)	Data 0.016 (0.021)	Loss 0.0262 (0.0230)	MAE 0.137 (0.112)
Epoch: [22][66/114]	Time 0.112 (0.113)	Data 0.023 (0.021)	Loss 0.0132 (0.0228)	MAE 0.086 (0.112)
Epoch: [22][67/114]	Time 0.106 (0.113)	Data 0.014 (0.021)	Loss 0.0180 (0.0228)	MAE 0.110 (0.112)
Epoch: [22][68/114]	Time 0.110 (0.113)	Data 0.019 (0.021)	Loss 0.0206 (0.0227)	MAE 0.120 (0.112)
Epoch: [22][69/114]	Time 0.106 (0.112)	Data 0.015 (0.021)	Loss 0.0168 (0.0227)	MAE 0.104 (0.112)
Epoch: [22][70/114]	Time 0.111 (0.112)	Data 0.019 (0.021)	Loss 0.0160 (0.0226)	MAE 0.099 (0.111)
Epoch: [22][71/114]	Time 0.144 (0.113)	Data 0.017 (0.021)	Loss 0.0405 (0.0228)	MAE 0.169 (0.112)
Epoch: [22][72/114]	Time 0.108 (0.113)	Data 0.018 (0.021)	Loss 0.0215 (0.0228)	MAE 0.114 (0.112)
Epoch: [22][73/114]	Time 0.114 (0.113)	Data 0.022 (0.021)	Loss 0.0213 (0.0228)	MAE 0.125 (0.112)
Epoch: [22][74/114]	Time 0.109 (0.113)	Data 0.018 (0.021)	Loss 0.0356 (0.0229)	MAE 0.147 (0.113)
Epoch: [22][75/114]	Time 0.113 (0.113)	Data 0.019 (0.021)	Loss 0.0227 (0.0229)	MAE 0.118 (0.113)
Epoch: [22][76/114]	Time 0.117 (0.113)	Data 0.022 (0.021)	Loss 0.0149 (0.0228)	MAE 0.102 (0.113)
Epoch: [22][77/114]	Time 0.113 (0.113)	Data 0.020 (0.021)	Loss 0.0169 (0.0228)	MAE 0.104 (0.113)
Epoch: [22][78/114]	Time 0.111 (0.113)	Data 0.021 (0.021)	Loss 0.0138 (0.0226)	MAE 0.088 (0.112)
Epoch: [22][79/114]	Time 0.105 (0.113)	Data 0.016 (0.021)	Loss 0.0173 (0.0226)	MAE 0.087 (0.112)
Epoch: [22][80/114]	Time 0.112 (0.113)	Data 0.023 (0.021)	Loss 0.0336 (0.0227)	MAE 0.152 (0.112)
Epoch: [22][81/114]	Time 0.121 (0.113)	Data 0.029 (0.021)	Loss 0.0127 (0.0226)	MAE 0.083 (0.112)
Epoch: [22][82/114]	Time 0.117 (0.113)	Data 0.022 (0.021)	Loss 0.0227 (0.0226)	MAE 0.109 (0.112)
Epoch: [22][83/114]	Time 0.106 (0.113)	Data 0.018 (0.021)	Loss 0.0167 (0.0225)	MAE 0.102 (0.112)
Epoch: [22][84/114]	Time 0.112 (0.113)	Data 0.023 (0.021)	Loss 0.0242 (0.0225)	MAE 0.125 (0.112)
Epoch: [22][85/114]	Time 0.115 (0.113)	Data 0.025 (0.021)	Loss 0.0217 (0.0225)	MAE 0.121 (0.112)
Epoch: [22][86/114]	Time 0.106 (0.113)	Data 0.017 (0.021)	Loss 0.0131 (0.0224)	MAE 0.087 (0.112)
Epoch: [22][87/114]	Time 0.103 (0.113)	Data 0.017 (0.021)	Loss 0.0251 (0.0225)	MAE 0.131 (0.112)
Epoch: [22][88/114]	Time 0.116 (0.113)	Data 0.024 (0.021)	Loss 0.0296 (0.0225)	MAE 0.136 (0.112)
Epoch: [22][89/114]	Time 0.110 (0.113)	Data 0.019 (0.021)	Loss 0.0198 (0.0225)	MAE 0.114 (0.112)
Epoch: [22][90/114]	Time 0.110 (0.113)	Data 0.019 (0.021)	Loss 0.0188 (0.0225)	MAE 0.105 (0.112)
Epoch: [22][91/114]	Time 0.106 (0.113)	Data 0.015 (0.021)	Loss 0.0290 (0.0225)	MAE 0.155 (0.113)
Epoch: [22][92/114]	Time 0.117 (0.113)	Data 0.028 (0.021)	Loss 0.0331 (0.0226)	MAE 0.157 (0.113)
Epoch: [22][93/114]	Time 0.104 (0.112)	Data 0.015 (0.021)	Loss 0.0156 (0.0226)	MAE 0.104 (0.113)
Epoch: [22][94/114]	Time 0.124 (0.113)	Data 0.029 (0.021)	Loss 0.0147 (0.0225)	MAE 0.096 (0.113)
Epoch: [22][95/114]	Time 0.108 (0.113)	Data 0.017 (0.021)	Loss 0.0198 (0.0225)	MAE 0.108 (0.113)
Epoch: [22][96/114]	Time 0.107 (0.113)	Data 0.021 (0.021)	Loss 0.0460 (0.0227)	MAE 0.194 (0.114)
Epoch: [22][97/114]	Time 0.109 (0.112)	Data 0.019 (0.021)	Loss 0.0413 (0.0229)	MAE 0.170 (0.114)
Epoch: [22][98/114]	Time 0.110 (0.112)	Data 0.022 (0.021)	Loss 0.0187 (0.0229)	MAE 0.104 (0.114)
Epoch: [22][99/114]	Time 0.099 (0.112)	Data 0.012 (0.021)	Loss 0.0186 (0.0228)	MAE 0.107 (0.114)
Epoch: [22][100/114]	Time 0.121 (0.112)	Data 0.030 (0.021)	Loss 0.0260 (0.0228)	MAE 0.142 (0.114)
Epoch: [22][101/114]	Time 0.115 (0.112)	Data 0.014 (0.021)	Loss 0.0201 (0.0228)	MAE 0.105 (0.114)
Epoch: [22][102/114]	Time 0.118 (0.112)	Data 0.028 (0.021)	Loss 0.0191 (0.0228)	MAE 0.117 (0.114)
Epoch: [22][103/114]	Time 0.102 (0.112)	Data 0.013 (0.021)	Loss 0.0176 (0.0227)	MAE 0.088 (0.114)
Epoch: [22][104/114]	Time 0.110 (0.112)	Data 0.021 (0.021)	Loss 0.0207 (0.0227)	MAE 0.124 (0.114)
Epoch: [22][105/114]	Time 0.108 (0.112)	Data 0.017 (0.021)	Loss 0.0374 (0.0228)	MAE 0.110 (0.114)
Epoch: [22][106/114]	Time 0.118 (0.112)	Data 0.024 (0.021)	Loss 0.0358 (0.0230)	MAE 0.161 (0.115)
Epoch: [22][107/114]	Time 0.104 (0.112)	Data 0.016 (0.021)	Loss 0.0134 (0.0229)	MAE 0.088 (0.114)
Epoch: [22][108/114]	Time 0.111 (0.112)	Data 0.021 (0.021)	Loss 0.0136 (0.0228)	MAE 0.082 (0.114)
Epoch: [22][109/114]	Time 0.112 (0.112)	Data 0.015 (0.021)	Loss 0.0149 (0.0227)	MAE 0.091 (0.114)
Epoch: [22][110/114]	Time 0.107 (0.112)	Data 0.019 (0.021)	Loss 0.0223 (0.0227)	MAE 0.124 (0.114)
Epoch: [22][111/114]	Time 0.113 (0.112)	Data 0.020 (0.021)	Loss 0.0165 (0.0227)	MAE 0.099 (0.114)
Epoch: [22][112/114]	Time 0.109 (0.112)	Data 0.021 (0.021)	Loss 0.0155 (0.0226)	MAE 0.095 (0.114)
Epoch: [22][113/114]	Time 0.084 (0.112)	Data 0.023 (0.021)	Loss 0.0122 (0.0225)	MAE 0.087 (0.114)
Test: [0/15]	Time 0.053 (0.053)	Loss 0.0211 (0.0211)	MAE 0.103 (0.103)
Test: [1/15]	Time 0.055 (0.054)	Loss 0.0197 (0.0204)	MAE 0.090 (0.096)
Test: [2/15]	Time 0.053 (0.054)	Loss 0.0144 (0.0184)	MAE 0.087 (0.093)
Test: [3/15]	Time 0.066 (0.057)	Loss 0.0177 (0.0182)	MAE 0.091 (0.093)
Test: [4/15]	Time 0.055 (0.056)	Loss 0.0162 (0.0178)	MAE 0.090 (0.092)
Test: [5/15]	Time 0.043 (0.054)	Loss 0.0186 (0.0180)	MAE 0.092 (0.092)
Test: [6/15]	Time 0.047 (0.053)	Loss 0.0159 (0.0177)	MAE 0.095 (0.093)
Test: [7/15]	Time 0.046 (0.052)	Loss 0.0137 (0.0172)	MAE 0.082 (0.091)
Test: [8/15]	Time 0.045 (0.051)	Loss 0.0130 (0.0167)	MAE 0.082 (0.090)
Test: [9/15]	Time 0.041 (0.050)	Loss 0.0136 (0.0164)	MAE 0.086 (0.090)
Test: [10/15]	Time 0.038 (0.049)	Loss 0.0112 (0.0159)	MAE 0.079 (0.089)
Test: [11/15]	Time 0.042 (0.049)	Loss 0.0156 (0.0159)	MAE 0.093 (0.089)
Test: [12/15]	Time 0.049 (0.049)	Loss 0.0143 (0.0158)	MAE 0.085 (0.089)
Test: [13/15]	Time 0.041 (0.048)	Loss 0.0216 (0.0162)	MAE 0.099 (0.090)
Test: [14/15]	Time 0.019 (0.046)	Loss 0.0119 (0.0161)	MAE 0.084 (0.090)
 * MAE 0.090
Epoch: [23][0/114]	Time 0.152 (0.152)	Data 0.058 (0.058)	Loss 0.0138 (0.0138)	MAE 0.085 (0.085)
Epoch: [23][1/114]	Time 0.130 (0.141)	Data 0.039 (0.049)	Loss 0.0134 (0.0136)	MAE 0.088 (0.087)
Epoch: [23][2/114]	Time 0.106 (0.130)	Data 0.020 (0.039)	Loss 0.0155 (0.0142)	MAE 0.092 (0.088)
Epoch: [23][3/114]	Time 0.119 (0.127)	Data 0.022 (0.035)	Loss 0.0156 (0.0146)	MAE 0.096 (0.090)
Epoch: [23][4/114]	Time 0.134 (0.128)	Data 0.037 (0.035)	Loss 0.0861 (0.0289)	MAE 0.113 (0.095)
Epoch: [23][5/114]	Time 0.121 (0.127)	Data 0.026 (0.034)	Loss 0.0179 (0.0271)	MAE 0.109 (0.097)
Epoch: [23][6/114]	Time 0.107 (0.124)	Data 0.018 (0.031)	Loss 0.0165 (0.0256)	MAE 0.098 (0.097)
Epoch: [23][7/114]	Time 0.111 (0.123)	Data 0.020 (0.030)	Loss 0.0287 (0.0259)	MAE 0.146 (0.103)
Epoch: [23][8/114]	Time 0.112 (0.122)	Data 0.019 (0.029)	Loss 0.0122 (0.0244)	MAE 0.085 (0.101)
Epoch: [23][9/114]	Time 0.126 (0.122)	Data 0.027 (0.029)	Loss 0.0125 (0.0232)	MAE 0.080 (0.099)
Epoch: [23][10/114]	Time 0.107 (0.121)	Data 0.017 (0.027)	Loss 0.0145 (0.0224)	MAE 0.095 (0.099)
Epoch: [23][11/114]	Time 0.117 (0.120)	Data 0.027 (0.027)	Loss 0.0228 (0.0225)	MAE 0.122 (0.101)
Epoch: [23][12/114]	Time 0.116 (0.120)	Data 0.020 (0.027)	Loss 0.0119 (0.0216)	MAE 0.086 (0.100)
Epoch: [23][13/114]	Time 0.128 (0.121)	Data 0.035 (0.027)	Loss 0.0110 (0.0209)	MAE 0.082 (0.098)
Epoch: [23][14/114]	Time 0.116 (0.120)	Data 0.023 (0.027)	Loss 0.0112 (0.0202)	MAE 0.082 (0.097)
Epoch: [23][15/114]	Time 0.115 (0.120)	Data 0.023 (0.027)	Loss 0.0156 (0.0200)	MAE 0.092 (0.097)
Epoch: [23][16/114]	Time 0.103 (0.119)	Data 0.013 (0.026)	Loss 0.0153 (0.0197)	MAE 0.100 (0.097)
Epoch: [23][17/114]	Time 0.104 (0.118)	Data 0.016 (0.026)	Loss 0.0139 (0.0194)	MAE 0.093 (0.097)
Epoch: [23][18/114]	Time 0.103 (0.117)	Data 0.014 (0.025)	Loss 0.0101 (0.0189)	MAE 0.080 (0.096)
Epoch: [23][19/114]	Time 0.120 (0.117)	Data 0.031 (0.025)	Loss 0.0104 (0.0184)	MAE 0.083 (0.095)
Epoch: [23][20/114]	Time 0.110 (0.117)	Data 0.018 (0.025)	Loss 0.0121 (0.0181)	MAE 0.086 (0.095)
Epoch: [23][21/114]	Time 0.109 (0.117)	Data 0.021 (0.025)	Loss 0.0152 (0.0180)	MAE 0.093 (0.095)
Epoch: [23][22/114]	Time 0.108 (0.116)	Data 0.016 (0.024)	Loss 0.0265 (0.0184)	MAE 0.134 (0.096)
Epoch: [23][23/114]	Time 0.116 (0.116)	Data 0.029 (0.025)	Loss 0.0132 (0.0182)	MAE 0.086 (0.096)
Epoch: [23][24/114]	Time 0.099 (0.116)	Data 0.018 (0.024)	Loss 0.0181 (0.0182)	MAE 0.107 (0.097)
Epoch: [23][25/114]	Time 0.137 (0.116)	Data 0.015 (0.024)	Loss 0.0232 (0.0184)	MAE 0.128 (0.098)
Epoch: [23][26/114]	Time 0.108 (0.116)	Data 0.021 (0.024)	Loss 0.0304 (0.0188)	MAE 0.132 (0.099)
Epoch: [23][27/114]	Time 0.113 (0.116)	Data 0.020 (0.024)	Loss 0.0190 (0.0188)	MAE 0.116 (0.100)
Epoch: [23][28/114]	Time 0.109 (0.116)	Data 0.017 (0.023)	Loss 0.0375 (0.0195)	MAE 0.168 (0.102)
Epoch: [23][29/114]	Time 0.100 (0.115)	Data 0.014 (0.023)	Loss 0.0294 (0.0198)	MAE 0.151 (0.104)
Epoch: [23][30/114]	Time 0.118 (0.115)	Data 0.027 (0.023)	Loss 0.0115 (0.0195)	MAE 0.082 (0.103)
Epoch: [23][31/114]	Time 0.105 (0.115)	Data 0.018 (0.023)	Loss 0.0126 (0.0193)	MAE 0.089 (0.102)
Epoch: [23][32/114]	Time 0.120 (0.115)	Data 0.029 (0.023)	Loss 0.0155 (0.0192)	MAE 0.095 (0.102)
Epoch: [23][33/114]	Time 0.110 (0.115)	Data 0.014 (0.023)	Loss 0.0162 (0.0191)	MAE 0.098 (0.102)
Epoch: [23][34/114]	Time 0.124 (0.115)	Data 0.035 (0.023)	Loss 0.0461 (0.0199)	MAE 0.175 (0.104)
Epoch: [23][35/114]	Time 0.103 (0.115)	Data 0.014 (0.023)	Loss 0.0234 (0.0200)	MAE 0.117 (0.105)
Epoch: [23][36/114]	Time 0.111 (0.115)	Data 0.017 (0.023)	Loss 0.0129 (0.0198)	MAE 0.092 (0.104)
Epoch: [23][37/114]	Time 0.100 (0.114)	Data 0.014 (0.023)	Loss 0.0243 (0.0199)	MAE 0.103 (0.104)
Epoch: [23][38/114]	Time 0.118 (0.115)	Data 0.025 (0.023)	Loss 0.0143 (0.0198)	MAE 0.095 (0.104)
Epoch: [23][39/114]	Time 0.109 (0.114)	Data 0.014 (0.023)	Loss 0.0354 (0.0201)	MAE 0.174 (0.106)
Epoch: [23][40/114]	Time 0.136 (0.115)	Data 0.044 (0.023)	Loss 0.0163 (0.0201)	MAE 0.100 (0.106)
Epoch: [23][41/114]	Time 0.110 (0.115)	Data 0.020 (0.023)	Loss 0.0188 (0.0200)	MAE 0.113 (0.106)
Epoch: [23][42/114]	Time 0.111 (0.115)	Data 0.019 (0.023)	Loss 0.0252 (0.0201)	MAE 0.135 (0.106)
Epoch: [23][43/114]	Time 0.104 (0.115)	Data 0.013 (0.023)	Loss 0.0173 (0.0201)	MAE 0.111 (0.107)
Epoch: [23][44/114]	Time 0.111 (0.114)	Data 0.021 (0.023)	Loss 0.0196 (0.0201)	MAE 0.104 (0.106)
Epoch: [23][45/114]	Time 0.111 (0.114)	Data 0.020 (0.023)	Loss 0.0236 (0.0201)	MAE 0.115 (0.107)
Epoch: [23][46/114]	Time 0.111 (0.114)	Data 0.019 (0.023)	Loss 0.0172 (0.0201)	MAE 0.098 (0.106)
Epoch: [23][47/114]	Time 0.106 (0.114)	Data 0.014 (0.022)	Loss 0.0166 (0.0200)	MAE 0.107 (0.106)
Epoch: [23][48/114]	Time 0.112 (0.114)	Data 0.020 (0.022)	Loss 0.0296 (0.0202)	MAE 0.137 (0.107)
Epoch: [23][49/114]	Time 0.109 (0.114)	Data 0.016 (0.022)	Loss 0.0141 (0.0201)	MAE 0.095 (0.107)
Epoch: [23][50/114]	Time 0.121 (0.114)	Data 0.025 (0.022)	Loss 0.0135 (0.0200)	MAE 0.086 (0.106)
Epoch: [23][51/114]	Time 0.108 (0.114)	Data 0.016 (0.022)	Loss 0.0313 (0.0202)	MAE 0.160 (0.107)
Epoch: [23][52/114]	Time 0.115 (0.114)	Data 0.023 (0.022)	Loss 0.0118 (0.0200)	MAE 0.084 (0.107)
Epoch: [23][53/114]	Time 0.125 (0.114)	Data 0.033 (0.022)	Loss 0.0269 (0.0201)	MAE 0.147 (0.108)
Epoch: [23][54/114]	Time 0.105 (0.114)	Data 0.020 (0.022)	Loss 0.0145 (0.0200)	MAE 0.095 (0.108)
Epoch: [23][55/114]	Time 0.102 (0.114)	Data 0.013 (0.022)	Loss 0.0226 (0.0201)	MAE 0.101 (0.107)
Epoch: [23][56/114]	Time 0.106 (0.114)	Data 0.019 (0.022)	Loss 0.0315 (0.0203)	MAE 0.159 (0.108)
Epoch: [23][57/114]	Time 0.102 (0.113)	Data 0.016 (0.022)	Loss 0.0178 (0.0202)	MAE 0.096 (0.108)
Epoch: [23][58/114]	Time 0.115 (0.114)	Data 0.019 (0.022)	Loss 0.0227 (0.0203)	MAE 0.128 (0.108)
Epoch: [23][59/114]	Time 0.115 (0.114)	Data 0.022 (0.022)	Loss 0.0201 (0.0203)	MAE 0.116 (0.109)
Epoch: [23][60/114]	Time 0.121 (0.114)	Data 0.031 (0.022)	Loss 0.0174 (0.0202)	MAE 0.102 (0.108)
Epoch: [23][61/114]	Time 0.109 (0.114)	Data 0.017 (0.022)	Loss 0.0308 (0.0204)	MAE 0.153 (0.109)
Epoch: [23][62/114]	Time 0.115 (0.114)	Data 0.024 (0.022)	Loss 0.0198 (0.0204)	MAE 0.108 (0.109)
Epoch: [23][63/114]	Time 0.111 (0.114)	Data 0.019 (0.022)	Loss 0.0125 (0.0203)	MAE 0.085 (0.109)
Epoch: [23][64/114]	Time 0.115 (0.114)	Data 0.021 (0.022)	Loss 0.0171 (0.0202)	MAE 0.109 (0.109)
Epoch: [23][65/114]	Time 0.111 (0.114)	Data 0.017 (0.022)	Loss 0.0165 (0.0202)	MAE 0.105 (0.109)
Epoch: [23][66/114]	Time 0.109 (0.113)	Data 0.022 (0.022)	Loss 0.0355 (0.0204)	MAE 0.170 (0.110)
Epoch: [23][67/114]	Time 0.106 (0.113)	Data 0.016 (0.022)	Loss 0.0102 (0.0202)	MAE 0.079 (0.109)
Epoch: [23][68/114]	Time 0.107 (0.113)	Data 0.021 (0.022)	Loss 0.0291 (0.0204)	MAE 0.122 (0.109)
Epoch: [23][69/114]	Time 0.108 (0.113)	Data 0.019 (0.022)	Loss 0.0145 (0.0203)	MAE 0.090 (0.109)
Epoch: [23][70/114]	Time 0.118 (0.113)	Data 0.026 (0.022)	Loss 0.0173 (0.0203)	MAE 0.111 (0.109)
Epoch: [23][71/114]	Time 0.111 (0.113)	Data 0.017 (0.022)	Loss 0.0760 (0.0210)	MAE 0.110 (0.109)
Epoch: [23][72/114]	Time 0.109 (0.113)	Data 0.016 (0.022)	Loss 0.0152 (0.0209)	MAE 0.103 (0.109)
Epoch: [23][73/114]	Time 0.117 (0.113)	Data 0.025 (0.022)	Loss 0.0193 (0.0209)	MAE 0.109 (0.109)
Epoch: [23][74/114]	Time 0.118 (0.113)	Data 0.025 (0.022)	Loss 0.0111 (0.0208)	MAE 0.086 (0.109)
Epoch: [23][75/114]	Time 0.109 (0.113)	Data 0.019 (0.022)	Loss 0.0270 (0.0209)	MAE 0.113 (0.109)
Epoch: [23][76/114]	Time 0.112 (0.113)	Data 0.022 (0.022)	Loss 0.0257 (0.0209)	MAE 0.106 (0.109)
Epoch: [23][77/114]	Time 0.111 (0.113)	Data 0.020 (0.022)	Loss 0.0139 (0.0208)	MAE 0.093 (0.109)
Epoch: [23][78/114]	Time 0.109 (0.113)	Data 0.020 (0.022)	Loss 0.0143 (0.0208)	MAE 0.099 (0.108)
Epoch: [23][79/114]	Time 0.113 (0.113)	Data 0.020 (0.022)	Loss 0.0339 (0.0209)	MAE 0.099 (0.108)
Epoch: [23][80/114]	Time 0.118 (0.113)	Data 0.022 (0.022)	Loss 0.0218 (0.0209)	MAE 0.117 (0.108)
Epoch: [23][81/114]	Time 0.104 (0.113)	Data 0.013 (0.022)	Loss 0.0137 (0.0208)	MAE 0.097 (0.108)
Epoch: [23][82/114]	Time 0.113 (0.113)	Data 0.022 (0.022)	Loss 0.0206 (0.0208)	MAE 0.117 (0.108)
Epoch: [23][83/114]	Time 0.104 (0.113)	Data 0.015 (0.021)	Loss 0.0157 (0.0208)	MAE 0.092 (0.108)
Epoch: [23][84/114]	Time 0.113 (0.113)	Data 0.021 (0.021)	Loss 0.0136 (0.0207)	MAE 0.087 (0.108)
Epoch: [23][85/114]	Time 0.110 (0.113)	Data 0.018 (0.021)	Loss 0.0147 (0.0206)	MAE 0.093 (0.108)
Epoch: [23][86/114]	Time 0.116 (0.113)	Data 0.023 (0.021)	Loss 0.0271 (0.0207)	MAE 0.137 (0.108)
Epoch: [23][87/114]	Time 0.106 (0.113)	Data 0.017 (0.021)	Loss 0.0207 (0.0207)	MAE 0.116 (0.108)
Epoch: [23][88/114]	Time 0.112 (0.113)	Data 0.021 (0.021)	Loss 0.0201 (0.0207)	MAE 0.121 (0.108)
Epoch: [23][89/114]	Time 0.109 (0.113)	Data 0.020 (0.021)	Loss 0.0136 (0.0206)	MAE 0.086 (0.108)
Epoch: [23][90/114]	Time 0.116 (0.113)	Data 0.026 (0.021)	Loss 0.0152 (0.0206)	MAE 0.090 (0.108)
Epoch: [23][91/114]	Time 0.124 (0.113)	Data 0.014 (0.021)	Loss 0.0170 (0.0205)	MAE 0.102 (0.108)
Epoch: [23][92/114]	Time 0.118 (0.113)	Data 0.020 (0.021)	Loss 0.0172 (0.0205)	MAE 0.103 (0.108)
Epoch: [23][93/114]	Time 0.115 (0.113)	Data 0.019 (0.021)	Loss 0.0184 (0.0205)	MAE 0.096 (0.108)
Epoch: [23][94/114]	Time 0.119 (0.113)	Data 0.027 (0.021)	Loss 0.0129 (0.0204)	MAE 0.094 (0.108)
Epoch: [23][95/114]	Time 0.100 (0.113)	Data 0.012 (0.021)	Loss 0.0394 (0.0206)	MAE 0.175 (0.108)
Epoch: [23][96/114]	Time 0.116 (0.113)	Data 0.020 (0.021)	Loss 0.0391 (0.0208)	MAE 0.108 (0.108)
Epoch: [23][97/114]	Time 0.100 (0.113)	Data 0.015 (0.021)	Loss 0.0111 (0.0207)	MAE 0.079 (0.108)
Epoch: [23][98/114]	Time 0.117 (0.113)	Data 0.025 (0.021)	Loss 0.0240 (0.0207)	MAE 0.137 (0.108)
Epoch: [23][99/114]	Time 0.125 (0.113)	Data 0.029 (0.021)	Loss 0.0102 (0.0206)	MAE 0.077 (0.108)
Epoch: [23][100/114]	Time 0.112 (0.113)	Data 0.021 (0.021)	Loss 0.0125 (0.0205)	MAE 0.087 (0.108)
Epoch: [23][101/114]	Time 0.103 (0.113)	Data 0.016 (0.021)	Loss 0.0183 (0.0205)	MAE 0.098 (0.108)
Epoch: [23][102/114]	Time 0.112 (0.113)	Data 0.025 (0.021)	Loss 0.0125 (0.0204)	MAE 0.088 (0.107)
Epoch: [23][103/114]	Time 0.106 (0.113)	Data 0.016 (0.021)	Loss 0.0341 (0.0206)	MAE 0.154 (0.108)
Epoch: [23][104/114]	Time 0.109 (0.113)	Data 0.024 (0.021)	Loss 0.0114 (0.0205)	MAE 0.083 (0.108)
Epoch: [23][105/114]	Time 0.114 (0.113)	Data 0.022 (0.021)	Loss 0.0104 (0.0204)	MAE 0.077 (0.107)
Epoch: [23][106/114]	Time 0.103 (0.113)	Data 0.018 (0.021)	Loss 0.0212 (0.0204)	MAE 0.113 (0.107)
Epoch: [23][107/114]	Time 0.106 (0.113)	Data 0.015 (0.021)	Loss 0.0339 (0.0205)	MAE 0.156 (0.108)
Epoch: [23][108/114]	Time 0.106 (0.113)	Data 0.017 (0.021)	Loss 0.0186 (0.0205)	MAE 0.113 (0.108)
Epoch: [23][109/114]	Time 0.111 (0.113)	Data 0.020 (0.021)	Loss 0.0119 (0.0204)	MAE 0.088 (0.108)
Epoch: [23][110/114]	Time 0.112 (0.113)	Data 0.021 (0.021)	Loss 0.0158 (0.0204)	MAE 0.100 (0.108)
Epoch: [23][111/114]	Time 0.105 (0.113)	Data 0.016 (0.021)	Loss 0.0143 (0.0203)	MAE 0.093 (0.108)
Epoch: [23][112/114]	Time 0.115 (0.113)	Data 0.024 (0.021)	Loss 0.0155 (0.0203)	MAE 0.095 (0.107)
Epoch: [23][113/114]	Time 0.110 (0.113)	Data 0.034 (0.021)	Loss 0.0221 (0.0203)	MAE 0.126 (0.108)
Test: [0/15]	Time 0.054 (0.054)	Loss 0.0407 (0.0407)	MAE 0.174 (0.174)
Test: [1/15]	Time 0.042 (0.048)	Loss 0.0395 (0.0401)	MAE 0.166 (0.170)
Test: [2/15]	Time 0.043 (0.046)	Loss 0.0445 (0.0416)	MAE 0.184 (0.175)
Test: [3/15]	Time 0.043 (0.045)	Loss 0.0402 (0.0412)	MAE 0.174 (0.175)
Test: [4/15]	Time 0.045 (0.045)	Loss 0.0505 (0.0431)	MAE 0.194 (0.179)
Test: [5/15]	Time 0.047 (0.046)	Loss 0.0442 (0.0433)	MAE 0.187 (0.180)
Test: [6/15]	Time 0.045 (0.045)	Loss 0.0468 (0.0438)	MAE 0.190 (0.181)
Test: [7/15]	Time 0.047 (0.046)	Loss 0.0506 (0.0446)	MAE 0.188 (0.182)
Test: [8/15]	Time 0.043 (0.045)	Loss 0.0487 (0.0451)	MAE 0.196 (0.184)
Test: [9/15]	Time 0.045 (0.045)	Loss 0.0468 (0.0453)	MAE 0.191 (0.185)
Test: [10/15]	Time 0.047 (0.045)	Loss 0.0500 (0.0457)	MAE 0.196 (0.186)
Test: [11/15]	Time 0.045 (0.045)	Loss 0.0455 (0.0457)	MAE 0.182 (0.185)
Test: [12/15]	Time 0.049 (0.046)	Loss 0.0446 (0.0456)	MAE 0.182 (0.185)
Test: [13/15]	Time 0.045 (0.046)	Loss 0.0472 (0.0457)	MAE 0.184 (0.185)
Test: [14/15]	Time 0.023 (0.044)	Loss 0.0384 (0.0456)	MAE 0.164 (0.185)
 * MAE 0.185
Epoch: [24][0/114]	Time 0.506 (0.506)	Data 0.414 (0.414)	Loss 0.0317 (0.0317)	MAE 0.146 (0.146)
Epoch: [24][1/114]	Time 0.111 (0.309)	Data 0.019 (0.217)	Loss 0.0500 (0.0409)	MAE 0.203 (0.175)
Epoch: [24][2/114]	Time 0.108 (0.242)	Data 0.021 (0.151)	Loss 0.0201 (0.0339)	MAE 0.120 (0.157)
Epoch: [24][3/114]	Time 0.103 (0.207)	Data 0.013 (0.117)	Loss 0.0108 (0.0282)	MAE 0.086 (0.139)
Epoch: [24][4/114]	Time 0.106 (0.187)	Data 0.018 (0.097)	Loss 0.0157 (0.0257)	MAE 0.089 (0.129)
Epoch: [24][5/114]	Time 0.112 (0.174)	Data 0.021 (0.084)	Loss 0.0236 (0.0253)	MAE 0.120 (0.128)
Epoch: [24][6/114]	Time 0.117 (0.166)	Data 0.027 (0.076)	Loss 0.0443 (0.0280)	MAE 0.185 (0.136)
Epoch: [24][7/114]	Time 0.102 (0.158)	Data 0.016 (0.069)	Loss 0.0293 (0.0282)	MAE 0.147 (0.137)
Epoch: [24][8/114]	Time 0.114 (0.153)	Data 0.022 (0.063)	Loss 0.0278 (0.0281)	MAE 0.141 (0.138)
Epoch: [24][9/114]	Time 0.118 (0.150)	Data 0.027 (0.060)	Loss 0.0202 (0.0274)	MAE 0.117 (0.135)
Epoch: [24][10/114]	Time 0.131 (0.148)	Data 0.038 (0.058)	Loss 0.0326 (0.0278)	MAE 0.164 (0.138)
Epoch: [24][11/114]	Time 0.109 (0.145)	Data 0.017 (0.054)	Loss 0.0296 (0.0280)	MAE 0.154 (0.139)
Epoch: [24][12/114]	Time 0.108 (0.142)	Data 0.022 (0.052)	Loss 0.0140 (0.0269)	MAE 0.095 (0.136)
Epoch: [24][13/114]	Time 0.112 (0.140)	Data 0.020 (0.050)	Loss 0.0250 (0.0268)	MAE 0.128 (0.135)
Epoch: [24][14/114]	Time 0.108 (0.138)	Data 0.020 (0.048)	Loss 0.0107 (0.0257)	MAE 0.083 (0.132)
Epoch: [24][15/114]	Time 0.112 (0.136)	Data 0.021 (0.046)	Loss 0.0388 (0.0265)	MAE 0.113 (0.131)
Epoch: [24][16/114]	Time 0.124 (0.135)	Data 0.035 (0.045)	Loss 0.0191 (0.0261)	MAE 0.101 (0.129)
Epoch: [24][17/114]	Time 0.113 (0.134)	Data 0.021 (0.044)	Loss 0.0174 (0.0256)	MAE 0.101 (0.127)
Epoch: [24][18/114]	Time 0.112 (0.133)	Data 0.020 (0.043)	Loss 0.0168 (0.0251)	MAE 0.092 (0.125)
Epoch: [24][19/114]	Time 0.104 (0.132)	Data 0.015 (0.041)	Loss 0.0147 (0.0246)	MAE 0.096 (0.124)
Epoch: [24][20/114]	Time 0.112 (0.131)	Data 0.023 (0.040)	Loss 0.0182 (0.0243)	MAE 0.117 (0.124)
Epoch: [24][21/114]	Time 0.108 (0.130)	Data 0.017 (0.039)	Loss 0.0161 (0.0239)	MAE 0.100 (0.123)
Epoch: [24][22/114]	Time 0.118 (0.129)	Data 0.023 (0.039)	Loss 0.0133 (0.0235)	MAE 0.090 (0.121)
Epoch: [24][23/114]	Time 0.103 (0.128)	Data 0.012 (0.038)	Loss 0.0183 (0.0233)	MAE 0.101 (0.120)
Epoch: [24][24/114]	Time 0.108 (0.127)	Data 0.021 (0.037)	Loss 0.0290 (0.0235)	MAE 0.139 (0.121)
Epoch: [24][25/114]	Time 0.123 (0.127)	Data 0.033 (0.037)	Loss 0.0220 (0.0234)	MAE 0.104 (0.120)
Epoch: [24][26/114]	Time 0.114 (0.127)	Data 0.022 (0.036)	Loss 0.0812 (0.0256)	MAE 0.116 (0.120)
Epoch: [24][27/114]	Time 0.112 (0.126)	Data 0.020 (0.036)	Loss 0.0390 (0.0260)	MAE 0.162 (0.122)
Epoch: [24][28/114]	Time 0.112 (0.126)	Data 0.021 (0.035)	Loss 0.0130 (0.0256)	MAE 0.094 (0.121)
Epoch: [24][29/114]	Time 0.112 (0.125)	Data 0.021 (0.035)	Loss 0.0474 (0.0263)	MAE 0.181 (0.123)
Epoch: [24][30/114]	Time 0.124 (0.125)	Data 0.028 (0.034)	Loss 0.0168 (0.0260)	MAE 0.099 (0.122)
Epoch: [24][31/114]	Time 0.115 (0.125)	Data 0.020 (0.034)	Loss 0.0153 (0.0257)	MAE 0.088 (0.121)
Epoch: [24][32/114]	Time 0.112 (0.124)	Data 0.023 (0.034)	Loss 0.0167 (0.0254)	MAE 0.108 (0.121)
Epoch: [24][33/114]	Time 0.099 (0.124)	Data 0.011 (0.033)	Loss 0.0361 (0.0257)	MAE 0.159 (0.122)
Epoch: [24][34/114]	Time 0.111 (0.123)	Data 0.022 (0.033)	Loss 0.0214 (0.0256)	MAE 0.119 (0.122)
Epoch: [24][35/114]	Time 0.131 (0.123)	Data 0.035 (0.033)	Loss 0.0239 (0.0256)	MAE 0.132 (0.122)
Epoch: [24][36/114]	Time 0.127 (0.124)	Data 0.030 (0.033)	Loss 0.0267 (0.0256)	MAE 0.130 (0.122)
Epoch: [24][37/114]	Time 0.108 (0.123)	Data 0.014 (0.032)	Loss 0.0152 (0.0253)	MAE 0.100 (0.122)
Epoch: [24][38/114]	Time 0.115 (0.123)	Data 0.027 (0.032)	Loss 0.0245 (0.0253)	MAE 0.132 (0.122)
Epoch: [24][39/114]	Time 0.102 (0.122)	Data 0.016 (0.032)	Loss 0.0321 (0.0255)	MAE 0.104 (0.121)
Epoch: [24][40/114]	Time 0.108 (0.122)	Data 0.017 (0.031)	Loss 0.0183 (0.0253)	MAE 0.108 (0.121)
Epoch: [24][41/114]	Time 0.109 (0.122)	Data 0.020 (0.031)	Loss 0.0153 (0.0250)	MAE 0.100 (0.121)
Epoch: [24][42/114]	Time 0.112 (0.122)	Data 0.020 (0.031)	Loss 0.0114 (0.0247)	MAE 0.082 (0.120)
Epoch: [24][43/114]	Time 0.104 (0.121)	Data 0.016 (0.030)	Loss 0.0189 (0.0246)	MAE 0.102 (0.119)
Epoch: [24][44/114]	Time 0.114 (0.121)	Data 0.022 (0.030)	Loss 0.0163 (0.0244)	MAE 0.095 (0.119)
Epoch: [24][45/114]	Time 0.118 (0.121)	Data 0.022 (0.030)	Loss 0.0166 (0.0242)	MAE 0.089 (0.118)
Epoch: [24][46/114]	Time 0.106 (0.121)	Data 0.014 (0.030)	Loss 0.0124 (0.0240)	MAE 0.084 (0.117)
Epoch: [24][47/114]	Time 0.107 (0.120)	Data 0.016 (0.029)	Loss 0.0158 (0.0238)	MAE 0.096 (0.117)
Epoch: [24][48/114]	Time 0.117 (0.120)	Data 0.023 (0.029)	Loss 0.0093 (0.0235)	MAE 0.078 (0.116)
Epoch: [24][49/114]	Time 0.117 (0.120)	Data 0.017 (0.029)	Loss 0.0126 (0.0233)	MAE 0.089 (0.116)
Epoch: [24][50/114]	Time 0.115 (0.120)	Data 0.026 (0.029)	Loss 0.0101 (0.0230)	MAE 0.080 (0.115)
Epoch: [24][51/114]	Time 0.112 (0.120)	Data 0.021 (0.029)	Loss 0.0119 (0.0228)	MAE 0.086 (0.114)
Epoch: [24][52/114]	Time 0.106 (0.120)	Data 0.018 (0.029)	Loss 0.0274 (0.0229)	MAE 0.137 (0.115)
Epoch: [24][53/114]	Time 0.110 (0.120)	Data 0.020 (0.028)	Loss 0.0117 (0.0227)	MAE 0.085 (0.114)
Epoch: [24][54/114]	Time 0.112 (0.119)	Data 0.023 (0.028)	Loss 0.0240 (0.0227)	MAE 0.123 (0.114)
Epoch: [24][55/114]	Time 0.125 (0.119)	Data 0.029 (0.028)	Loss 0.1198 (0.0245)	MAE 0.196 (0.116)
Epoch: [24][56/114]	Time 0.132 (0.120)	Data 0.037 (0.029)	Loss 0.0161 (0.0243)	MAE 0.093 (0.115)
Epoch: [24][57/114]	Time 0.116 (0.120)	Data 0.024 (0.028)	Loss 0.0178 (0.0242)	MAE 0.101 (0.115)
Epoch: [24][58/114]	Time 0.109 (0.119)	Data 0.023 (0.028)	Loss 0.0196 (0.0241)	MAE 0.116 (0.115)
Epoch: [24][59/114]	Time 0.101 (0.119)	Data 0.012 (0.028)	Loss 0.0148 (0.0240)	MAE 0.103 (0.115)
Epoch: [24][60/114]	Time 0.109 (0.119)	Data 0.019 (0.028)	Loss 0.0115 (0.0238)	MAE 0.083 (0.114)
Epoch: [24][61/114]	Time 0.105 (0.119)	Data 0.018 (0.028)	Loss 0.0255 (0.0238)	MAE 0.131 (0.115)
Epoch: [24][62/114]	Time 0.107 (0.119)	Data 0.020 (0.028)	Loss 0.0131 (0.0236)	MAE 0.086 (0.114)
Epoch: [24][63/114]	Time 0.104 (0.118)	Data 0.015 (0.027)	Loss 0.0144 (0.0235)	MAE 0.090 (0.114)
Epoch: [24][64/114]	Time 0.141 (0.119)	Data 0.044 (0.028)	Loss 0.0122 (0.0233)	MAE 0.083 (0.113)
Epoch: [24][65/114]	Time 0.113 (0.119)	Data 0.022 (0.028)	Loss 0.0108 (0.0231)	MAE 0.088 (0.113)
Epoch: [24][66/114]	Time 0.111 (0.119)	Data 0.024 (0.028)	Loss 0.0210 (0.0231)	MAE 0.112 (0.113)
Epoch: [24][67/114]	Time 0.102 (0.118)	Data 0.014 (0.027)	Loss 0.0134 (0.0229)	MAE 0.090 (0.113)
Epoch: [24][68/114]	Time 0.126 (0.118)	Data 0.034 (0.027)	Loss 0.0176 (0.0229)	MAE 0.108 (0.113)
Epoch: [24][69/114]	Time 0.107 (0.118)	Data 0.019 (0.027)	Loss 0.0200 (0.0228)	MAE 0.122 (0.113)
Epoch: [24][70/114]	Time 0.119 (0.118)	Data 0.023 (0.027)	Loss 0.0122 (0.0227)	MAE 0.087 (0.112)
Epoch: [24][71/114]	Time 0.106 (0.118)	Data 0.019 (0.027)	Loss 0.0159 (0.0226)	MAE 0.100 (0.112)
Epoch: [24][72/114]	Time 0.111 (0.118)	Data 0.022 (0.027)	Loss 0.0129 (0.0225)	MAE 0.086 (0.112)
Epoch: [24][73/114]	Time 0.106 (0.118)	Data 0.015 (0.027)	Loss 0.0171 (0.0224)	MAE 0.101 (0.112)
Epoch: [24][74/114]	Time 0.113 (0.118)	Data 0.021 (0.027)	Loss 0.0111 (0.0222)	MAE 0.076 (0.111)
Epoch: [24][75/114]	Time 0.117 (0.118)	Data 0.022 (0.027)	Loss 0.0176 (0.0222)	MAE 0.098 (0.111)
Epoch: [24][76/114]	Time 0.110 (0.118)	Data 0.021 (0.027)	Loss 0.0130 (0.0220)	MAE 0.094 (0.111)
Epoch: [24][77/114]	Time 0.106 (0.117)	Data 0.019 (0.027)	Loss 0.0213 (0.0220)	MAE 0.110 (0.111)
Epoch: [24][78/114]	Time 0.111 (0.117)	Data 0.020 (0.027)	Loss 0.0150 (0.0219)	MAE 0.099 (0.111)
Epoch: [24][79/114]	Time 0.107 (0.117)	Data 0.022 (0.027)	Loss 0.0133 (0.0218)	MAE 0.088 (0.110)
Epoch: [24][80/114]	Time 0.111 (0.117)	Data 0.023 (0.026)	Loss 0.0134 (0.0217)	MAE 0.088 (0.110)
Epoch: [24][81/114]	Time 0.107 (0.117)	Data 0.019 (0.026)	Loss 0.0176 (0.0217)	MAE 0.091 (0.110)
Epoch: [24][82/114]	Time 0.110 (0.117)	Data 0.021 (0.026)	Loss 0.0107 (0.0216)	MAE 0.080 (0.110)
Epoch: [24][83/114]	Time 0.114 (0.117)	Data 0.020 (0.026)	Loss 0.0154 (0.0215)	MAE 0.096 (0.109)
Epoch: [24][84/114]	Time 0.108 (0.117)	Data 0.018 (0.026)	Loss 0.0209 (0.0215)	MAE 0.121 (0.110)
Epoch: [24][85/114]	Time 0.109 (0.117)	Data 0.019 (0.026)	Loss 0.0112 (0.0214)	MAE 0.080 (0.109)
Epoch: [24][86/114]	Time 0.116 (0.117)	Data 0.019 (0.026)	Loss 0.0224 (0.0214)	MAE 0.121 (0.109)
Epoch: [24][87/114]	Time 0.105 (0.117)	Data 0.012 (0.026)	Loss 0.0409 (0.0216)	MAE 0.186 (0.110)
Epoch: [24][88/114]	Time 0.118 (0.117)	Data 0.025 (0.026)	Loss 0.0182 (0.0215)	MAE 0.098 (0.110)
Epoch: [24][89/114]	Time 0.107 (0.117)	Data 0.017 (0.026)	Loss 0.0229 (0.0216)	MAE 0.129 (0.110)
Epoch: [24][90/114]	Time 0.105 (0.116)	Data 0.018 (0.026)	Loss 0.0182 (0.0215)	MAE 0.101 (0.110)
Epoch: [24][91/114]	Time 0.106 (0.116)	Data 0.013 (0.025)	Loss 0.0102 (0.0214)	MAE 0.081 (0.110)
Epoch: [24][92/114]	Time 0.107 (0.116)	Data 0.019 (0.025)	Loss 0.0127 (0.0213)	MAE 0.088 (0.110)
Epoch: [24][93/114]	Time 0.107 (0.116)	Data 0.018 (0.025)	Loss 0.0115 (0.0212)	MAE 0.081 (0.109)
Epoch: [24][94/114]	Time 0.112 (0.116)	Data 0.022 (0.025)	Loss 0.0487 (0.0215)	MAE 0.203 (0.110)
Epoch: [24][95/114]	Time 0.118 (0.116)	Data 0.028 (0.025)	Loss 0.0173 (0.0215)	MAE 0.089 (0.110)
Epoch: [24][96/114]	Time 0.122 (0.116)	Data 0.030 (0.025)	Loss 0.0126 (0.0214)	MAE 0.082 (0.110)
Epoch: [24][97/114]	Time 0.107 (0.116)	Data 0.017 (0.025)	Loss 0.0135 (0.0213)	MAE 0.100 (0.110)
Epoch: [24][98/114]	Time 0.116 (0.116)	Data 0.019 (0.025)	Loss 0.0339 (0.0214)	MAE 0.160 (0.110)
Epoch: [24][99/114]	Time 0.107 (0.116)	Data 0.019 (0.025)	Loss 0.0348 (0.0215)	MAE 0.160 (0.111)
Epoch: [24][100/114]	Time 0.109 (0.116)	Data 0.019 (0.025)	Loss 0.0180 (0.0215)	MAE 0.109 (0.111)
Epoch: [24][101/114]	Time 0.101 (0.116)	Data 0.013 (0.025)	Loss 0.0234 (0.0215)	MAE 0.118 (0.111)
Epoch: [24][102/114]	Time 0.108 (0.116)	Data 0.019 (0.025)	Loss 0.0281 (0.0216)	MAE 0.143 (0.111)
Epoch: [24][103/114]	Time 0.108 (0.116)	Data 0.018 (0.025)	Loss 0.0199 (0.0216)	MAE 0.108 (0.111)
Epoch: [24][104/114]	Time 0.112 (0.116)	Data 0.020 (0.025)	Loss 0.0145 (0.0215)	MAE 0.093 (0.111)
Epoch: [24][105/114]	Time 0.107 (0.115)	Data 0.015 (0.025)	Loss 0.0138 (0.0214)	MAE 0.082 (0.111)
Epoch: [24][106/114]	Time 0.108 (0.115)	Data 0.022 (0.025)	Loss 0.0116 (0.0213)	MAE 0.080 (0.110)
Epoch: [24][107/114]	Time 0.103 (0.115)	Data 0.017 (0.025)	Loss 0.0134 (0.0213)	MAE 0.093 (0.110)
Epoch: [24][108/114]	Time 0.114 (0.115)	Data 0.023 (0.025)	Loss 0.0274 (0.0213)	MAE 0.136 (0.110)
Epoch: [24][109/114]	Time 0.114 (0.115)	Data 0.019 (0.025)	Loss 0.0117 (0.0212)	MAE 0.084 (0.110)
Epoch: [24][110/114]	Time 0.112 (0.115)	Data 0.020 (0.025)	Loss 0.0111 (0.0211)	MAE 0.085 (0.110)
Epoch: [24][111/114]	Time 0.103 (0.115)	Data 0.015 (0.024)	Loss 0.0124 (0.0211)	MAE 0.088 (0.110)
Epoch: [24][112/114]	Time 0.105 (0.115)	Data 0.017 (0.024)	Loss 0.0272 (0.0211)	MAE 0.133 (0.110)
Epoch: [24][113/114]	Time 0.091 (0.115)	Data 0.028 (0.024)	Loss 0.0092 (0.0211)	MAE 0.078 (0.110)
Test: [0/15]	Time 0.046 (0.046)	Loss 0.0219 (0.0219)	MAE 0.102 (0.102)
Test: [1/15]	Time 0.044 (0.045)	Loss 0.0151 (0.0185)	MAE 0.092 (0.097)
Test: [2/15]	Time 0.044 (0.045)	Loss 0.0199 (0.0190)	MAE 0.096 (0.097)
Test: [3/15]	Time 0.043 (0.044)	Loss 0.0169 (0.0184)	MAE 0.096 (0.097)
Test: [4/15]	Time 0.041 (0.044)	Loss 0.0120 (0.0172)	MAE 0.087 (0.095)
Test: [5/15]	Time 0.058 (0.046)	Loss 0.0178 (0.0173)	MAE 0.092 (0.094)
Test: [6/15]	Time 0.064 (0.049)	Loss 0.0175 (0.0173)	MAE 0.094 (0.094)
Test: [7/15]	Time 0.058 (0.050)	Loss 0.0094 (0.0163)	MAE 0.078 (0.092)
Test: [8/15]	Time 0.049 (0.050)	Loss 0.0183 (0.0165)	MAE 0.098 (0.093)
Test: [9/15]	Time 0.040 (0.049)	Loss 0.0162 (0.0165)	MAE 0.088 (0.092)
Test: [10/15]	Time 0.043 (0.048)	Loss 0.0135 (0.0162)	MAE 0.081 (0.091)
Test: [11/15]	Time 0.042 (0.048)	Loss 0.0135 (0.0160)	MAE 0.088 (0.091)
Test: [12/15]	Time 0.046 (0.048)	Loss 0.0206 (0.0163)	MAE 0.105 (0.092)
Test: [13/15]	Time 0.039 (0.047)	Loss 0.0102 (0.0159)	MAE 0.083 (0.091)
Test: [14/15]	Time 0.018 (0.045)	Loss 0.0243 (0.0160)	MAE 0.104 (0.092)
 * MAE 0.092
Epoch: [25][0/114]	Time 0.149 (0.149)	Data 0.055 (0.055)	Loss 0.0189 (0.0189)	MAE 0.092 (0.092)
Epoch: [25][1/114]	Time 0.102 (0.125)	Data 0.017 (0.036)	Loss 0.0802 (0.0496)	MAE 0.123 (0.108)
Epoch: [25][2/114]	Time 0.104 (0.118)	Data 0.017 (0.030)	Loss 0.0107 (0.0366)	MAE 0.084 (0.100)
Epoch: [25][3/114]	Time 0.112 (0.117)	Data 0.017 (0.027)	Loss 0.0300 (0.0350)	MAE 0.150 (0.112)
Epoch: [25][4/114]	Time 0.112 (0.116)	Data 0.022 (0.026)	Loss 0.0106 (0.0301)	MAE 0.082 (0.106)
Epoch: [25][5/114]	Time 0.127 (0.118)	Data 0.029 (0.026)	Loss 0.0176 (0.0280)	MAE 0.109 (0.107)
Epoch: [25][6/114]	Time 0.103 (0.116)	Data 0.016 (0.025)	Loss 0.0136 (0.0259)	MAE 0.087 (0.104)
Epoch: [25][7/114]	Time 0.109 (0.115)	Data 0.021 (0.024)	Loss 0.0323 (0.0267)	MAE 0.144 (0.109)
Epoch: [25][8/114]	Time 0.111 (0.114)	Data 0.020 (0.024)	Loss 0.0312 (0.0272)	MAE 0.140 (0.112)
Epoch: [25][9/114]	Time 0.117 (0.115)	Data 0.024 (0.024)	Loss 0.0181 (0.0263)	MAE 0.109 (0.112)
Epoch: [25][10/114]	Time 0.104 (0.114)	Data 0.018 (0.023)	Loss 0.0178 (0.0255)	MAE 0.093 (0.110)
Epoch: [25][11/114]	Time 0.108 (0.113)	Data 0.020 (0.023)	Loss 0.0197 (0.0250)	MAE 0.118 (0.111)
Epoch: [25][12/114]	Time 0.109 (0.113)	Data 0.020 (0.023)	Loss 0.0168 (0.0244)	MAE 0.103 (0.110)
Epoch: [25][13/114]	Time 0.111 (0.113)	Data 0.023 (0.023)	Loss 0.0185 (0.0240)	MAE 0.096 (0.109)
Epoch: [25][14/114]	Time 0.105 (0.112)	Data 0.015 (0.022)	Loss 0.0127 (0.0232)	MAE 0.085 (0.108)
Epoch: [25][15/114]	Time 0.114 (0.112)	Data 0.023 (0.022)	Loss 0.0112 (0.0225)	MAE 0.089 (0.107)
Epoch: [25][16/114]	Time 0.127 (0.113)	Data 0.033 (0.023)	Loss 0.0134 (0.0220)	MAE 0.096 (0.106)
Epoch: [25][17/114]	Time 0.111 (0.113)	Data 0.018 (0.023)	Loss 0.0153 (0.0216)	MAE 0.085 (0.105)
Epoch: [25][18/114]	Time 0.103 (0.113)	Data 0.019 (0.023)	Loss 0.0220 (0.0216)	MAE 0.117 (0.105)
Epoch: [25][19/114]	Time 0.112 (0.113)	Data 0.026 (0.023)	Loss 0.0136 (0.0212)	MAE 0.089 (0.105)
Epoch: [25][20/114]	Time 0.108 (0.112)	Data 0.017 (0.022)	Loss 0.0153 (0.0209)	MAE 0.099 (0.104)
Epoch: [25][21/114]	Time 0.109 (0.112)	Data 0.021 (0.022)	Loss 0.0136 (0.0206)	MAE 0.086 (0.103)
Epoch: [25][22/114]	Time 0.109 (0.112)	Data 0.017 (0.022)	Loss 0.0114 (0.0202)	MAE 0.088 (0.103)
Epoch: [25][23/114]	Time 0.107 (0.112)	Data 0.018 (0.022)	Loss 0.0118 (0.0198)	MAE 0.088 (0.102)
Epoch: [25][24/114]	Time 0.113 (0.112)	Data 0.020 (0.022)	Loss 0.0120 (0.0195)	MAE 0.086 (0.101)
Epoch: [25][25/114]	Time 0.111 (0.112)	Data 0.021 (0.022)	Loss 0.0163 (0.0194)	MAE 0.100 (0.101)
Epoch: [25][26/114]	Time 0.105 (0.112)	Data 0.017 (0.022)	Loss 0.0108 (0.0191)	MAE 0.083 (0.101)
Epoch: [25][27/114]	Time 0.107 (0.111)	Data 0.018 (0.022)	Loss 0.0173 (0.0190)	MAE 0.108 (0.101)
Epoch: [25][28/114]	Time 0.115 (0.112)	Data 0.018 (0.021)	Loss 0.0155 (0.0189)	MAE 0.104 (0.101)
Epoch: [25][29/114]	Time 0.124 (0.112)	Data 0.032 (0.022)	Loss 0.0123 (0.0187)	MAE 0.089 (0.101)
Epoch: [25][30/114]	Time 0.109 (0.112)	Data 0.022 (0.022)	Loss 0.0118 (0.0185)	MAE 0.081 (0.100)
Epoch: [25][31/114]	Time 0.106 (0.112)	Data 0.022 (0.022)	Loss 0.0240 (0.0186)	MAE 0.125 (0.101)
Epoch: [25][32/114]	Time 0.113 (0.112)	Data 0.020 (0.022)	Loss 0.0149 (0.0185)	MAE 0.097 (0.101)
Epoch: [25][33/114]	Time 0.107 (0.112)	Data 0.017 (0.022)	Loss 0.0133 (0.0184)	MAE 0.083 (0.100)
Epoch: [25][34/114]	Time 0.105 (0.111)	Data 0.016 (0.021)	Loss 0.0180 (0.0184)	MAE 0.090 (0.100)
Epoch: [25][35/114]	Time 0.119 (0.112)	Data 0.025 (0.022)	Loss 0.0235 (0.0185)	MAE 0.137 (0.101)
Epoch: [25][36/114]	Time 0.130 (0.112)	Data 0.034 (0.022)	Loss 0.0176 (0.0185)	MAE 0.108 (0.101)
Epoch: [25][37/114]	Time 0.121 (0.112)	Data 0.027 (0.022)	Loss 0.0106 (0.0183)	MAE 0.083 (0.101)
Epoch: [25][38/114]	Time 0.109 (0.112)	Data 0.016 (0.022)	Loss 0.0163 (0.0182)	MAE 0.101 (0.101)
Epoch: [25][39/114]	Time 0.106 (0.112)	Data 0.017 (0.022)	Loss 0.0139 (0.0181)	MAE 0.090 (0.100)
Epoch: [25][40/114]	Time 0.110 (0.112)	Data 0.020 (0.022)	Loss 0.0125 (0.0180)	MAE 0.083 (0.100)
Epoch: [25][41/114]	Time 0.112 (0.112)	Data 0.025 (0.022)	Loss 0.0115 (0.0178)	MAE 0.081 (0.100)
Epoch: [25][42/114]	Time 0.107 (0.112)	Data 0.017 (0.022)	Loss 0.0107 (0.0177)	MAE 0.085 (0.099)
Epoch: [25][43/114]	Time 0.118 (0.112)	Data 0.023 (0.022)	Loss 0.0271 (0.0179)	MAE 0.111 (0.099)
Epoch: [25][44/114]	Time 0.114 (0.112)	Data 0.019 (0.022)	Loss 0.0288 (0.0181)	MAE 0.114 (0.100)
Epoch: [25][45/114]	Time 0.117 (0.112)	Data 0.022 (0.022)	Loss 0.0175 (0.0181)	MAE 0.114 (0.100)
Epoch: [25][46/114]	Time 0.100 (0.112)	Data 0.016 (0.022)	Loss 0.0087 (0.0179)	MAE 0.072 (0.099)
Epoch: [25][47/114]	Time 0.112 (0.112)	Data 0.022 (0.022)	Loss 0.0194 (0.0179)	MAE 0.108 (0.100)
Epoch: [25][48/114]	Time 0.104 (0.112)	Data 0.014 (0.021)	Loss 0.0190 (0.0179)	MAE 0.118 (0.100)
Epoch: [25][49/114]	Time 0.123 (0.112)	Data 0.030 (0.022)	Loss 0.0218 (0.0180)	MAE 0.107 (0.100)
Epoch: [25][50/114]	Time 0.102 (0.112)	Data 0.016 (0.021)	Loss 0.0925 (0.0195)	MAE 0.133 (0.101)
Epoch: [25][51/114]	Time 0.111 (0.112)	Data 0.022 (0.021)	Loss 0.0228 (0.0195)	MAE 0.122 (0.101)
Epoch: [25][52/114]	Time 0.100 (0.112)	Data 0.013 (0.021)	Loss 0.0372 (0.0199)	MAE 0.107 (0.101)
Epoch: [25][53/114]	Time 0.112 (0.112)	Data 0.020 (0.021)	Loss 0.0238 (0.0200)	MAE 0.137 (0.102)
Epoch: [25][54/114]	Time 0.105 (0.111)	Data 0.018 (0.021)	Loss 0.0218 (0.0200)	MAE 0.121 (0.102)
Epoch: [25][55/114]	Time 0.122 (0.112)	Data 0.025 (0.021)	Loss 0.0210 (0.0200)	MAE 0.121 (0.103)
Epoch: [25][56/114]	Time 0.124 (0.112)	Data 0.032 (0.022)	Loss 0.0201 (0.0200)	MAE 0.121 (0.103)
Epoch: [25][57/114]	Time 0.105 (0.112)	Data 0.015 (0.021)	Loss 0.0172 (0.0200)	MAE 0.102 (0.103)
Epoch: [25][58/114]	Time 0.110 (0.112)	Data 0.022 (0.021)	Loss 0.0141 (0.0199)	MAE 0.088 (0.103)
Epoch: [25][59/114]	Time 0.112 (0.112)	Data 0.020 (0.021)	Loss 0.0187 (0.0198)	MAE 0.098 (0.103)
Epoch: [25][60/114]	Time 0.105 (0.112)	Data 0.015 (0.021)	Loss 0.0548 (0.0204)	MAE 0.219 (0.105)
Epoch: [25][61/114]	Time 0.112 (0.112)	Data 0.024 (0.021)	Loss 0.0164 (0.0203)	MAE 0.102 (0.104)
Epoch: [25][62/114]	Time 0.105 (0.112)	Data 0.016 (0.021)	Loss 0.0178 (0.0203)	MAE 0.089 (0.104)
Epoch: [25][63/114]	Time 0.108 (0.111)	Data 0.013 (0.021)	Loss 0.0187 (0.0203)	MAE 0.118 (0.104)
Epoch: [25][64/114]	Time 0.123 (0.112)	Data 0.030 (0.021)	Loss 0.0126 (0.0202)	MAE 0.094 (0.104)
Epoch: [25][65/114]	Time 0.107 (0.112)	Data 0.016 (0.021)	Loss 0.0434 (0.0205)	MAE 0.194 (0.106)
Epoch: [25][66/114]	Time 0.113 (0.112)	Data 0.022 (0.021)	Loss 0.0333 (0.0207)	MAE 0.162 (0.107)
Epoch: [25][67/114]	Time 0.103 (0.111)	Data 0.016 (0.021)	Loss 0.0131 (0.0206)	MAE 0.084 (0.106)
Epoch: [25][68/114]	Time 0.115 (0.112)	Data 0.024 (0.021)	Loss 0.0122 (0.0205)	MAE 0.078 (0.106)
Epoch: [25][69/114]	Time 0.115 (0.112)	Data 0.026 (0.021)	Loss 0.0168 (0.0204)	MAE 0.092 (0.106)
Epoch: [25][70/114]	Time 0.106 (0.112)	Data 0.018 (0.021)	Loss 0.0131 (0.0203)	MAE 0.090 (0.105)
Epoch: [25][71/114]	Time 0.106 (0.111)	Data 0.018 (0.021)	Loss 0.0398 (0.0206)	MAE 0.186 (0.106)
Epoch: [25][72/114]	Time 0.114 (0.111)	Data 0.023 (0.021)	Loss 0.0203 (0.0206)	MAE 0.101 (0.106)
Epoch: [25][73/114]	Time 0.103 (0.111)	Data 0.017 (0.021)	Loss 0.0133 (0.0205)	MAE 0.088 (0.106)
Epoch: [25][74/114]	Time 0.113 (0.111)	Data 0.022 (0.021)	Loss 0.0118 (0.0204)	MAE 0.081 (0.106)
Epoch: [25][75/114]	Time 0.110 (0.111)	Data 0.020 (0.021)	Loss 0.0262 (0.0204)	MAE 0.135 (0.106)
Epoch: [25][76/114]	Time 0.139 (0.112)	Data 0.040 (0.021)	Loss 0.0185 (0.0204)	MAE 0.102 (0.106)
Epoch: [25][77/114]	Time 0.113 (0.112)	Data 0.023 (0.021)	Loss 0.0165 (0.0204)	MAE 0.105 (0.106)
Epoch: [25][78/114]	Time 0.109 (0.112)	Data 0.021 (0.021)	Loss 0.0131 (0.0203)	MAE 0.083 (0.106)
Epoch: [25][79/114]	Time 0.102 (0.112)	Data 0.014 (0.021)	Loss 0.0117 (0.0202)	MAE 0.085 (0.106)
Epoch: [25][80/114]	Time 0.109 (0.112)	Data 0.021 (0.021)	Loss 0.0129 (0.0201)	MAE 0.090 (0.105)
Epoch: [25][81/114]	Time 0.103 (0.111)	Data 0.017 (0.021)	Loss 0.0340 (0.0203)	MAE 0.159 (0.106)
Epoch: [25][82/114]	Time 0.105 (0.111)	Data 0.019 (0.021)	Loss 0.0186 (0.0202)	MAE 0.117 (0.106)
Epoch: [25][83/114]	Time 0.107 (0.111)	Data 0.014 (0.021)	Loss 0.0338 (0.0204)	MAE 0.163 (0.107)
Epoch: [25][84/114]	Time 0.134 (0.112)	Data 0.043 (0.021)	Loss 0.0103 (0.0203)	MAE 0.080 (0.107)
Epoch: [25][85/114]	Time 0.105 (0.112)	Data 0.013 (0.021)	Loss 0.0740 (0.0209)	MAE 0.232 (0.108)
Epoch: [25][86/114]	Time 0.108 (0.111)	Data 0.019 (0.021)	Loss 0.0135 (0.0208)	MAE 0.089 (0.108)
Epoch: [25][87/114]	Time 0.111 (0.111)	Data 0.015 (0.021)	Loss 0.0260 (0.0209)	MAE 0.142 (0.108)
Epoch: [25][88/114]	Time 0.118 (0.112)	Data 0.026 (0.021)	Loss 0.0123 (0.0208)	MAE 0.085 (0.108)
Epoch: [25][89/114]	Time 0.113 (0.112)	Data 0.021 (0.021)	Loss 0.0154 (0.0207)	MAE 0.093 (0.108)
Epoch: [25][90/114]	Time 0.108 (0.112)	Data 0.023 (0.021)	Loss 0.0307 (0.0208)	MAE 0.155 (0.108)
Epoch: [25][91/114]	Time 0.104 (0.111)	Data 0.012 (0.021)	Loss 0.0161 (0.0208)	MAE 0.097 (0.108)
Epoch: [25][92/114]	Time 0.107 (0.111)	Data 0.018 (0.021)	Loss 0.0185 (0.0208)	MAE 0.105 (0.108)
Epoch: [25][93/114]	Time 0.106 (0.111)	Data 0.019 (0.021)	Loss 0.0182 (0.0207)	MAE 0.107 (0.108)
Epoch: [25][94/114]	Time 0.115 (0.111)	Data 0.025 (0.021)	Loss 0.0184 (0.0207)	MAE 0.103 (0.108)
Epoch: [25][95/114]	Time 0.113 (0.111)	Data 0.021 (0.021)	Loss 0.0187 (0.0207)	MAE 0.108 (0.108)
Epoch: [25][96/114]	Time 0.133 (0.112)	Data 0.037 (0.021)	Loss 0.0152 (0.0206)	MAE 0.091 (0.108)
Epoch: [25][97/114]	Time 0.112 (0.112)	Data 0.021 (0.021)	Loss 0.0183 (0.0206)	MAE 0.100 (0.108)
Epoch: [25][98/114]	Time 0.109 (0.112)	Data 0.023 (0.021)	Loss 0.0122 (0.0205)	MAE 0.085 (0.108)
Epoch: [25][99/114]	Time 0.100 (0.111)	Data 0.015 (0.021)	Loss 0.0275 (0.0206)	MAE 0.140 (0.108)
Epoch: [25][100/114]	Time 0.107 (0.111)	Data 0.019 (0.021)	Loss 0.0153 (0.0205)	MAE 0.095 (0.108)
Epoch: [25][101/114]	Time 0.105 (0.111)	Data 0.019 (0.021)	Loss 0.0312 (0.0206)	MAE 0.159 (0.108)
Epoch: [25][102/114]	Time 0.116 (0.111)	Data 0.024 (0.021)	Loss 0.0130 (0.0206)	MAE 0.094 (0.108)
Epoch: [25][103/114]	Time 0.121 (0.112)	Data 0.028 (0.021)	Loss 0.0141 (0.0205)	MAE 0.086 (0.108)
Epoch: [25][104/114]	Time 0.116 (0.112)	Data 0.022 (0.021)	Loss 0.0161 (0.0205)	MAE 0.097 (0.108)
Epoch: [25][105/114]	Time 0.107 (0.112)	Data 0.016 (0.021)	Loss 0.0104 (0.0204)	MAE 0.081 (0.108)
Epoch: [25][106/114]	Time 0.103 (0.111)	Data 0.019 (0.021)	Loss 0.0147 (0.0203)	MAE 0.090 (0.107)
Epoch: [25][107/114]	Time 0.114 (0.111)	Data 0.018 (0.021)	Loss 0.0163 (0.0203)	MAE 0.108 (0.107)
Epoch: [25][108/114]	Time 0.142 (0.112)	Data 0.048 (0.021)	Loss 0.0109 (0.0202)	MAE 0.080 (0.107)
Epoch: [25][109/114]	Time 0.122 (0.112)	Data 0.027 (0.021)	Loss 0.0206 (0.0202)	MAE 0.118 (0.107)
Epoch: [25][110/114]	Time 0.112 (0.112)	Data 0.023 (0.022)	Loss 0.0109 (0.0201)	MAE 0.081 (0.107)
Epoch: [25][111/114]	Time 0.106 (0.112)	Data 0.018 (0.021)	Loss 0.0172 (0.0201)	MAE 0.110 (0.107)
Epoch: [25][112/114]	Time 0.109 (0.112)	Data 0.019 (0.021)	Loss 0.0120 (0.0200)	MAE 0.087 (0.107)
Epoch: [25][113/114]	Time 0.086 (0.112)	Data 0.023 (0.021)	Loss 0.0178 (0.0200)	MAE 0.111 (0.107)
Test: [0/15]	Time 0.045 (0.045)	Loss 0.0158 (0.0158)	MAE 0.092 (0.092)
Test: [1/15]	Time 0.045 (0.045)	Loss 0.0170 (0.0164)	MAE 0.100 (0.096)
Test: [2/15]	Time 0.054 (0.048)	Loss 0.0136 (0.0155)	MAE 0.093 (0.095)
Test: [3/15]	Time 0.048 (0.048)	Loss 0.0167 (0.0158)	MAE 0.098 (0.096)
Test: [4/15]	Time 0.061 (0.051)	Loss 0.0170 (0.0160)	MAE 0.090 (0.095)
Test: [5/15]	Time 0.052 (0.051)	Loss 0.0153 (0.0159)	MAE 0.088 (0.094)
Test: [6/15]	Time 0.044 (0.050)	Loss 0.0229 (0.0169)	MAE 0.102 (0.095)
Test: [7/15]	Time 0.048 (0.050)	Loss 0.0137 (0.0165)	MAE 0.089 (0.094)
Test: [8/15]	Time 0.047 (0.049)	Loss 0.0117 (0.0160)	MAE 0.083 (0.093)
Test: [9/15]	Time 0.041 (0.049)	Loss 0.0185 (0.0162)	MAE 0.102 (0.094)
Test: [10/15]	Time 0.043 (0.048)	Loss 0.0201 (0.0166)	MAE 0.104 (0.095)
Test: [11/15]	Time 0.048 (0.048)	Loss 0.0228 (0.0171)	MAE 0.104 (0.095)
Test: [12/15]	Time 0.050 (0.048)	Loss 0.0159 (0.0170)	MAE 0.091 (0.095)
Test: [13/15]	Time 0.056 (0.049)	Loss 0.0215 (0.0173)	MAE 0.101 (0.096)
Test: [14/15]	Time 0.018 (0.047)	Loss 0.0084 (0.0172)	MAE 0.080 (0.095)
 * MAE 0.095
Epoch: [26][0/114]	Time 0.154 (0.154)	Data 0.067 (0.067)	Loss 0.0189 (0.0189)	MAE 0.118 (0.118)
Epoch: [26][1/114]	Time 0.105 (0.130)	Data 0.016 (0.042)	Loss 0.0125 (0.0157)	MAE 0.085 (0.101)
Epoch: [26][2/114]	Time 0.108 (0.123)	Data 0.019 (0.034)	Loss 0.0157 (0.0157)	MAE 0.096 (0.100)
Epoch: [26][3/114]	Time 0.110 (0.119)	Data 0.020 (0.031)	Loss 0.0151 (0.0156)	MAE 0.104 (0.101)
Epoch: [26][4/114]	Time 0.104 (0.116)	Data 0.021 (0.029)	Loss 0.0118 (0.0148)	MAE 0.080 (0.097)
Epoch: [26][5/114]	Time 0.106 (0.115)	Data 0.015 (0.026)	Loss 0.0196 (0.0156)	MAE 0.116 (0.100)
Epoch: [26][6/114]	Time 0.118 (0.115)	Data 0.027 (0.026)	Loss 0.0162 (0.0157)	MAE 0.098 (0.100)
Epoch: [26][7/114]	Time 0.108 (0.114)	Data 0.017 (0.025)	Loss 0.0215 (0.0164)	MAE 0.106 (0.100)
Epoch: [26][8/114]	Time 0.125 (0.115)	Data 0.030 (0.026)	Loss 0.0189 (0.0167)	MAE 0.115 (0.102)
Epoch: [26][9/114]	Time 0.121 (0.116)	Data 0.019 (0.025)	Loss 0.0178 (0.0168)	MAE 0.106 (0.102)
Epoch: [26][10/114]	Time 0.125 (0.117)	Data 0.033 (0.026)	Loss 0.0114 (0.0163)	MAE 0.078 (0.100)
Epoch: [26][11/114]	Time 0.106 (0.116)	Data 0.016 (0.025)	Loss 0.0328 (0.0177)	MAE 0.162 (0.105)
Epoch: [26][12/114]	Time 0.112 (0.116)	Data 0.023 (0.025)	Loss 0.0086 (0.0170)	MAE 0.070 (0.103)
Epoch: [26][13/114]	Time 0.105 (0.115)	Data 0.017 (0.024)	Loss 0.0092 (0.0164)	MAE 0.076 (0.101)
Epoch: [26][14/114]	Time 0.118 (0.115)	Data 0.026 (0.024)	Loss 0.0122 (0.0161)	MAE 0.077 (0.099)
Epoch: [26][15/114]	Time 0.126 (0.116)	Data 0.029 (0.025)	Loss 0.0152 (0.0161)	MAE 0.098 (0.099)
Epoch: [26][16/114]	Time 0.120 (0.116)	Data 0.027 (0.025)	Loss 0.0150 (0.0160)	MAE 0.082 (0.098)
Epoch: [26][17/114]	Time 0.106 (0.115)	Data 0.014 (0.024)	Loss 0.0159 (0.0160)	MAE 0.096 (0.098)
Epoch: [26][18/114]	Time 0.114 (0.115)	Data 0.026 (0.024)	Loss 0.0147 (0.0159)	MAE 0.100 (0.098)
Epoch: [26][19/114]	Time 0.146 (0.117)	Data 0.021 (0.024)	Loss 0.0114 (0.0157)	MAE 0.085 (0.097)
Epoch: [26][20/114]	Time 0.111 (0.117)	Data 0.022 (0.024)	Loss 0.0112 (0.0155)	MAE 0.083 (0.097)
Epoch: [26][21/114]	Time 0.108 (0.116)	Data 0.015 (0.024)	Loss 0.0438 (0.0168)	MAE 0.138 (0.099)
Epoch: [26][22/114]	Time 0.113 (0.116)	Data 0.020 (0.023)	Loss 0.0210 (0.0170)	MAE 0.125 (0.100)
Epoch: [26][23/114]	Time 0.104 (0.116)	Data 0.016 (0.023)	Loss 0.0162 (0.0169)	MAE 0.092 (0.099)
Epoch: [26][24/114]	Time 0.112 (0.115)	Data 0.022 (0.023)	Loss 0.0262 (0.0173)	MAE 0.146 (0.101)
Epoch: [26][25/114]	Time 0.108 (0.115)	Data 0.019 (0.023)	Loss 0.0148 (0.0172)	MAE 0.102 (0.101)
Epoch: [26][26/114]	Time 0.125 (0.116)	Data 0.029 (0.023)	Loss 0.0114 (0.0170)	MAE 0.087 (0.101)
Epoch: [26][27/114]	Time 0.115 (0.116)	Data 0.025 (0.023)	Loss 0.0115 (0.0168)	MAE 0.077 (0.100)
Epoch: [26][28/114]	Time 0.111 (0.115)	Data 0.022 (0.023)	Loss 0.0158 (0.0168)	MAE 0.105 (0.100)
Epoch: [26][29/114]	Time 0.102 (0.115)	Data 0.014 (0.023)	Loss 0.0185 (0.0168)	MAE 0.111 (0.100)
Epoch: [26][30/114]	Time 0.107 (0.115)	Data 0.019 (0.023)	Loss 0.0165 (0.0168)	MAE 0.102 (0.101)
Epoch: [26][31/114]	Time 0.111 (0.115)	Data 0.017 (0.023)	Loss 0.0195 (0.0169)	MAE 0.107 (0.101)
Epoch: [26][32/114]	Time 0.112 (0.114)	Data 0.019 (0.023)	Loss 0.0182 (0.0169)	MAE 0.111 (0.101)
Epoch: [26][33/114]	Time 0.106 (0.114)	Data 0.015 (0.022)	Loss 0.0129 (0.0168)	MAE 0.093 (0.101)
Epoch: [26][34/114]	Time 0.119 (0.114)	Data 0.023 (0.022)	Loss 0.0234 (0.0170)	MAE 0.127 (0.102)
Epoch: [26][35/114]	Time 0.132 (0.115)	Data 0.037 (0.023)	Loss 0.0218 (0.0171)	MAE 0.112 (0.102)
Epoch: [26][36/114]	Time 0.120 (0.115)	Data 0.028 (0.023)	Loss 0.0124 (0.0170)	MAE 0.090 (0.102)
Epoch: [26][37/114]	Time 0.101 (0.115)	Data 0.015 (0.023)	Loss 0.0819 (0.0187)	MAE 0.105 (0.102)
Epoch: [26][38/114]	Time 0.114 (0.115)	Data 0.022 (0.023)	Loss 0.0211 (0.0188)	MAE 0.120 (0.102)
Epoch: [26][39/114]	Time 0.106 (0.114)	Data 0.018 (0.023)	Loss 0.0180 (0.0188)	MAE 0.106 (0.102)
Epoch: [26][40/114]	Time 0.110 (0.114)	Data 0.020 (0.022)	Loss 0.0150 (0.0187)	MAE 0.094 (0.102)
Epoch: [26][41/114]	Time 0.113 (0.114)	Data 0.022 (0.022)	Loss 0.0263 (0.0189)	MAE 0.128 (0.103)
Epoch: [26][42/114]	Time 0.122 (0.114)	Data 0.026 (0.023)	Loss 0.0303 (0.0191)	MAE 0.141 (0.103)
Epoch: [26][43/114]	Time 0.111 (0.114)	Data 0.020 (0.022)	Loss 0.0398 (0.0196)	MAE 0.164 (0.105)
Epoch: [26][44/114]	Time 0.104 (0.114)	Data 0.016 (0.022)	Loss 0.0117 (0.0194)	MAE 0.086 (0.104)
Epoch: [26][45/114]	Time 0.112 (0.114)	Data 0.023 (0.022)	Loss 0.0175 (0.0194)	MAE 0.107 (0.105)
Epoch: [26][46/114]	Time 0.111 (0.114)	Data 0.018 (0.022)	Loss 0.0174 (0.0193)	MAE 0.090 (0.104)
Epoch: [26][47/114]	Time 0.111 (0.114)	Data 0.020 (0.022)	Loss 0.0133 (0.0192)	MAE 0.087 (0.104)
Epoch: [26][48/114]	Time 0.114 (0.114)	Data 0.020 (0.022)	Loss 0.0263 (0.0194)	MAE 0.135 (0.104)
Epoch: [26][49/114]	Time 0.099 (0.114)	Data 0.014 (0.022)	Loss 0.0185 (0.0193)	MAE 0.105 (0.105)
Epoch: [26][50/114]	Time 0.105 (0.113)	Data 0.012 (0.022)	Loss 0.0195 (0.0193)	MAE 0.099 (0.104)
Epoch: [26][51/114]	Time 0.106 (0.113)	Data 0.017 (0.022)	Loss 0.0163 (0.0193)	MAE 0.096 (0.104)
Epoch: [26][52/114]	Time 0.109 (0.113)	Data 0.020 (0.022)	Loss 0.0132 (0.0192)	MAE 0.087 (0.104)
Epoch: [26][53/114]	Time 0.109 (0.113)	Data 0.022 (0.022)	Loss 0.0150 (0.0191)	MAE 0.087 (0.104)
Epoch: [26][54/114]	Time 0.125 (0.113)	Data 0.025 (0.022)	Loss 0.0130 (0.0190)	MAE 0.082 (0.103)
Epoch: [26][55/114]	Time 0.117 (0.113)	Data 0.025 (0.022)	Loss 0.0275 (0.0191)	MAE 0.113 (0.103)
Epoch: [26][56/114]	Time 0.105 (0.113)	Data 0.017 (0.022)	Loss 0.0120 (0.0190)	MAE 0.081 (0.103)
Epoch: [26][57/114]	Time 0.105 (0.113)	Data 0.020 (0.022)	Loss 0.0131 (0.0189)	MAE 0.083 (0.103)
Epoch: [26][58/114]	Time 0.103 (0.113)	Data 0.016 (0.022)	Loss 0.0148 (0.0188)	MAE 0.091 (0.102)
Epoch: [26][59/114]	Time 0.103 (0.113)	Data 0.017 (0.022)	Loss 0.0128 (0.0187)	MAE 0.083 (0.102)
Epoch: [26][60/114]	Time 0.100 (0.113)	Data 0.011 (0.021)	Loss 0.0141 (0.0187)	MAE 0.085 (0.102)
Epoch: [26][61/114]	Time 0.115 (0.113)	Data 0.025 (0.021)	Loss 0.0138 (0.0186)	MAE 0.095 (0.102)
Epoch: [26][62/114]	Time 0.122 (0.113)	Data 0.027 (0.021)	Loss 0.0246 (0.0187)	MAE 0.134 (0.102)
Epoch: [26][63/114]	Time 0.113 (0.113)	Data 0.023 (0.022)	Loss 0.0211 (0.0187)	MAE 0.125 (0.103)
Epoch: [26][64/114]	Time 0.101 (0.113)	Data 0.014 (0.021)	Loss 0.0150 (0.0187)	MAE 0.090 (0.102)
Epoch: [26][65/114]	Time 0.111 (0.113)	Data 0.021 (0.021)	Loss 0.0144 (0.0186)	MAE 0.087 (0.102)
Epoch: [26][66/114]	Time 0.121 (0.113)	Data 0.032 (0.022)	Loss 0.0100 (0.0185)	MAE 0.078 (0.102)
Epoch: [26][67/114]	Time 0.115 (0.113)	Data 0.022 (0.022)	Loss 0.0231 (0.0185)	MAE 0.107 (0.102)
Epoch: [26][68/114]	Time 0.119 (0.113)	Data 0.031 (0.022)	Loss 0.0152 (0.0185)	MAE 0.102 (0.102)
Epoch: [26][69/114]	Time 0.102 (0.113)	Data 0.016 (0.022)	Loss 0.0109 (0.0184)	MAE 0.082 (0.102)
Epoch: [26][70/114]	Time 0.108 (0.113)	Data 0.023 (0.022)	Loss 0.0162 (0.0183)	MAE 0.102 (0.102)
Epoch: [26][71/114]	Time 0.098 (0.112)	Data 0.014 (0.022)	Loss 0.0357 (0.0186)	MAE 0.158 (0.102)
Epoch: [26][72/114]	Time 0.114 (0.112)	Data 0.020 (0.022)	Loss 0.0108 (0.0185)	MAE 0.087 (0.102)
Epoch: [26][73/114]	Time 0.111 (0.112)	Data 0.021 (0.021)	Loss 0.0095 (0.0184)	MAE 0.075 (0.102)
Epoch: [26][74/114]	Time 0.115 (0.112)	Data 0.020 (0.021)	Loss 0.0114 (0.0183)	MAE 0.080 (0.102)
Epoch: [26][75/114]	Time 0.121 (0.113)	Data 0.028 (0.022)	Loss 0.0097 (0.0181)	MAE 0.078 (0.101)
Epoch: [26][76/114]	Time 0.121 (0.113)	Data 0.030 (0.022)	Loss 0.0132 (0.0181)	MAE 0.082 (0.101)
Epoch: [26][77/114]	Time 0.109 (0.113)	Data 0.017 (0.022)	Loss 0.0256 (0.0182)	MAE 0.128 (0.101)
Epoch: [26][78/114]	Time 0.109 (0.113)	Data 0.021 (0.022)	Loss 0.0109 (0.0181)	MAE 0.084 (0.101)
Epoch: [26][79/114]	Time 0.103 (0.112)	Data 0.014 (0.022)	Loss 0.0173 (0.0181)	MAE 0.103 (0.101)
Epoch: [26][80/114]	Time 0.108 (0.112)	Data 0.021 (0.022)	Loss 0.0138 (0.0180)	MAE 0.093 (0.101)
Epoch: [26][81/114]	Time 0.122 (0.113)	Data 0.021 (0.021)	Loss 0.0191 (0.0180)	MAE 0.119 (0.101)
Epoch: [26][82/114]	Time 0.130 (0.113)	Data 0.038 (0.022)	Loss 0.0161 (0.0180)	MAE 0.104 (0.101)
Epoch: [26][83/114]	Time 0.110 (0.113)	Data 0.019 (0.022)	Loss 0.0139 (0.0180)	MAE 0.093 (0.101)
Epoch: [26][84/114]	Time 0.110 (0.113)	Data 0.023 (0.022)	Loss 0.0122 (0.0179)	MAE 0.090 (0.101)
Epoch: [26][85/114]	Time 0.117 (0.113)	Data 0.016 (0.022)	Loss 0.0164 (0.0179)	MAE 0.099 (0.101)
Epoch: [26][86/114]	Time 0.135 (0.113)	Data 0.039 (0.022)	Loss 0.0197 (0.0179)	MAE 0.101 (0.101)
Epoch: [26][87/114]	Time 0.111 (0.113)	Data 0.021 (0.022)	Loss 0.0100 (0.0178)	MAE 0.078 (0.101)
Epoch: [26][88/114]	Time 0.115 (0.113)	Data 0.021 (0.022)	Loss 0.0145 (0.0178)	MAE 0.096 (0.101)
Epoch: [26][89/114]	Time 0.106 (0.113)	Data 0.016 (0.022)	Loss 0.0143 (0.0177)	MAE 0.090 (0.101)
Epoch: [26][90/114]	Time 0.113 (0.113)	Data 0.025 (0.022)	Loss 0.0255 (0.0178)	MAE 0.127 (0.101)
Epoch: [26][91/114]	Time 0.106 (0.113)	Data 0.020 (0.022)	Loss 0.0095 (0.0177)	MAE 0.077 (0.101)
Epoch: [26][92/114]	Time 0.113 (0.113)	Data 0.024 (0.022)	Loss 0.1051 (0.0187)	MAE 0.168 (0.101)
Epoch: [26][93/114]	Time 0.108 (0.113)	Data 0.015 (0.022)	Loss 0.0092 (0.0186)	MAE 0.076 (0.101)
Epoch: [26][94/114]	Time 0.132 (0.113)	Data 0.029 (0.022)	Loss 0.0148 (0.0185)	MAE 0.097 (0.101)
Epoch: [26][95/114]	Time 0.125 (0.113)	Data 0.035 (0.022)	Loss 0.0178 (0.0185)	MAE 0.105 (0.101)
Epoch: [26][96/114]	Time 0.109 (0.113)	Data 0.022 (0.022)	Loss 0.0126 (0.0185)	MAE 0.086 (0.101)
Epoch: [26][97/114]	Time 0.111 (0.113)	Data 0.023 (0.022)	Loss 0.0171 (0.0184)	MAE 0.099 (0.101)
Epoch: [26][98/114]	Time 0.110 (0.113)	Data 0.015 (0.022)	Loss 0.0139 (0.0184)	MAE 0.091 (0.101)
Epoch: [26][99/114]	Time 0.117 (0.113)	Data 0.023 (0.022)	Loss 0.0150 (0.0184)	MAE 0.098 (0.101)
Epoch: [26][100/114]	Time 0.109 (0.113)	Data 0.021 (0.022)	Loss 0.0135 (0.0183)	MAE 0.084 (0.101)
Epoch: [26][101/114]	Time 0.110 (0.113)	Data 0.018 (0.022)	Loss 0.0105 (0.0182)	MAE 0.077 (0.100)
Epoch: [26][102/114]	Time 0.107 (0.113)	Data 0.017 (0.022)	Loss 0.0219 (0.0183)	MAE 0.092 (0.100)
Epoch: [26][103/114]	Time 0.114 (0.113)	Data 0.021 (0.022)	Loss 0.0211 (0.0183)	MAE 0.118 (0.100)
Epoch: [26][104/114]	Time 0.106 (0.113)	Data 0.015 (0.022)	Loss 0.0368 (0.0185)	MAE 0.095 (0.100)
Epoch: [26][105/114]	Time 0.113 (0.113)	Data 0.019 (0.022)	Loss 0.0261 (0.0186)	MAE 0.118 (0.101)
Epoch: [26][106/114]	Time 0.110 (0.113)	Data 0.021 (0.022)	Loss 0.0126 (0.0185)	MAE 0.086 (0.100)
Epoch: [26][107/114]	Time 0.109 (0.113)	Data 0.019 (0.022)	Loss 0.0245 (0.0186)	MAE 0.135 (0.101)
Epoch: [26][108/114]	Time 0.098 (0.113)	Data 0.015 (0.022)	Loss 0.0146 (0.0185)	MAE 0.094 (0.101)
Epoch: [26][109/114]	Time 0.107 (0.113)	Data 0.017 (0.022)	Loss 0.0178 (0.0185)	MAE 0.113 (0.101)
Epoch: [26][110/114]	Time 0.107 (0.113)	Data 0.019 (0.022)	Loss 0.0166 (0.0185)	MAE 0.105 (0.101)
Epoch: [26][111/114]	Time 0.112 (0.113)	Data 0.020 (0.022)	Loss 0.0134 (0.0184)	MAE 0.089 (0.101)
Epoch: [26][112/114]	Time 0.105 (0.112)	Data 0.015 (0.021)	Loss 0.0168 (0.0184)	MAE 0.095 (0.101)
Epoch: [26][113/114]	Time 0.089 (0.112)	Data 0.025 (0.021)	Loss 0.0119 (0.0184)	MAE 0.079 (0.101)
Test: [0/15]	Time 0.076 (0.076)	Loss 0.0210 (0.0210)	MAE 0.087 (0.087)
Test: [1/15]	Time 0.051 (0.064)	Loss 0.0139 (0.0175)	MAE 0.076 (0.082)
Test: [2/15]	Time 0.053 (0.060)	Loss 0.0172 (0.0174)	MAE 0.082 (0.082)
Test: [3/15]	Time 0.046 (0.057)	Loss 0.0191 (0.0178)	MAE 0.080 (0.081)
Test: [4/15]	Time 0.042 (0.054)	Loss 0.0133 (0.0169)	MAE 0.076 (0.080)
Test: [5/15]	Time 0.048 (0.053)	Loss 0.0182 (0.0171)	MAE 0.086 (0.081)
Test: [6/15]	Time 0.047 (0.052)	Loss 0.0188 (0.0174)	MAE 0.089 (0.082)
Test: [7/15]	Time 0.050 (0.052)	Loss 0.0158 (0.0172)	MAE 0.084 (0.083)
Test: [8/15]	Time 0.042 (0.051)	Loss 0.0115 (0.0165)	MAE 0.080 (0.082)
Test: [9/15]	Time 0.044 (0.050)	Loss 0.0099 (0.0159)	MAE 0.072 (0.081)
Test: [10/15]	Time 0.041 (0.049)	Loss 0.0130 (0.0156)	MAE 0.079 (0.081)
Test: [11/15]	Time 0.040 (0.048)	Loss 0.0090 (0.0151)	MAE 0.070 (0.080)
Test: [12/15]	Time 0.041 (0.048)	Loss 0.0151 (0.0151)	MAE 0.083 (0.080)
Test: [13/15]	Time 0.038 (0.047)	Loss 0.0199 (0.0154)	MAE 0.089 (0.081)
Test: [14/15]	Time 0.016 (0.045)	Loss 0.0071 (0.0153)	MAE 0.071 (0.081)
 * MAE 0.081
Epoch: [27][0/114]	Time 0.165 (0.165)	Data 0.065 (0.065)	Loss 0.0224 (0.0224)	MAE 0.128 (0.128)
Epoch: [27][1/114]	Time 0.112 (0.139)	Data 0.024 (0.045)	Loss 0.0101 (0.0162)	MAE 0.074 (0.101)
Epoch: [27][2/114]	Time 0.104 (0.127)	Data 0.015 (0.035)	Loss 0.0241 (0.0189)	MAE 0.134 (0.112)
Epoch: [27][3/114]	Time 0.108 (0.123)	Data 0.021 (0.031)	Loss 0.0111 (0.0169)	MAE 0.081 (0.104)
Epoch: [27][4/114]	Time 0.109 (0.120)	Data 0.018 (0.029)	Loss 0.0311 (0.0197)	MAE 0.156 (0.115)
Epoch: [27][5/114]	Time 0.125 (0.121)	Data 0.032 (0.029)	Loss 0.0149 (0.0189)	MAE 0.089 (0.110)
Epoch: [27][6/114]	Time 0.107 (0.119)	Data 0.013 (0.027)	Loss 0.0132 (0.0181)	MAE 0.094 (0.108)
Epoch: [27][7/114]	Time 0.109 (0.117)	Data 0.019 (0.026)	Loss 0.0122 (0.0174)	MAE 0.086 (0.105)
Epoch: [27][8/114]	Time 0.103 (0.116)	Data 0.014 (0.025)	Loss 0.0138 (0.0170)	MAE 0.088 (0.103)
Epoch: [27][9/114]	Time 0.108 (0.115)	Data 0.021 (0.024)	Loss 0.0152 (0.0168)	MAE 0.098 (0.103)
Epoch: [27][10/114]	Time 0.114 (0.115)	Data 0.013 (0.023)	Loss 0.0201 (0.0171)	MAE 0.110 (0.103)
Epoch: [27][11/114]	Time 0.114 (0.115)	Data 0.022 (0.023)	Loss 0.0170 (0.0171)	MAE 0.106 (0.104)
Epoch: [27][12/114]	Time 0.105 (0.114)	Data 0.018 (0.023)	Loss 0.0345 (0.0184)	MAE 0.147 (0.107)
Epoch: [27][13/114]	Time 0.119 (0.114)	Data 0.025 (0.023)	Loss 0.0366 (0.0197)	MAE 0.167 (0.111)
Epoch: [27][14/114]	Time 0.115 (0.115)	Data 0.024 (0.023)	Loss 0.0326 (0.0206)	MAE 0.162 (0.115)
Epoch: [27][15/114]	Time 0.119 (0.115)	Data 0.028 (0.023)	Loss 0.0185 (0.0205)	MAE 0.107 (0.114)
Epoch: [27][16/114]	Time 0.102 (0.114)	Data 0.014 (0.023)	Loss 0.0165 (0.0202)	MAE 0.102 (0.113)
Epoch: [27][17/114]	Time 0.109 (0.114)	Data 0.020 (0.023)	Loss 0.0203 (0.0202)	MAE 0.117 (0.114)
Epoch: [27][18/114]	Time 0.109 (0.113)	Data 0.018 (0.022)	Loss 0.0422 (0.0214)	MAE 0.189 (0.118)
Epoch: [27][19/114]	Time 0.114 (0.113)	Data 0.024 (0.022)	Loss 0.0102 (0.0208)	MAE 0.078 (0.116)
Epoch: [27][20/114]	Time 0.107 (0.113)	Data 0.020 (0.022)	Loss 0.0154 (0.0206)	MAE 0.090 (0.114)
Epoch: [27][21/114]	Time 0.115 (0.113)	Data 0.025 (0.023)	Loss 0.0109 (0.0201)	MAE 0.078 (0.113)
Epoch: [27][22/114]	Time 0.108 (0.113)	Data 0.016 (0.022)	Loss 0.0137 (0.0198)	MAE 0.094 (0.112)
Epoch: [27][23/114]	Time 0.113 (0.113)	Data 0.020 (0.022)	Loss 0.0168 (0.0197)	MAE 0.094 (0.111)
Epoch: [27][24/114]	Time 0.109 (0.113)	Data 0.018 (0.022)	Loss 0.0198 (0.0197)	MAE 0.112 (0.111)
Epoch: [27][25/114]	Time 0.119 (0.113)	Data 0.027 (0.022)	Loss 0.0252 (0.0199)	MAE 0.119 (0.112)
Epoch: [27][26/114]	Time 0.099 (0.113)	Data 0.012 (0.022)	Loss 0.0257 (0.0201)	MAE 0.141 (0.113)
Epoch: [27][27/114]	Time 0.108 (0.112)	Data 0.021 (0.022)	Loss 0.0135 (0.0199)	MAE 0.088 (0.112)
Epoch: [27][28/114]	Time 0.102 (0.112)	Data 0.015 (0.022)	Loss 0.0845 (0.0221)	MAE 0.125 (0.112)
Epoch: [27][29/114]	Time 0.105 (0.112)	Data 0.020 (0.022)	Loss 0.0241 (0.0222)	MAE 0.135 (0.113)
Epoch: [27][30/114]	Time 0.108 (0.112)	Data 0.021 (0.021)	Loss 0.0129 (0.0219)	MAE 0.092 (0.112)
Epoch: [27][31/114]	Time 0.108 (0.112)	Data 0.019 (0.021)	Loss 0.0177 (0.0218)	MAE 0.112 (0.112)
Epoch: [27][32/114]	Time 0.110 (0.112)	Data 0.016 (0.021)	Loss 0.0107 (0.0214)	MAE 0.078 (0.111)
Epoch: [27][33/114]	Time 0.125 (0.112)	Data 0.025 (0.021)	Loss 0.0099 (0.0211)	MAE 0.079 (0.110)
Epoch: [27][34/114]	Time 0.112 (0.112)	Data 0.020 (0.021)	Loss 0.0289 (0.0213)	MAE 0.147 (0.111)
Epoch: [27][35/114]	Time 0.114 (0.112)	Data 0.025 (0.021)	Loss 0.0199 (0.0213)	MAE 0.110 (0.111)
Epoch: [27][36/114]	Time 0.103 (0.112)	Data 0.016 (0.021)	Loss 0.0140 (0.0211)	MAE 0.095 (0.111)
Epoch: [27][37/114]	Time 0.110 (0.112)	Data 0.021 (0.021)	Loss 0.0141 (0.0209)	MAE 0.081 (0.110)
Epoch: [27][38/114]	Time 0.111 (0.112)	Data 0.015 (0.021)	Loss 0.0154 (0.0208)	MAE 0.102 (0.110)
Epoch: [27][39/114]	Time 0.112 (0.112)	Data 0.019 (0.021)	Loss 0.0091 (0.0205)	MAE 0.075 (0.109)
Epoch: [27][40/114]	Time 0.102 (0.111)	Data 0.013 (0.021)	Loss 0.0113 (0.0202)	MAE 0.087 (0.108)
Epoch: [27][41/114]	Time 0.118 (0.112)	Data 0.024 (0.021)	Loss 0.0147 (0.0201)	MAE 0.091 (0.108)
Epoch: [27][42/114]	Time 0.104 (0.111)	Data 0.014 (0.021)	Loss 0.0161 (0.0200)	MAE 0.107 (0.108)
Epoch: [27][43/114]	Time 0.110 (0.111)	Data 0.018 (0.021)	Loss 0.0368 (0.0204)	MAE 0.114 (0.108)
Epoch: [27][44/114]	Time 0.108 (0.111)	Data 0.016 (0.021)	Loss 0.0310 (0.0206)	MAE 0.158 (0.109)
Epoch: [27][45/114]	Time 0.122 (0.112)	Data 0.030 (0.021)	Loss 0.0245 (0.0207)	MAE 0.143 (0.110)
Epoch: [27][46/114]	Time 0.109 (0.112)	Data 0.020 (0.021)	Loss 0.0251 (0.0208)	MAE 0.135 (0.111)
Epoch: [27][47/114]	Time 0.107 (0.111)	Data 0.022 (0.021)	Loss 0.0115 (0.0206)	MAE 0.080 (0.110)
Epoch: [27][48/114]	Time 0.102 (0.111)	Data 0.014 (0.021)	Loss 0.0191 (0.0206)	MAE 0.110 (0.110)
Epoch: [27][49/114]	Time 0.106 (0.111)	Data 0.019 (0.021)	Loss 0.0151 (0.0205)	MAE 0.087 (0.109)
Epoch: [27][50/114]	Time 0.106 (0.111)	Data 0.015 (0.021)	Loss 0.0184 (0.0204)	MAE 0.117 (0.110)
Epoch: [27][51/114]	Time 0.111 (0.111)	Data 0.019 (0.021)	Loss 0.0223 (0.0205)	MAE 0.128 (0.110)
Epoch: [27][52/114]	Time 0.101 (0.111)	Data 0.013 (0.020)	Loss 0.0121 (0.0203)	MAE 0.082 (0.109)
Epoch: [27][53/114]	Time 0.124 (0.111)	Data 0.025 (0.020)	Loss 0.0076 (0.0201)	MAE 0.068 (0.109)
Epoch: [27][54/114]	Time 0.135 (0.112)	Data 0.037 (0.021)	Loss 0.0140 (0.0200)	MAE 0.097 (0.108)
Epoch: [27][55/114]	Time 0.117 (0.112)	Data 0.023 (0.021)	Loss 0.0333 (0.0202)	MAE 0.155 (0.109)
Epoch: [27][56/114]	Time 0.106 (0.112)	Data 0.018 (0.021)	Loss 0.0140 (0.0201)	MAE 0.092 (0.109)
Epoch: [27][57/114]	Time 0.103 (0.111)	Data 0.014 (0.021)	Loss 0.0168 (0.0200)	MAE 0.109 (0.109)
Epoch: [27][58/114]	Time 0.109 (0.111)	Data 0.017 (0.021)	Loss 0.0247 (0.0201)	MAE 0.134 (0.109)
Epoch: [27][59/114]	Time 0.119 (0.111)	Data 0.027 (0.021)	Loss 0.0148 (0.0200)	MAE 0.093 (0.109)
Epoch: [27][60/114]	Time 0.120 (0.112)	Data 0.025 (0.021)	Loss 0.0315 (0.0202)	MAE 0.154 (0.110)
Epoch: [27][61/114]	Time 0.108 (0.112)	Data 0.017 (0.021)	Loss 0.0110 (0.0201)	MAE 0.079 (0.109)
Epoch: [27][62/114]	Time 0.107 (0.111)	Data 0.019 (0.021)	Loss 0.0190 (0.0201)	MAE 0.117 (0.110)
Epoch: [27][63/114]	Time 0.108 (0.111)	Data 0.017 (0.021)	Loss 0.0136 (0.0200)	MAE 0.087 (0.109)
Epoch: [27][64/114]	Time 0.119 (0.112)	Data 0.021 (0.021)	Loss 0.0296 (0.0201)	MAE 0.147 (0.110)
Epoch: [27][65/114]	Time 0.104 (0.111)	Data 0.014 (0.021)	Loss 0.0131 (0.0200)	MAE 0.092 (0.109)
Epoch: [27][66/114]	Time 0.111 (0.111)	Data 0.020 (0.021)	Loss 0.0104 (0.0198)	MAE 0.077 (0.109)
Epoch: [27][67/114]	Time 0.106 (0.111)	Data 0.016 (0.020)	Loss 0.1051 (0.0211)	MAE 0.114 (0.109)
Epoch: [27][68/114]	Time 0.111 (0.111)	Data 0.022 (0.020)	Loss 0.0102 (0.0209)	MAE 0.077 (0.109)
Epoch: [27][69/114]	Time 0.109 (0.111)	Data 0.019 (0.020)	Loss 0.0108 (0.0208)	MAE 0.079 (0.108)
Epoch: [27][70/114]	Time 0.110 (0.111)	Data 0.021 (0.020)	Loss 0.0146 (0.0207)	MAE 0.092 (0.108)
Epoch: [27][71/114]	Time 0.105 (0.111)	Data 0.017 (0.020)	Loss 0.0462 (0.0211)	MAE 0.188 (0.109)
Epoch: [27][72/114]	Time 0.102 (0.111)	Data 0.013 (0.020)	Loss 0.0128 (0.0210)	MAE 0.085 (0.109)
Epoch: [27][73/114]	Time 0.121 (0.111)	Data 0.032 (0.020)	Loss 0.0262 (0.0210)	MAE 0.132 (0.109)
Epoch: [27][74/114]	Time 0.116 (0.111)	Data 0.024 (0.021)	Loss 0.0155 (0.0209)	MAE 0.085 (0.109)
Epoch: [27][75/114]	Time 0.131 (0.112)	Data 0.044 (0.021)	Loss 0.0232 (0.0210)	MAE 0.125 (0.109)
Epoch: [27][76/114]	Time 0.097 (0.111)	Data 0.013 (0.021)	Loss 0.0144 (0.0209)	MAE 0.094 (0.109)
Epoch: [27][77/114]	Time 0.107 (0.111)	Data 0.017 (0.021)	Loss 0.0138 (0.0208)	MAE 0.089 (0.109)
Epoch: [27][78/114]	Time 0.103 (0.111)	Data 0.015 (0.021)	Loss 0.0133 (0.0207)	MAE 0.086 (0.108)
Epoch: [27][79/114]	Time 0.116 (0.111)	Data 0.020 (0.021)	Loss 0.0333 (0.0209)	MAE 0.162 (0.109)
Epoch: [27][80/114]	Time 0.107 (0.111)	Data 0.016 (0.021)	Loss 0.0223 (0.0209)	MAE 0.121 (0.109)
Epoch: [27][81/114]	Time 0.119 (0.111)	Data 0.025 (0.021)	Loss 0.0127 (0.0208)	MAE 0.090 (0.109)
Epoch: [27][82/114]	Time 0.102 (0.111)	Data 0.013 (0.020)	Loss 0.0210 (0.0208)	MAE 0.100 (0.109)
Epoch: [27][83/114]	Time 0.108 (0.111)	Data 0.018 (0.020)	Loss 0.0281 (0.0209)	MAE 0.143 (0.109)
Epoch: [27][84/114]	Time 0.107 (0.111)	Data 0.014 (0.020)	Loss 0.0145 (0.0208)	MAE 0.088 (0.109)
Epoch: [27][85/114]	Time 0.121 (0.111)	Data 0.026 (0.020)	Loss 0.0192 (0.0208)	MAE 0.083 (0.109)
Epoch: [27][86/114]	Time 0.106 (0.111)	Data 0.015 (0.020)	Loss 0.0126 (0.0207)	MAE 0.080 (0.108)
Epoch: [27][87/114]	Time 0.130 (0.111)	Data 0.018 (0.020)	Loss 0.0138 (0.0206)	MAE 0.096 (0.108)
Epoch: [27][88/114]	Time 0.114 (0.111)	Data 0.017 (0.020)	Loss 0.0128 (0.0205)	MAE 0.082 (0.108)
Epoch: [27][89/114]	Time 0.109 (0.111)	Data 0.022 (0.020)	Loss 0.0137 (0.0204)	MAE 0.091 (0.108)
Epoch: [27][90/114]	Time 0.102 (0.111)	Data 0.014 (0.020)	Loss 0.0171 (0.0204)	MAE 0.103 (0.108)
Epoch: [27][91/114]	Time 0.115 (0.111)	Data 0.023 (0.020)	Loss 0.0200 (0.0204)	MAE 0.121 (0.108)
Epoch: [27][92/114]	Time 0.105 (0.111)	Data 0.014 (0.020)	Loss 0.0131 (0.0203)	MAE 0.095 (0.108)
Epoch: [27][93/114]	Time 0.115 (0.111)	Data 0.023 (0.020)	Loss 0.0259 (0.0204)	MAE 0.144 (0.108)
Epoch: [27][94/114]	Time 0.108 (0.111)	Data 0.014 (0.020)	Loss 0.0125 (0.0203)	MAE 0.084 (0.108)
Epoch: [27][95/114]	Time 0.125 (0.111)	Data 0.035 (0.020)	Loss 0.0427 (0.0205)	MAE 0.178 (0.108)
Epoch: [27][96/114]	Time 0.103 (0.111)	Data 0.017 (0.020)	Loss 0.0110 (0.0204)	MAE 0.079 (0.108)
Epoch: [27][97/114]	Time 0.110 (0.111)	Data 0.023 (0.020)	Loss 0.0159 (0.0204)	MAE 0.093 (0.108)
Epoch: [27][98/114]	Time 0.102 (0.111)	Data 0.013 (0.020)	Loss 0.0212 (0.0204)	MAE 0.113 (0.108)
Epoch: [27][99/114]	Time 0.118 (0.111)	Data 0.021 (0.020)	Loss 0.0159 (0.0204)	MAE 0.101 (0.108)
Epoch: [27][100/114]	Time 0.107 (0.111)	Data 0.013 (0.020)	Loss 0.0153 (0.0203)	MAE 0.103 (0.108)
Epoch: [27][101/114]	Time 0.125 (0.111)	Data 0.028 (0.020)	Loss 0.0136 (0.0202)	MAE 0.086 (0.108)
Epoch: [27][102/114]	Time 0.110 (0.111)	Data 0.017 (0.020)	Loss 0.0236 (0.0203)	MAE 0.131 (0.108)
Epoch: [27][103/114]	Time 0.111 (0.111)	Data 0.019 (0.020)	Loss 0.0212 (0.0203)	MAE 0.121 (0.108)
Epoch: [27][104/114]	Time 0.104 (0.111)	Data 0.014 (0.020)	Loss 0.0108 (0.0202)	MAE 0.079 (0.108)
Epoch: [27][105/114]	Time 0.110 (0.111)	Data 0.019 (0.020)	Loss 0.0188 (0.0202)	MAE 0.101 (0.108)
Epoch: [27][106/114]	Time 0.098 (0.111)	Data 0.018 (0.020)	Loss 0.0152 (0.0201)	MAE 0.100 (0.108)
Epoch: [27][107/114]	Time 0.108 (0.111)	Data 0.020 (0.020)	Loss 0.0173 (0.0201)	MAE 0.110 (0.108)
Epoch: [27][108/114]	Time 0.115 (0.111)	Data 0.020 (0.020)	Loss 0.0146 (0.0201)	MAE 0.088 (0.107)
Epoch: [27][109/114]	Time 0.109 (0.111)	Data 0.020 (0.020)	Loss 0.0203 (0.0201)	MAE 0.121 (0.108)
Epoch: [27][110/114]	Time 0.113 (0.111)	Data 0.024 (0.020)	Loss 0.0260 (0.0201)	MAE 0.137 (0.108)
Epoch: [27][111/114]	Time 0.107 (0.111)	Data 0.019 (0.020)	Loss 0.0175 (0.0201)	MAE 0.107 (0.108)
Epoch: [27][112/114]	Time 0.112 (0.111)	Data 0.020 (0.020)	Loss 0.0272 (0.0201)	MAE 0.137 (0.108)
Epoch: [27][113/114]	Time 0.092 (0.111)	Data 0.030 (0.020)	Loss 0.0128 (0.0201)	MAE 0.086 (0.108)
Test: [0/15]	Time 0.062 (0.062)	Loss 0.0209 (0.0209)	MAE 0.118 (0.118)
Test: [1/15]	Time 0.052 (0.057)	Loss 0.0242 (0.0225)	MAE 0.118 (0.118)
Test: [2/15]	Time 0.052 (0.055)	Loss 0.0221 (0.0224)	MAE 0.119 (0.118)
Test: [3/15]	Time 0.052 (0.055)	Loss 0.0236 (0.0227)	MAE 0.116 (0.118)
Test: [4/15]	Time 0.046 (0.053)	Loss 0.0202 (0.0222)	MAE 0.114 (0.117)
Test: [5/15]	Time 0.045 (0.051)	Loss 0.0180 (0.0215)	MAE 0.107 (0.115)
Test: [6/15]	Time 0.047 (0.051)	Loss 0.0238 (0.0218)	MAE 0.122 (0.116)
Test: [7/15]	Time 0.046 (0.050)	Loss 0.0285 (0.0227)	MAE 0.118 (0.117)
Test: [8/15]	Time 0.045 (0.050)	Loss 0.0305 (0.0235)	MAE 0.132 (0.118)
Test: [9/15]	Time 0.038 (0.048)	Loss 0.0385 (0.0250)	MAE 0.129 (0.119)
Test: [10/15]	Time 0.045 (0.048)	Loss 0.0216 (0.0247)	MAE 0.111 (0.119)
Test: [11/15]	Time 0.047 (0.048)	Loss 0.0189 (0.0242)	MAE 0.109 (0.118)
Test: [12/15]	Time 0.048 (0.048)	Loss 0.0178 (0.0237)	MAE 0.107 (0.117)
Test: [13/15]	Time 0.053 (0.048)	Loss 0.0254 (0.0238)	MAE 0.120 (0.117)
Test: [14/15]	Time 0.022 (0.047)	Loss 0.0235 (0.0238)	MAE 0.124 (0.117)
 * MAE 0.117
Epoch: [28][0/114]	Time 0.157 (0.157)	Data 0.064 (0.064)	Loss 0.0150 (0.0150)	MAE 0.087 (0.087)
Epoch: [28][1/114]	Time 0.104 (0.131)	Data 0.015 (0.040)	Loss 0.0124 (0.0137)	MAE 0.084 (0.085)
Epoch: [28][2/114]	Time 0.117 (0.126)	Data 0.025 (0.035)	Loss 0.0140 (0.0138)	MAE 0.096 (0.089)
Epoch: [28][3/114]	Time 0.109 (0.122)	Data 0.016 (0.030)	Loss 0.0301 (0.0179)	MAE 0.149 (0.104)
Epoch: [28][4/114]	Time 0.118 (0.121)	Data 0.024 (0.029)	Loss 0.0166 (0.0176)	MAE 0.097 (0.103)
Epoch: [28][5/114]	Time 0.104 (0.118)	Data 0.016 (0.027)	Loss 0.0204 (0.0181)	MAE 0.121 (0.106)
Epoch: [28][6/114]	Time 0.109 (0.117)	Data 0.023 (0.026)	Loss 0.0172 (0.0180)	MAE 0.103 (0.105)
Epoch: [28][7/114]	Time 0.104 (0.115)	Data 0.014 (0.025)	Loss 0.0151 (0.0176)	MAE 0.094 (0.104)
Epoch: [28][8/114]	Time 0.106 (0.114)	Data 0.017 (0.024)	Loss 0.0159 (0.0174)	MAE 0.110 (0.104)
Epoch: [28][9/114]	Time 0.106 (0.113)	Data 0.018 (0.023)	Loss 0.0177 (0.0174)	MAE 0.101 (0.104)
Epoch: [28][10/114]	Time 0.122 (0.114)	Data 0.022 (0.023)	Loss 0.0188 (0.0176)	MAE 0.109 (0.105)
Epoch: [28][11/114]	Time 0.103 (0.113)	Data 0.014 (0.022)	Loss 0.0153 (0.0174)	MAE 0.105 (0.105)
Epoch: [28][12/114]	Time 0.119 (0.114)	Data 0.025 (0.023)	Loss 0.0088 (0.0167)	MAE 0.074 (0.102)
Epoch: [28][13/114]	Time 0.112 (0.114)	Data 0.022 (0.023)	Loss 0.0209 (0.0170)	MAE 0.101 (0.102)
Epoch: [28][14/114]	Time 0.119 (0.114)	Data 0.025 (0.023)	Loss 0.0160 (0.0169)	MAE 0.095 (0.102)
Epoch: [28][15/114]	Time 0.114 (0.114)	Data 0.015 (0.022)	Loss 0.0151 (0.0168)	MAE 0.089 (0.101)
Epoch: [28][16/114]	Time 0.111 (0.114)	Data 0.023 (0.022)	Loss 0.0182 (0.0169)	MAE 0.111 (0.102)
Epoch: [28][17/114]	Time 0.103 (0.113)	Data 0.013 (0.022)	Loss 0.0136 (0.0167)	MAE 0.096 (0.101)
Epoch: [28][18/114]	Time 0.115 (0.113)	Data 0.022 (0.022)	Loss 0.0109 (0.0164)	MAE 0.083 (0.100)
Epoch: [28][19/114]	Time 0.108 (0.113)	Data 0.014 (0.021)	Loss 0.0149 (0.0163)	MAE 0.085 (0.099)
Epoch: [28][20/114]	Time 0.123 (0.114)	Data 0.024 (0.022)	Loss 0.0302 (0.0170)	MAE 0.094 (0.099)
Epoch: [28][21/114]	Time 0.105 (0.113)	Data 0.016 (0.021)	Loss 0.0304 (0.0176)	MAE 0.148 (0.101)
Epoch: [28][22/114]	Time 0.107 (0.113)	Data 0.021 (0.021)	Loss 0.0174 (0.0176)	MAE 0.108 (0.102)
Epoch: [28][23/114]	Time 0.109 (0.113)	Data 0.014 (0.021)	Loss 0.0168 (0.0176)	MAE 0.105 (0.102)
Epoch: [28][24/114]	Time 0.119 (0.113)	Data 0.026 (0.021)	Loss 0.0142 (0.0174)	MAE 0.095 (0.102)
Epoch: [28][25/114]	Time 0.111 (0.113)	Data 0.019 (0.021)	Loss 0.0089 (0.0171)	MAE 0.072 (0.100)
Epoch: [28][26/114]	Time 0.110 (0.113)	Data 0.024 (0.021)	Loss 0.0195 (0.0172)	MAE 0.107 (0.101)
Epoch: [28][27/114]	Time 0.110 (0.113)	Data 0.019 (0.021)	Loss 0.0087 (0.0169)	MAE 0.072 (0.100)
Epoch: [28][28/114]	Time 0.108 (0.113)	Data 0.019 (0.021)	Loss 0.0109 (0.0167)	MAE 0.084 (0.099)
Epoch: [28][29/114]	Time 0.114 (0.113)	Data 0.019 (0.021)	Loss 0.0098 (0.0165)	MAE 0.075 (0.098)
Epoch: [28][30/114]	Time 0.110 (0.113)	Data 0.021 (0.021)	Loss 0.0119 (0.0163)	MAE 0.080 (0.098)
Epoch: [28][31/114]	Time 0.117 (0.113)	Data 0.021 (0.021)	Loss 0.0132 (0.0162)	MAE 0.093 (0.098)
Epoch: [28][32/114]	Time 0.107 (0.113)	Data 0.018 (0.021)	Loss 0.0089 (0.0160)	MAE 0.078 (0.097)
Epoch: [28][33/114]	Time 0.110 (0.112)	Data 0.018 (0.021)	Loss 0.0104 (0.0158)	MAE 0.080 (0.097)
Epoch: [28][34/114]	Time 0.120 (0.113)	Data 0.033 (0.021)	Loss 0.0115 (0.0157)	MAE 0.088 (0.096)
Epoch: [28][35/114]	Time 0.111 (0.113)	Data 0.020 (0.021)	Loss 0.0135 (0.0156)	MAE 0.089 (0.096)
Epoch: [28][36/114]	Time 0.113 (0.113)	Data 0.024 (0.021)	Loss 0.0206 (0.0158)	MAE 0.097 (0.096)
Epoch: [28][37/114]	Time 0.110 (0.113)	Data 0.021 (0.021)	Loss 0.0098 (0.0156)	MAE 0.074 (0.096)
Epoch: [28][38/114]	Time 0.113 (0.113)	Data 0.023 (0.021)	Loss 0.0154 (0.0156)	MAE 0.100 (0.096)
Epoch: [28][39/114]	Time 0.120 (0.113)	Data 0.027 (0.021)	Loss 0.0111 (0.0155)	MAE 0.083 (0.095)
Epoch: [28][40/114]	Time 0.115 (0.113)	Data 0.025 (0.022)	Loss 0.0211 (0.0156)	MAE 0.126 (0.096)
Epoch: [28][41/114]	Time 0.109 (0.113)	Data 0.020 (0.021)	Loss 0.0107 (0.0155)	MAE 0.078 (0.096)
Epoch: [28][42/114]	Time 0.106 (0.113)	Data 0.021 (0.021)	Loss 0.0114 (0.0154)	MAE 0.082 (0.095)
Epoch: [28][43/114]	Time 0.112 (0.113)	Data 0.017 (0.021)	Loss 0.0135 (0.0154)	MAE 0.089 (0.095)
Epoch: [28][44/114]	Time 0.108 (0.112)	Data 0.020 (0.021)	Loss 0.0106 (0.0153)	MAE 0.083 (0.095)
Epoch: [28][45/114]	Time 0.107 (0.112)	Data 0.020 (0.021)	Loss 0.0092 (0.0151)	MAE 0.076 (0.094)
Epoch: [28][46/114]	Time 0.108 (0.112)	Data 0.020 (0.021)	Loss 0.0111 (0.0151)	MAE 0.077 (0.094)
Epoch: [28][47/114]	Time 0.127 (0.113)	Data 0.014 (0.021)	Loss 0.0166 (0.0151)	MAE 0.097 (0.094)
Epoch: [28][48/114]	Time 0.111 (0.113)	Data 0.023 (0.021)	Loss 0.0090 (0.0150)	MAE 0.073 (0.094)
Epoch: [28][49/114]	Time 0.103 (0.112)	Data 0.013 (0.021)	Loss 0.0122 (0.0149)	MAE 0.082 (0.093)
Epoch: [28][50/114]	Time 0.112 (0.112)	Data 0.023 (0.021)	Loss 0.0173 (0.0150)	MAE 0.097 (0.094)
Epoch: [28][51/114]	Time 0.109 (0.112)	Data 0.021 (0.021)	Loss 0.0150 (0.0150)	MAE 0.096 (0.094)
Epoch: [28][52/114]	Time 0.114 (0.112)	Data 0.022 (0.021)	Loss 0.0165 (0.0150)	MAE 0.109 (0.094)
Epoch: [28][53/114]	Time 0.114 (0.112)	Data 0.022 (0.021)	Loss 0.0160 (0.0150)	MAE 0.106 (0.094)
Epoch: [28][54/114]	Time 0.114 (0.112)	Data 0.024 (0.021)	Loss 0.0202 (0.0151)	MAE 0.100 (0.094)
Epoch: [28][55/114]	Time 0.112 (0.112)	Data 0.016 (0.021)	Loss 0.0196 (0.0152)	MAE 0.110 (0.095)
Epoch: [28][56/114]	Time 0.111 (0.112)	Data 0.022 (0.021)	Loss 0.0355 (0.0155)	MAE 0.155 (0.096)
Epoch: [28][57/114]	Time 0.117 (0.112)	Data 0.023 (0.021)	Loss 0.0226 (0.0157)	MAE 0.128 (0.096)
Epoch: [28][58/114]	Time 0.115 (0.112)	Data 0.021 (0.021)	Loss 0.0108 (0.0156)	MAE 0.081 (0.096)
Epoch: [28][59/114]	Time 0.110 (0.112)	Data 0.018 (0.021)	Loss 0.0255 (0.0157)	MAE 0.102 (0.096)
Epoch: [28][60/114]	Time 0.112 (0.112)	Data 0.019 (0.021)	Loss 0.0223 (0.0158)	MAE 0.123 (0.096)
Epoch: [28][61/114]	Time 0.106 (0.112)	Data 0.014 (0.021)	Loss 0.0134 (0.0158)	MAE 0.097 (0.096)
Epoch: [28][62/114]	Time 0.113 (0.112)	Data 0.016 (0.021)	Loss 0.0253 (0.0160)	MAE 0.140 (0.097)
Epoch: [28][63/114]	Time 0.106 (0.112)	Data 0.013 (0.021)	Loss 0.0165 (0.0160)	MAE 0.107 (0.097)
Epoch: [28][64/114]	Time 0.123 (0.112)	Data 0.030 (0.021)	Loss 0.0116 (0.0159)	MAE 0.079 (0.097)
Epoch: [28][65/114]	Time 0.105 (0.112)	Data 0.017 (0.021)	Loss 0.0165 (0.0159)	MAE 0.097 (0.097)
Epoch: [28][66/114]	Time 0.110 (0.112)	Data 0.020 (0.021)	Loss 0.0125 (0.0159)	MAE 0.089 (0.097)
Epoch: [28][67/114]	Time 0.111 (0.112)	Data 0.019 (0.021)	Loss 0.0953 (0.0170)	MAE 0.152 (0.098)
Epoch: [28][68/114]	Time 0.112 (0.112)	Data 0.024 (0.021)	Loss 0.0354 (0.0173)	MAE 0.156 (0.099)
Epoch: [28][69/114]	Time 0.113 (0.112)	Data 0.023 (0.021)	Loss 0.0144 (0.0173)	MAE 0.093 (0.098)
Epoch: [28][70/114]	Time 0.111 (0.112)	Data 0.019 (0.021)	Loss 0.0137 (0.0172)	MAE 0.084 (0.098)
Epoch: [28][71/114]	Time 0.112 (0.112)	Data 0.015 (0.021)	Loss 0.0739 (0.0180)	MAE 0.090 (0.098)
Epoch: [28][72/114]	Time 0.114 (0.112)	Data 0.022 (0.021)	Loss 0.0222 (0.0180)	MAE 0.127 (0.099)
Epoch: [28][73/114]	Time 0.121 (0.112)	Data 0.024 (0.021)	Loss 0.0171 (0.0180)	MAE 0.104 (0.099)
Epoch: [28][74/114]	Time 0.117 (0.112)	Data 0.029 (0.021)	Loss 0.0246 (0.0181)	MAE 0.130 (0.099)
Epoch: [28][75/114]	Time 0.112 (0.112)	Data 0.023 (0.021)	Loss 0.0241 (0.0182)	MAE 0.127 (0.099)
Epoch: [28][76/114]	Time 0.113 (0.112)	Data 0.022 (0.021)	Loss 0.0224 (0.0183)	MAE 0.114 (0.100)
Epoch: [28][77/114]	Time 0.103 (0.112)	Data 0.018 (0.021)	Loss 0.0140 (0.0182)	MAE 0.086 (0.099)
Epoch: [28][78/114]	Time 0.111 (0.112)	Data 0.022 (0.021)	Loss 0.0191 (0.0182)	MAE 0.105 (0.099)
Epoch: [28][79/114]	Time 0.122 (0.112)	Data 0.031 (0.021)	Loss 0.0115 (0.0181)	MAE 0.092 (0.099)
Epoch: [28][80/114]	Time 0.104 (0.112)	Data 0.015 (0.021)	Loss 0.0105 (0.0180)	MAE 0.082 (0.099)
Epoch: [28][81/114]	Time 0.112 (0.112)	Data 0.017 (0.021)	Loss 0.0188 (0.0180)	MAE 0.108 (0.099)
Epoch: [28][82/114]	Time 0.117 (0.112)	Data 0.017 (0.021)	Loss 0.0199 (0.0181)	MAE 0.099 (0.099)
Epoch: [28][83/114]	Time 0.122 (0.112)	Data 0.026 (0.021)	Loss 0.0099 (0.0180)	MAE 0.076 (0.099)
Epoch: [28][84/114]	Time 0.117 (0.113)	Data 0.017 (0.021)	Loss 0.0219 (0.0180)	MAE 0.127 (0.099)
Epoch: [28][85/114]	Time 0.114 (0.113)	Data 0.021 (0.021)	Loss 0.0127 (0.0180)	MAE 0.083 (0.099)
Epoch: [28][86/114]	Time 0.114 (0.113)	Data 0.017 (0.021)	Loss 0.0150 (0.0179)	MAE 0.086 (0.099)
Epoch: [28][87/114]	Time 0.114 (0.113)	Data 0.023 (0.021)	Loss 0.0177 (0.0179)	MAE 0.115 (0.099)
Epoch: [28][88/114]	Time 0.117 (0.113)	Data 0.021 (0.021)	Loss 0.0111 (0.0178)	MAE 0.077 (0.099)
Epoch: [28][89/114]	Time 0.113 (0.113)	Data 0.020 (0.021)	Loss 0.0177 (0.0178)	MAE 0.101 (0.099)
Epoch: [28][90/114]	Time 0.109 (0.113)	Data 0.015 (0.021)	Loss 0.0130 (0.0178)	MAE 0.087 (0.099)
Epoch: [28][91/114]	Time 0.113 (0.113)	Data 0.018 (0.021)	Loss 0.0130 (0.0177)	MAE 0.093 (0.099)
Epoch: [28][92/114]	Time 0.118 (0.113)	Data 0.021 (0.021)	Loss 0.0242 (0.0178)	MAE 0.139 (0.099)
Epoch: [28][93/114]	Time 0.118 (0.113)	Data 0.025 (0.021)	Loss 0.0103 (0.0177)	MAE 0.079 (0.099)
Epoch: [28][94/114]	Time 0.116 (0.113)	Data 0.018 (0.021)	Loss 0.0111 (0.0177)	MAE 0.073 (0.099)
Epoch: [28][95/114]	Time 0.116 (0.113)	Data 0.022 (0.021)	Loss 0.0110 (0.0176)	MAE 0.080 (0.099)
Epoch: [28][96/114]	Time 0.100 (0.113)	Data 0.015 (0.021)	Loss 0.0170 (0.0176)	MAE 0.094 (0.098)
Epoch: [28][97/114]	Time 0.120 (0.113)	Data 0.023 (0.021)	Loss 0.0148 (0.0175)	MAE 0.094 (0.098)
Epoch: [28][98/114]	Time 0.116 (0.113)	Data 0.019 (0.021)	Loss 0.0207 (0.0176)	MAE 0.118 (0.099)
Epoch: [28][99/114]	Time 0.120 (0.113)	Data 0.021 (0.021)	Loss 0.0136 (0.0175)	MAE 0.085 (0.098)
Epoch: [28][100/114]	Time 0.119 (0.113)	Data 0.018 (0.021)	Loss 0.0178 (0.0175)	MAE 0.103 (0.099)
Epoch: [28][101/114]	Time 0.121 (0.113)	Data 0.023 (0.021)	Loss 0.0118 (0.0175)	MAE 0.080 (0.098)
Epoch: [28][102/114]	Time 0.121 (0.113)	Data 0.023 (0.021)	Loss 0.0119 (0.0174)	MAE 0.077 (0.098)
Epoch: [28][103/114]	Time 0.114 (0.113)	Data 0.017 (0.021)	Loss 0.0112 (0.0174)	MAE 0.082 (0.098)
Epoch: [28][104/114]	Time 0.115 (0.113)	Data 0.018 (0.021)	Loss 0.0078 (0.0173)	MAE 0.070 (0.098)
Epoch: [28][105/114]	Time 0.115 (0.113)	Data 0.019 (0.021)	Loss 0.0131 (0.0172)	MAE 0.095 (0.098)
Epoch: [28][106/114]	Time 0.109 (0.113)	Data 0.018 (0.021)	Loss 0.0364 (0.0174)	MAE 0.158 (0.098)
Epoch: [28][107/114]	Time 0.122 (0.113)	Data 0.020 (0.021)	Loss 0.0117 (0.0174)	MAE 0.086 (0.098)
Epoch: [28][108/114]	Time 0.119 (0.113)	Data 0.022 (0.021)	Loss 0.0134 (0.0173)	MAE 0.083 (0.098)
Epoch: [28][109/114]	Time 0.115 (0.113)	Data 0.019 (0.021)	Loss 0.0157 (0.0173)	MAE 0.095 (0.098)
Epoch: [28][110/114]	Time 0.109 (0.113)	Data 0.018 (0.021)	Loss 0.0159 (0.0173)	MAE 0.098 (0.098)
Epoch: [28][111/114]	Time 0.136 (0.113)	Data 0.033 (0.021)	Loss 0.0111 (0.0172)	MAE 0.080 (0.098)
Epoch: [28][112/114]	Time 0.130 (0.114)	Data 0.033 (0.021)	Loss 0.0149 (0.0172)	MAE 0.097 (0.098)
Epoch: [28][113/114]	Time 0.102 (0.113)	Data 0.036 (0.021)	Loss 0.0358 (0.0173)	MAE 0.172 (0.098)
Test: [0/15]	Time 0.055 (0.055)	Loss 0.0291 (0.0291)	MAE 0.143 (0.143)
Test: [1/15]	Time 0.075 (0.065)	Loss 0.0263 (0.0277)	MAE 0.138 (0.141)
Test: [2/15]	Time 0.063 (0.065)	Loss 0.0237 (0.0264)	MAE 0.129 (0.137)
Test: [3/15]	Time 0.048 (0.060)	Loss 0.0308 (0.0275)	MAE 0.140 (0.138)
Test: [4/15]	Time 0.046 (0.058)	Loss 0.0267 (0.0273)	MAE 0.141 (0.138)
Test: [5/15]	Time 0.046 (0.056)	Loss 0.0260 (0.0271)	MAE 0.137 (0.138)
Test: [6/15]	Time 0.049 (0.055)	Loss 0.0313 (0.0277)	MAE 0.140 (0.138)
Test: [7/15]	Time 0.061 (0.055)	Loss 0.0267 (0.0276)	MAE 0.139 (0.138)
Test: [8/15]	Time 0.051 (0.055)	Loss 0.0252 (0.0273)	MAE 0.130 (0.137)
Test: [9/15]	Time 0.043 (0.054)	Loss 0.0257 (0.0271)	MAE 0.140 (0.138)
Test: [10/15]	Time 0.046 (0.053)	Loss 0.0253 (0.0270)	MAE 0.133 (0.137)
Test: [11/15]	Time 0.050 (0.053)	Loss 0.0302 (0.0272)	MAE 0.141 (0.137)
Test: [12/15]	Time 0.046 (0.052)	Loss 0.0261 (0.0271)	MAE 0.133 (0.137)
Test: [13/15]	Time 0.049 (0.052)	Loss 0.0257 (0.0270)	MAE 0.137 (0.137)
Test: [14/15]	Time 0.024 (0.050)	Loss 0.0232 (0.0270)	MAE 0.134 (0.137)
 * MAE 0.137
Epoch: [29][0/114]	Time 0.157 (0.157)	Data 0.063 (0.063)	Loss 0.0131 (0.0131)	MAE 0.096 (0.096)
Epoch: [29][1/114]	Time 0.120 (0.139)	Data 0.026 (0.045)	Loss 0.0149 (0.0140)	MAE 0.100 (0.098)
Epoch: [29][2/114]	Time 0.113 (0.130)	Data 0.019 (0.036)	Loss 0.0390 (0.0223)	MAE 0.108 (0.101)
Epoch: [29][3/114]	Time 0.108 (0.124)	Data 0.017 (0.031)	Loss 0.0127 (0.0199)	MAE 0.095 (0.100)
Epoch: [29][4/114]	Time 0.107 (0.121)	Data 0.017 (0.028)	Loss 0.0189 (0.0197)	MAE 0.113 (0.102)
Epoch: [29][5/114]	Time 0.108 (0.119)	Data 0.021 (0.027)	Loss 0.0169 (0.0192)	MAE 0.106 (0.103)
Epoch: [29][6/114]	Time 0.108 (0.117)	Data 0.015 (0.025)	Loss 0.0191 (0.0192)	MAE 0.119 (0.105)
Epoch: [29][7/114]	Time 0.107 (0.116)	Data 0.021 (0.025)	Loss 0.0101 (0.0181)	MAE 0.078 (0.102)
Epoch: [29][8/114]	Time 0.102 (0.114)	Data 0.014 (0.024)	Loss 0.0145 (0.0177)	MAE 0.096 (0.101)
Epoch: [29][9/114]	Time 0.112 (0.114)	Data 0.019 (0.023)	Loss 0.0154 (0.0175)	MAE 0.096 (0.101)
Epoch: [29][10/114]	Time 0.124 (0.115)	Data 0.030 (0.024)	Loss 0.0100 (0.0168)	MAE 0.080 (0.099)
Epoch: [29][11/114]	Time 0.112 (0.115)	Data 0.021 (0.024)	Loss 0.0133 (0.0165)	MAE 0.098 (0.099)
Epoch: [29][12/114]	Time 0.108 (0.114)	Data 0.023 (0.024)	Loss 0.0157 (0.0164)	MAE 0.104 (0.099)
Epoch: [29][13/114]	Time 0.111 (0.114)	Data 0.024 (0.024)	Loss 0.0164 (0.0164)	MAE 0.095 (0.099)
Epoch: [29][14/114]	Time 0.109 (0.114)	Data 0.021 (0.023)	Loss 0.0102 (0.0160)	MAE 0.075 (0.097)
Epoch: [29][15/114]	Time 0.120 (0.114)	Data 0.023 (0.023)	Loss 0.0139 (0.0159)	MAE 0.094 (0.097)
Epoch: [29][16/114]	Time 0.116 (0.114)	Data 0.026 (0.024)	Loss 0.0111 (0.0156)	MAE 0.079 (0.096)
Epoch: [29][17/114]	Time 0.108 (0.114)	Data 0.020 (0.023)	Loss 0.0138 (0.0155)	MAE 0.086 (0.095)
Epoch: [29][18/114]	Time 0.101 (0.113)	Data 0.017 (0.023)	Loss 0.0193 (0.0157)	MAE 0.112 (0.096)
Epoch: [29][19/114]	Time 0.114 (0.113)	Data 0.024 (0.023)	Loss 0.0124 (0.0155)	MAE 0.091 (0.096)
Epoch: [29][20/114]	Time 0.122 (0.114)	Data 0.029 (0.023)	Loss 0.0136 (0.0155)	MAE 0.092 (0.096)
Epoch: [29][21/114]	Time 0.114 (0.114)	Data 0.023 (0.023)	Loss 0.0109 (0.0152)	MAE 0.078 (0.095)
Epoch: [29][22/114]	Time 0.101 (0.113)	Data 0.010 (0.023)	Loss 0.0112 (0.0151)	MAE 0.082 (0.094)
Epoch: [29][23/114]	Time 0.107 (0.113)	Data 0.019 (0.023)	Loss 0.0255 (0.0155)	MAE 0.108 (0.095)
Epoch: [29][24/114]	Time 0.106 (0.113)	Data 0.019 (0.022)	Loss 0.0108 (0.0153)	MAE 0.084 (0.095)
Epoch: [29][25/114]	Time 0.113 (0.113)	Data 0.022 (0.022)	Loss 0.0185 (0.0154)	MAE 0.108 (0.095)
Epoch: [29][26/114]	Time 0.106 (0.112)	Data 0.019 (0.022)	Loss 0.0117 (0.0153)	MAE 0.082 (0.095)
Epoch: [29][27/114]	Time 0.112 (0.112)	Data 0.023 (0.022)	Loss 0.0100 (0.0151)	MAE 0.075 (0.094)
Epoch: [29][28/114]	Time 0.111 (0.112)	Data 0.021 (0.022)	Loss 0.0170 (0.0152)	MAE 0.113 (0.095)
Epoch: [29][29/114]	Time 0.111 (0.112)	Data 0.022 (0.022)	Loss 0.0228 (0.0154)	MAE 0.135 (0.096)
Epoch: [29][30/114]	Time 0.114 (0.112)	Data 0.022 (0.022)	Loss 0.0168 (0.0155)	MAE 0.102 (0.096)
Epoch: [29][31/114]	Time 0.111 (0.112)	Data 0.019 (0.022)	Loss 0.0153 (0.0155)	MAE 0.096 (0.096)
Epoch: [29][32/114]	Time 0.104 (0.112)	Data 0.016 (0.022)	Loss 0.0231 (0.0157)	MAE 0.131 (0.097)
Epoch: [29][33/114]	Time 0.109 (0.112)	Data 0.021 (0.022)	Loss 0.0157 (0.0157)	MAE 0.096 (0.097)
Epoch: [29][34/114]	Time 0.107 (0.112)	Data 0.020 (0.022)	Loss 0.0140 (0.0157)	MAE 0.088 (0.097)
Epoch: [29][35/114]	Time 0.113 (0.112)	Data 0.026 (0.022)	Loss 0.0246 (0.0159)	MAE 0.126 (0.098)
Epoch: [29][36/114]	Time 0.116 (0.112)	Data 0.023 (0.022)	Loss 0.0149 (0.0159)	MAE 0.091 (0.097)
Epoch: [29][37/114]	Time 0.109 (0.112)	Data 0.021 (0.022)	Loss 0.0312 (0.0163)	MAE 0.161 (0.099)
Epoch: [29][38/114]	Time 0.108 (0.112)	Data 0.020 (0.022)	Loss 0.0193 (0.0164)	MAE 0.115 (0.100)
Epoch: [29][39/114]	Time 0.118 (0.112)	Data 0.023 (0.022)	Loss 0.0111 (0.0162)	MAE 0.082 (0.099)
Epoch: [29][40/114]	Time 0.111 (0.112)	Data 0.017 (0.022)	Loss 0.0783 (0.0177)	MAE 0.095 (0.099)
Epoch: [29][41/114]	Time 0.118 (0.112)	Data 0.025 (0.022)	Loss 0.0165 (0.0177)	MAE 0.099 (0.099)
Epoch: [29][42/114]	Time 0.104 (0.112)	Data 0.014 (0.022)	Loss 0.0094 (0.0175)	MAE 0.075 (0.098)
Epoch: [29][43/114]	Time 0.108 (0.112)	Data 0.018 (0.022)	Loss 0.0114 (0.0174)	MAE 0.084 (0.098)
Epoch: [29][44/114]	Time 0.106 (0.112)	Data 0.018 (0.022)	Loss 0.0167 (0.0174)	MAE 0.092 (0.098)
Epoch: [29][45/114]	Time 0.115 (0.112)	Data 0.022 (0.022)	Loss 0.0113 (0.0172)	MAE 0.083 (0.098)
Epoch: [29][46/114]	Time 0.101 (0.112)	Data 0.015 (0.021)	Loss 0.0129 (0.0171)	MAE 0.090 (0.098)
Epoch: [29][47/114]	Time 0.115 (0.112)	Data 0.021 (0.021)	Loss 0.0111 (0.0170)	MAE 0.084 (0.097)
Epoch: [29][48/114]	Time 0.104 (0.111)	Data 0.017 (0.021)	Loss 0.0103 (0.0169)	MAE 0.072 (0.097)
Epoch: [29][49/114]	Time 0.115 (0.111)	Data 0.022 (0.021)	Loss 0.0145 (0.0168)	MAE 0.096 (0.097)
Epoch: [29][50/114]	Time 0.124 (0.112)	Data 0.031 (0.022)	Loss 0.0137 (0.0168)	MAE 0.086 (0.097)
Epoch: [29][51/114]	Time 0.110 (0.112)	Data 0.020 (0.022)	Loss 0.0111 (0.0167)	MAE 0.078 (0.096)
Epoch: [29][52/114]	Time 0.109 (0.112)	Data 0.022 (0.022)	Loss 0.0119 (0.0166)	MAE 0.088 (0.096)
Epoch: [29][53/114]	Time 0.106 (0.112)	Data 0.021 (0.022)	Loss 0.0105 (0.0165)	MAE 0.082 (0.096)
Epoch: [29][54/114]	Time 0.106 (0.111)	Data 0.014 (0.021)	Loss 0.0224 (0.0166)	MAE 0.132 (0.096)
Epoch: [29][55/114]	Time 0.112 (0.111)	Data 0.020 (0.021)	Loss 0.0114 (0.0165)	MAE 0.084 (0.096)
Epoch: [29][56/114]	Time 0.108 (0.111)	Data 0.017 (0.021)	Loss 0.0114 (0.0164)	MAE 0.086 (0.096)
Epoch: [29][57/114]	Time 0.104 (0.111)	Data 0.018 (0.021)	Loss 0.0148 (0.0163)	MAE 0.080 (0.096)
Epoch: [29][58/114]	Time 0.103 (0.111)	Data 0.013 (0.021)	Loss 0.0120 (0.0163)	MAE 0.081 (0.096)
Epoch: [29][59/114]	Time 0.116 (0.111)	Data 0.022 (0.021)	Loss 0.0105 (0.0162)	MAE 0.082 (0.095)
Epoch: [29][60/114]	Time 0.113 (0.111)	Data 0.022 (0.021)	Loss 0.0109 (0.0161)	MAE 0.086 (0.095)
Epoch: [29][61/114]	Time 0.120 (0.111)	Data 0.023 (0.021)	Loss 0.0100 (0.0160)	MAE 0.077 (0.095)
Epoch: [29][62/114]	Time 0.110 (0.111)	Data 0.022 (0.021)	Loss 0.0104 (0.0159)	MAE 0.071 (0.094)
Epoch: [29][63/114]	Time 0.109 (0.111)	Data 0.022 (0.021)	Loss 0.0131 (0.0159)	MAE 0.090 (0.094)
Epoch: [29][64/114]	Time 0.102 (0.111)	Data 0.012 (0.021)	Loss 0.0122 (0.0158)	MAE 0.079 (0.094)
Epoch: [29][65/114]	Time 0.107 (0.111)	Data 0.020 (0.021)	Loss 0.0324 (0.0161)	MAE 0.161 (0.095)
Epoch: [29][66/114]	Time 0.106 (0.111)	Data 0.018 (0.021)	Loss 0.0181 (0.0161)	MAE 0.098 (0.095)
Epoch: [29][67/114]	Time 0.105 (0.111)	Data 0.020 (0.021)	Loss 0.0179 (0.0161)	MAE 0.109 (0.095)
Epoch: [29][68/114]	Time 0.108 (0.111)	Data 0.014 (0.021)	Loss 0.0192 (0.0162)	MAE 0.119 (0.096)
Epoch: [29][69/114]	Time 0.105 (0.111)	Data 0.017 (0.021)	Loss 0.0452 (0.0166)	MAE 0.190 (0.097)
Epoch: [29][70/114]	Time 0.113 (0.111)	Data 0.022 (0.021)	Loss 0.0789 (0.0175)	MAE 0.119 (0.097)
Epoch: [29][71/114]	Time 0.112 (0.111)	Data 0.021 (0.021)	Loss 0.0213 (0.0175)	MAE 0.123 (0.098)
Epoch: [29][72/114]	Time 0.103 (0.111)	Data 0.016 (0.021)	Loss 0.0172 (0.0175)	MAE 0.084 (0.098)
Epoch: [29][73/114]	Time 0.113 (0.111)	Data 0.024 (0.021)	Loss 0.0206 (0.0175)	MAE 0.118 (0.098)
Epoch: [29][74/114]	Time 0.110 (0.111)	Data 0.019 (0.021)	Loss 0.0116 (0.0175)	MAE 0.081 (0.098)
Epoch: [29][75/114]	Time 0.115 (0.111)	Data 0.021 (0.021)	Loss 0.0131 (0.0174)	MAE 0.084 (0.097)
Epoch: [29][76/114]	Time 0.118 (0.111)	Data 0.027 (0.021)	Loss 0.0167 (0.0174)	MAE 0.105 (0.098)
Epoch: [29][77/114]	Time 0.111 (0.111)	Data 0.022 (0.021)	Loss 0.0251 (0.0175)	MAE 0.135 (0.098)
Epoch: [29][78/114]	Time 0.103 (0.111)	Data 0.015 (0.021)	Loss 0.0111 (0.0174)	MAE 0.079 (0.098)
Epoch: [29][79/114]	Time 0.107 (0.111)	Data 0.018 (0.021)	Loss 0.0176 (0.0174)	MAE 0.093 (0.098)
Epoch: [29][80/114]	Time 0.118 (0.111)	Data 0.021 (0.021)	Loss 0.0104 (0.0173)	MAE 0.080 (0.097)
Epoch: [29][81/114]	Time 0.116 (0.111)	Data 0.022 (0.021)	Loss 0.0123 (0.0173)	MAE 0.084 (0.097)
Epoch: [29][82/114]	Time 0.111 (0.111)	Data 0.020 (0.021)	Loss 0.0109 (0.0172)	MAE 0.082 (0.097)
Epoch: [29][83/114]	Time 0.109 (0.111)	Data 0.021 (0.021)	Loss 0.0153 (0.0172)	MAE 0.103 (0.097)
Epoch: [29][84/114]	Time 0.110 (0.111)	Data 0.020 (0.021)	Loss 0.0140 (0.0171)	MAE 0.096 (0.097)
Epoch: [29][85/114]	Time 0.111 (0.111)	Data 0.020 (0.021)	Loss 0.0172 (0.0171)	MAE 0.109 (0.097)
Epoch: [29][86/114]	Time 0.104 (0.111)	Data 0.018 (0.021)	Loss 0.0189 (0.0172)	MAE 0.100 (0.097)
Epoch: [29][87/114]	Time 0.107 (0.111)	Data 0.017 (0.021)	Loss 0.0107 (0.0171)	MAE 0.085 (0.097)
Epoch: [29][88/114]	Time 0.100 (0.111)	Data 0.015 (0.021)	Loss 0.0225 (0.0171)	MAE 0.117 (0.097)
Epoch: [29][89/114]	Time 0.114 (0.111)	Data 0.026 (0.021)	Loss 0.0186 (0.0172)	MAE 0.102 (0.098)
Epoch: [29][90/114]	Time 0.111 (0.111)	Data 0.018 (0.021)	Loss 0.0163 (0.0171)	MAE 0.098 (0.098)
Epoch: [29][91/114]	Time 0.124 (0.111)	Data 0.028 (0.021)	Loss 0.0122 (0.0171)	MAE 0.092 (0.097)
Epoch: [29][92/114]	Time 0.098 (0.111)	Data 0.013 (0.021)	Loss 0.0114 (0.0170)	MAE 0.084 (0.097)
Epoch: [29][93/114]	Time 0.154 (0.111)	Data 0.025 (0.021)	Loss 0.0175 (0.0170)	MAE 0.110 (0.097)
Epoch: [29][94/114]	Time 0.109 (0.111)	Data 0.020 (0.021)	Loss 0.0124 (0.0170)	MAE 0.083 (0.097)
Epoch: [29][95/114]	Time 0.106 (0.111)	Data 0.016 (0.021)	Loss 0.0326 (0.0172)	MAE 0.149 (0.098)
Epoch: [29][96/114]	Time 0.111 (0.111)	Data 0.020 (0.021)	Loss 0.0267 (0.0172)	MAE 0.137 (0.098)
Epoch: [29][97/114]	Time 0.108 (0.111)	Data 0.020 (0.021)	Loss 0.0329 (0.0174)	MAE 0.168 (0.099)
Epoch: [29][98/114]	Time 0.108 (0.111)	Data 0.018 (0.021)	Loss 0.0115 (0.0173)	MAE 0.085 (0.099)
Epoch: [29][99/114]	Time 0.117 (0.111)	Data 0.020 (0.021)	Loss 0.0144 (0.0173)	MAE 0.100 (0.099)
Epoch: [29][100/114]	Time 0.110 (0.111)	Data 0.021 (0.021)	Loss 0.0233 (0.0174)	MAE 0.132 (0.099)
Epoch: [29][101/114]	Time 0.103 (0.111)	Data 0.014 (0.021)	Loss 0.0229 (0.0174)	MAE 0.115 (0.099)
Epoch: [29][102/114]	Time 0.117 (0.111)	Data 0.026 (0.021)	Loss 0.0415 (0.0177)	MAE 0.178 (0.100)
Epoch: [29][103/114]	Time 0.103 (0.111)	Data 0.012 (0.021)	Loss 0.0440 (0.0179)	MAE 0.184 (0.101)
Epoch: [29][104/114]	Time 0.105 (0.111)	Data 0.018 (0.021)	Loss 0.0111 (0.0179)	MAE 0.082 (0.101)
Epoch: [29][105/114]	Time 0.107 (0.111)	Data 0.022 (0.021)	Loss 0.0199 (0.0179)	MAE 0.118 (0.101)
Epoch: [29][106/114]	Time 0.111 (0.111)	Data 0.022 (0.021)	Loss 0.0295 (0.0180)	MAE 0.155 (0.101)
Epoch: [29][107/114]	Time 0.106 (0.111)	Data 0.020 (0.021)	Loss 0.0323 (0.0181)	MAE 0.120 (0.102)
Epoch: [29][108/114]	Time 0.107 (0.111)	Data 0.018 (0.021)	Loss 0.0170 (0.0181)	MAE 0.092 (0.101)
Epoch: [29][109/114]	Time 0.108 (0.111)	Data 0.016 (0.020)	Loss 0.0233 (0.0182)	MAE 0.131 (0.102)
Epoch: [29][110/114]	Time 0.113 (0.111)	Data 0.023 (0.020)	Loss 0.0219 (0.0182)	MAE 0.125 (0.102)
Epoch: [29][111/114]	Time 0.113 (0.111)	Data 0.023 (0.021)	Loss 0.0127 (0.0181)	MAE 0.083 (0.102)
Epoch: [29][112/114]	Time 0.116 (0.111)	Data 0.025 (0.021)	Loss 0.0224 (0.0182)	MAE 0.123 (0.102)
Epoch: [29][113/114]	Time 0.087 (0.111)	Data 0.025 (0.021)	Loss 0.0088 (0.0181)	MAE 0.074 (0.102)
Test: [0/15]	Time 0.051 (0.051)	Loss 0.0132 (0.0132)	MAE 0.086 (0.086)
Test: [1/15]	Time 0.046 (0.048)	Loss 0.0144 (0.0138)	MAE 0.086 (0.086)
Test: [2/15]	Time 0.046 (0.048)	Loss 0.0164 (0.0147)	MAE 0.085 (0.085)
Test: [3/15]	Time 0.052 (0.049)	Loss 0.0210 (0.0162)	MAE 0.091 (0.087)
Test: [4/15]	Time 0.060 (0.051)	Loss 0.0138 (0.0158)	MAE 0.088 (0.087)
Test: [5/15]	Time 0.045 (0.050)	Loss 0.0125 (0.0152)	MAE 0.081 (0.086)
Test: [6/15]	Time 0.059 (0.051)	Loss 0.0239 (0.0165)	MAE 0.097 (0.088)
Test: [7/15]	Time 0.051 (0.051)	Loss 0.0194 (0.0168)	MAE 0.097 (0.089)
Test: [8/15]	Time 0.041 (0.050)	Loss 0.0141 (0.0165)	MAE 0.085 (0.088)
Test: [9/15]	Time 0.041 (0.049)	Loss 0.0153 (0.0164)	MAE 0.092 (0.089)
Test: [10/15]	Time 0.039 (0.048)	Loss 0.0194 (0.0167)	MAE 0.098 (0.090)
Test: [11/15]	Time 0.039 (0.048)	Loss 0.0270 (0.0175)	MAE 0.105 (0.091)
Test: [12/15]	Time 0.041 (0.047)	Loss 0.0175 (0.0175)	MAE 0.090 (0.091)
Test: [13/15]	Time 0.046 (0.047)	Loss 0.0177 (0.0175)	MAE 0.092 (0.091)
Test: [14/15]	Time 0.017 (0.045)	Loss 0.0386 (0.0178)	MAE 0.123 (0.091)
 * MAE 0.091
---------Evaluate Model on Test Set---------------
Test: [0/15]	Time 0.056 (0.056)	Loss 0.0118 (0.0118)	MAE 0.076 (0.076)
Test: [1/15]	Time 0.059 (0.058)	Loss 0.0148 (0.0133)	MAE 0.084 (0.080)
Test: [2/15]	Time 0.052 (0.056)	Loss 0.0148 (0.0138)	MAE 0.078 (0.079)
Test: [3/15]	Time 0.052 (0.055)	Loss 0.0107 (0.0130)	MAE 0.073 (0.078)
Test: [4/15]	Time 0.046 (0.053)	Loss 0.0162 (0.0137)	MAE 0.088 (0.080)
Test: [5/15]	Time 0.048 (0.052)	Loss 0.0185 (0.0145)	MAE 0.083 (0.080)
Test: [6/15]	Time 0.046 (0.051)	Loss 0.0129 (0.0142)	MAE 0.083 (0.081)
Test: [7/15]	Time 0.044 (0.050)	Loss 0.0146 (0.0143)	MAE 0.090 (0.082)
Test: [8/15]	Time 0.052 (0.051)	Loss 0.0099 (0.0138)	MAE 0.076 (0.081)
Test: [9/15]	Time 0.054 (0.051)	Loss 0.0108 (0.0135)	MAE 0.068 (0.080)
Test: [10/15]	Time 0.047 (0.051)	Loss 0.0114 (0.0133)	MAE 0.077 (0.080)
Test: [11/15]	Time 0.050 (0.050)	Loss 0.0111 (0.0131)	MAE 0.076 (0.079)
Test: [12/15]	Time 0.046 (0.050)	Loss 0.0160 (0.0134)	MAE 0.082 (0.080)
Test: [13/15]	Time 0.050 (0.050)	Loss 0.0151 (0.0135)	MAE 0.080 (0.080)
Test: [14/15]	Time 0.015 (0.048)	Loss 0.0190 (0.0136)	MAE 0.097 (0.080)
 ** MAE 0.080
